ram_gb,ram_used_percent,storage_used_percent,temperature_c,battery_percent,app_ram_gb,app_storage_gb,app_gpu_intensity,app_cpu_intensity,target_fps,performance_score,predicted_fps,thermal_risk,battery_impact
12.0,64.0,74.7,28.1,69.6,4.8,22.9,0.27,0.86,60.0,82.0,55.0,LOW,MEDIUM
16.0,77.1,72.4,28.0,19.0,3.9,9.3,0.26,0.88,60.0,84.5,56.0,LOW,HIGH
12.0,74.6,31.6,35.8,33.3,2.0,20.3,0.41,0.2,60.0,90.2,57.0,LOW,MEDIUM
12.0,40.6,88.7,28.5,80.1,5.8,21.6,0.83,0.43,60.0,84.2,56.0,LOW,MEDIUM
8.0,40.4,64.2,44.1,58.5,6.1,11.7,0.91,0.8,60.0,36.4,35.0,HIGH,HIGH
8.0,47.0,50.1,31.7,93.7,3.7,15.3,0.54,0.59,60.0,81.7,55.0,LOW,MEDIUM
8.0,52.2,77.2,35.8,49.7,4.5,13.3,0.66,0.78,60.0,76.7,54.0,MEDIUM,HIGH
16.0,54.9,42.8,29.0,88.5,3.8,28.5,0.77,0.81,60.0,81.2,55.0,MEDIUM,HIGH
12.0,70.1,72.9,36.6,51.5,3.2,11.0,0.95,0.52,90.0,81.7,83.0,MEDIUM,HIGH
12.0,35.2,27.7,34.3,98.2,2.1,7.1,0.92,0.46,60.0,84.1,56.0,MEDIUM,MEDIUM
8.0,33.9,82.9,28.7,96.5,3.8,12.2,0.29,0.53,120.0,86.7,113.0,LOW,LOW
16.0,53.9,55.9,33.5,41.0,5.4,20.7,0.43,0.67,90.0,86.4,84.0,MEDIUM,HIGH
16.0,71.0,68.9,34.5,90.0,1.9,21.5,0.29,0.46,90.0,88.1,85.0,LOW,LOW
8.0,42.8,40.3,44.3,86.6,4.4,27.9,0.7,0.76,120.0,50.0,85.0,HIGH,MEDIUM
8.0,67.9,71.7,31.4,30.5,5.7,26.7,0.77,0.85,60.0,32.7,42.0,MEDIUM,HIGH
8.0,46.6,78.3,37.0,66.9,2.8,10.1,0.48,0.4,60.0,87.4,57.0,MEDIUM,MEDIUM
12.0,81.6,57.7,44.3,18.4,2.6,14.7,0.87,0.89,60.0,48.0,38.0,HIGH,HIGH
12.0,82.2,67.6,41.1,85.6,5.2,22.9,0.58,0.65,60.0,36.9,41.0,HIGH,MEDIUM
12.0,48.6,56.5,44.4,27.4,2.9,27.7,0.98,0.83,60.0,56.7,40.0,HIGH,HIGH
12.0,44.9,86.7,44.0,18.2,2.6,11.4,0.25,0.27,90.0,64.6,69.0,HIGH,MEDIUM
12.0,55.0,59.4,36.1,47.2,3.5,14.4,0.33,0.38,60.0,90.8,58.0,LOW,MEDIUM
8.0,45.5,83.1,39.5,62.8,3.5,27.2,0.47,0.43,120.0,80.9,110.0,MEDIUM,MEDIUM
12.0,69.7,80.3,29.8,87.2,5.6,12.0,0.27,0.42,90.0,59.5,74.0,LOW,LOW
12.0,78.3,53.3,35.3,97.7,4.5,15.5,0.82,0.32,90.0,55.8,72.0,MEDIUM,MEDIUM
12.0,69.7,40.9,41.3,50.7,3.6,27.3,0.29,0.83,60.0,75.7,51.0,HIGH,MEDIUM
12.0,78.2,53.0,36.3,17.3,4.2,24.5,0.8,0.5,90.0,56.8,73.0,MEDIUM,HIGH
8.0,54.2,82.0,39.6,77.9,6.0,8.8,0.29,0.89,60.0,45.1,45.0,MEDIUM,MEDIUM
12.0,40.8,40.7,40.3,61.7,2.3,11.1,0.43,0.62,60.0,82.6,55.0,HIGH,MEDIUM
12.0,73.3,61.2,32.2,51.4,2.7,11.9,0.86,0.3,90.0,80.6,82.0,MEDIUM,HIGH
8.0,52.2,80.6,42.4,39.2,6.0,27.6,0.94,0.59,60.0,35.3,38.0,HIGH,HIGH
12.0,69.6,49.4,35.6,56.2,6.0,30.0,0.55,0.92,60.0,46.9,46.0,MEDIUM,HIGH
8.0,47.2,69.3,31.5,41.8,2.6,23.7,0.96,0.61,90.0,82.3,83.0,MEDIUM,HIGH
8.0,36.5,41.9,42.3,78.6,2.4,15.6,0.71,0.2,60.0,76.2,49.0,HIGH,MEDIUM
16.0,87.6,32.5,34.9,59.9,3.7,2.3,0.55,0.87,90.0,55.6,72.0,MEDIUM,HIGH
16.0,40.7,79.8,40.4,89.2,2.0,21.5,0.84,0.37,90.0,77.0,80.0,HIGH,MEDIUM
16.0,87.4,31.8,37.0,59.8,4.7,12.9,0.47,0.7,60.0,45.2,45.0,MEDIUM,MEDIUM
12.0,86.7,43.7,34.3,33.0,2.1,19.7,0.44,0.57,90.0,76.9,81.0,LOW,HIGH
8.0,76.5,84.0,41.4,86.9,2.1,19.0,0.73,0.43,120.0,78.9,106.0,HIGH,MEDIUM
12.0,68.9,48.9,37.6,61.0,3.9,15.5,0.54,0.4,60.0,82.9,55.0,MEDIUM,MEDIUM
12.0,64.4,92.1,34.4,30.2,6.0,28.4,0.35,0.87,60.0,52.1,47.0,MEDIUM,HIGH
8.0,80.5,92.6,29.8,66.9,3.7,2.6,0.3,0.86,90.0,47.1,69.0,LOW,MEDIUM
12.0,48.2,43.5,42.8,43.5,3.4,21.9,0.83,0.57,90.0,70.2,73.0,HIGH,HIGH
8.0,58.2,27.8,28.6,86.3,6.2,13.5,0.74,0.39,90.0,38.1,65.0,LOW,MEDIUM
16.0,66.7,73.6,42.2,51.9,4.1,22.0,0.55,0.27,60.0,78.5,50.0,HIGH,MEDIUM
12.0,55.0,56.1,33.9,75.9,3.5,20.9,0.9,0.31,60.0,84.1,56.0,MEDIUM,HIGH
12.0,55.9,32.0,38.5,20.4,3.5,2.3,0.55,0.58,120.0,83.2,111.0,MEDIUM,HIGH
12.0,50.5,73.8,43.2,46.9,2.7,10.0,0.77,0.42,60.0,69.3,46.0,HIGH,HIGH
12.0,63.6,27.2,30.5,98.5,4.1,7.3,0.91,0.23,90.0,78.4,81.0,MEDIUM,MEDIUM
12.0,79.6,85.0,37.4,83.1,3.7,6.7,0.86,0.53,90.0,63.1,75.0,HIGH,HIGH
8.0,43.3,34.6,40.6,26.1,3.0,22.4,0.62,0.74,60.0,79.3,53.0,HIGH,HIGH
16.0,84.3,33.8,40.5,36.4,2.5,8.7,0.75,0.84,90.0,64.8,75.0,HIGH,HIGH
12.0,70.6,37.1,36.7,41.0,3.2,15.3,0.55,0.62,60.0,84.4,56.0,MEDIUM,HIGH
16.0,78.1,91.3,38.3,69.2,4.0,8.9,0.72,0.72,120.0,70.7,104.0,HIGH,HIGH
16.0,63.1,72.8,40.5,78.6,2.1,18.2,0.44,0.46,60.0,77.5,53.0,MEDIUM,MEDIUM
12.0,75.7,80.3,41.9,78.0,2.5,22.2,0.57,0.56,60.0,73.6,49.0,HIGH,MEDIUM
16.0,32.9,52.4,40.6,56.9,6.0,11.3,0.4,0.73,90.0,78.7,80.0,MEDIUM,MEDIUM
8.0,77.8,48.2,33.8,83.4,4.2,18.9,0.28,0.72,90.0,52.7,71.0,LOW,MEDIUM
8.0,34.2,41.2,44.4,50.5,2.1,25.1,0.68,0.51,60.0,60.6,41.0,HIGH,HIGH
8.0,81.8,58.2,35.2,22.9,4.8,4.6,0.88,0.59,60.0,30.1,41.0,MEDIUM,HIGH
12.0,87.5,63.1,28.4,61.7,2.1,21.9,0.27,0.87,60.0,81.4,55.0,LOW,MEDIUM
12.0,48.5,68.6,34.0,95.8,5.1,11.0,0.39,0.66,60.0,83.4,56.0,LOW,LOW
12.0,43.8,42.7,30.1,81.8,5.1,5.4,0.59,0.66,90.0,86.9,85.0,LOW,MEDIUM
16.0,74.9,90.5,30.0,62.9,4.7,17.3,0.74,0.76,60.0,71.7,52.0,LOW,HIGH
12.0,46.2,36.7,32.6,68.9,5.0,8.3,0.37,0.28,90.0,91.0,86.0,LOW,LOW
12.0,80.5,91.6,28.9,93.9,2.2,25.0,0.29,0.58,90.0,74.5,80.0,LOW,LOW
12.0,37.8,26.0,39.4,49.7,5.0,3.2,0.63,0.89,120.0,77.7,108.0,HIGH,HIGH
8.0,39.1,58.2,29.2,41.2,2.4,4.8,0.85,0.46,90.0,84.9,84.0,LOW,HIGH
16.0,86.8,48.0,31.4,98.0,3.3,16.6,0.28,0.41,60.0,73.8,53.0,LOW,LOW
8.0,69.7,56.0,29.5,88.0,5.9,18.5,0.51,0.63,60.0,35.0,42.0,LOW,MEDIUM
16.0,79.4,64.4,29.0,40.4,4.0,22.4,0.73,0.36,120.0,73.8,106.0,LOW,HIGH
12.0,50.2,55.1,32.4,52.8,6.1,9.3,0.35,0.6,120.0,84.6,112.0,LOW,MEDIUM
8.0,69.9,53.6,37.4,48.5,2.2,25.6,0.42,0.31,60.0,84.6,56.0,MEDIUM,MEDIUM
8.0,65.3,75.6,43.9,25.1,3.9,28.7,0.64,0.62,120.0,50.6,86.0,HIGH,HIGH
16.0,65.8,72.3,42.4,96.3,2.1,16.0,0.95,0.63,90.0,74.4,75.0,HIGH,HIGH
12.0,70.2,82.5,42.5,47.6,4.6,23.3,0.46,0.5,120.0,59.1,93.0,HIGH,MEDIUM
12.0,64.2,42.2,30.9,89.0,2.1,16.7,0.61,0.48,90.0,93.5,87.0,LOW,MEDIUM
12.0,56.0,67.1,32.4,28.7,2.6,3.9,0.54,0.38,120.0,89.8,114.0,LOW,HIGH
8.0,47.5,65.4,29.3,60.2,2.9,11.1,0.91,0.44,120.0,83.2,111.0,LOW,HIGH
12.0,75.0,50.5,40.8,14.1,5.1,4.4,0.3,0.56,60.0,45.3,44.0,MEDIUM,HIGH
8.0,44.7,58.5,29.2,79.3,2.5,29.7,0.66,0.38,120.0,85.4,112.0,LOW,MEDIUM
16.0,70.8,46.7,37.2,63.1,5.5,8.4,0.87,0.76,60.0,68.5,51.0,HIGH,HIGH
12.0,45.1,34.8,32.1,67.1,2.4,19.8,0.97,0.71,60.0,84.5,56.0,MEDIUM,HIGH
12.0,67.0,39.8,32.0,16.6,2.0,10.0,0.76,0.39,90.0,83.6,83.0,MEDIUM,HIGH
8.0,73.8,32.3,44.3,30.6,3.5,20.3,0.53,0.27,90.0,39.2,58.0,HIGH,HIGH
12.0,44.2,72.1,40.5,18.5,6.1,7.9,0.55,0.2,120.0,75.1,106.0,MEDIUM,HIGH
12.0,35.4,70.6,41.8,37.4,2.3,24.0,0.51,0.63,60.0,83.2,52.0,HIGH,HIGH
12.0,39.3,90.6,37.4,67.2,2.2,5.1,0.69,0.35,60.0,78.8,54.0,MEDIUM,MEDIUM
12.0,65.9,75.3,42.4,61.8,5.1,27.1,0.79,0.21,60.0,60.6,45.0,HIGH,MEDIUM
16.0,79.6,28.6,38.7,65.9,3.2,25.5,0.85,0.46,60.0,74.7,53.0,HIGH,HIGH
12.0,34.5,86.0,43.6,60.3,5.0,21.0,0.55,0.89,90.0,62.2,68.0,HIGH,HIGH
8.0,73.1,84.5,32.6,36.0,2.7,3.9,0.77,0.7,60.0,74.5,53.0,MEDIUM,HIGH
12.0,51.1,55.6,37.8,33.5,3.8,7.8,0.92,0.82,60.0,76.9,54.0,HIGH,HIGH
12.0,58.8,65.4,39.4,24.1,3.0,26.1,0.92,0.3,60.0,78.9,54.0,HIGH,HIGH
12.0,84.0,92.3,34.5,86.7,3.8,5.4,0.76,0.25,90.0,55.7,72.0,MEDIUM,MEDIUM
12.0,50.6,61.7,42.5,66.3,5.2,6.4,0.71,0.21,60.0,74.4,49.0,HIGH,MEDIUM
12.0,58.1,87.5,44.2,28.4,5.2,17.2,0.64,0.89,90.0,55.5,64.0,HIGH,HIGH
12.0,32.8,30.7,36.1,27.6,4.1,9.7,0.38,0.42,60.0,86.3,56.0,MEDIUM,HIGH
12.0,36.6,38.2,34.4,88.8,5.9,8.2,0.34,0.53,60.0,91.0,58.0,LOW,LOW
8.0,46.5,55.4,35.8,77.4,3.0,18.1,0.6,0.48,120.0,90.1,115.0,MEDIUM,MEDIUM
8.0,33.6,65.3,42.1,70.0,2.9,12.4,0.37,0.73,60.0,81.6,51.0,HIGH,MEDIUM
8.0,67.4,81.3,38.7,47.8,4.5,5.9,0.67,0.42,90.0,52.4,71.0,MEDIUM,HIGH
12.0,55.9,93.2,28.7,35.1,4.5,17.0,0.72,0.59,90.0,75.8,80.0,LOW,HIGH
12.0,62.7,51.8,36.9,98.2,2.0,12.8,0.63,0.92,90.0,88.2,85.0,HIGH,MEDIUM
12.0,41.8,28.3,28.3,82.2,4.5,22.6,0.28,0.52,90.0,87.1,85.0,LOW,LOW
16.0,48.6,80.3,40.8,38.6,3.4,4.9,0.29,0.6,90.0,80.3,80.0,MEDIUM,MEDIUM
8.0,69.2,66.7,33.4,86.6,5.1,19.4,0.33,0.56,90.0,43.2,67.0,LOW,LOW
12.0,86.1,38.7,35.8,78.8,5.4,14.2,0.36,0.78,60.0,28.0,41.0,MEDIUM,MEDIUM
12.0,34.8,59.1,41.2,38.1,4.2,13.4,0.97,0.39,60.0,84.5,54.0,HIGH,HIGH
8.0,81.9,76.2,28.8,49.5,1.8,8.5,0.5,0.32,120.0,83.2,111.0,LOW,MEDIUM
8.0,64.3,78.2,30.6,28.4,4.6,2.9,0.46,0.74,120.0,60.2,99.0,LOW,HIGH
12.0,63.6,59.5,34.6,21.8,5.1,25.7,0.29,0.5,60.0,75.5,53.0,LOW,HIGH
8.0,60.0,46.1,31.8,75.6,2.9,11.1,0.71,0.86,60.0,76.1,54.0,MEDIUM,HIGH
16.0,35.9,92.2,33.6,35.5,3.8,21.1,0.73,0.66,60.0,81.9,55.0,MEDIUM,HIGH
16.0,37.0,70.8,44.5,84.2,6.0,28.5,0.38,0.61,90.0,62.2,67.0,HIGH,MEDIUM
12.0,65.7,53.2,41.6,99.6,3.1,17.8,0.92,0.25,60.0,80.1,52.0,HIGH,MEDIUM
16.0,51.1,44.4,42.6,18.7,2.8,13.1,0.83,0.73,90.0,72.3,74.0,HIGH,HIGH
16.0,83.4,75.4,43.5,53.6,2.7,9.5,0.42,0.69,120.0,63.2,94.0,HIGH,MEDIUM
8.0,54.8,41.7,33.6,82.6,4.3,28.2,0.6,0.66,120.0,75.0,107.0,MEDIUM,MEDIUM
16.0,40.0,36.8,32.9,81.4,6.0,21.1,0.58,0.39,60.0,91.9,58.0,MEDIUM,MEDIUM
12.0,72.0,61.6,31.9,78.9,4.5,20.6,0.5,0.88,120.0,70.7,104.0,MEDIUM,MEDIUM
16.0,48.4,45.0,41.7,42.7,3.1,13.9,0.85,0.43,90.0,81.3,79.0,HIGH,HIGH
16.0,61.4,68.4,39.2,51.9,4.6,25.7,0.33,0.31,60.0,85.9,56.0,MEDIUM,MEDIUM
12.0,71.1,33.1,31.9,64.4,4.5,22.0,0.55,0.91,60.0,70.3,52.0,LOW,HIGH
8.0,82.4,70.2,34.2,97.7,4.4,9.9,0.56,0.74,90.0,38.8,65.0,MEDIUM,MEDIUM
8.0,76.4,44.5,36.4,40.8,2.5,18.8,0.59,0.5,120.0,74.1,106.0,MEDIUM,HIGH
12.0,69.9,25.0,36.7,93.2,4.6,14.0,0.88,0.87,60.0,69.3,52.0,HIGH,HIGH
16.0,70.1,33.8,42.7,35.7,3.7,2.2,0.41,0.27,60.0,74.1,48.0,HIGH,MEDIUM
16.0,85.0,89.4,34.3,99.0,1.9,24.6,0.33,0.26,60.0,85.1,56.0,LOW,LOW
8.0,48.6,84.8,43.0,71.0,4.2,5.4,0.7,0.69,120.0,64.8,96.0,HIGH,HIGH
12.0,32.1,41.1,35.3,52.8,6.2,16.3,0.38,0.33,120.0,93.5,116.0,LOW,MEDIUM
12.0,47.2,78.7,40.3,66.0,3.3,11.4,0.3,0.86,60.0,78.9,54.0,HIGH,MEDIUM
8.0,44.2,67.0,43.3,36.0,6.0,11.6,0.56,0.81,60.0,39.2,38.0,HIGH,HIGH
8.0,69.1,92.0,43.0,36.1,2.2,15.4,0.41,0.42,120.0,61.0,94.0,HIGH,HIGH
12.0,67.5,50.8,28.9,22.0,5.0,29.9,0.51,0.84,90.0,67.3,77.0,LOW,HIGH
16.0,65.2,72.0,31.4,22.0,2.3,13.4,0.44,0.23,120.0,90.0,115.0,LOW,HIGH
12.0,32.9,29.4,35.9,42.6,3.0,7.1,0.32,0.6,120.0,91.9,116.0,MEDIUM,MEDIUM
12.0,72.8,52.3,35.1,79.1,4.3,19.2,0.66,0.87,60.0,67.9,51.0,MEDIUM,HIGH
12.0,50.1,91.5,38.6,65.5,4.4,8.6,0.27,0.82,90.0,77.5,81.0,MEDIUM,MEDIUM
12.0,69.2,62.2,43.6,21.0,5.2,5.0,0.96,0.46,60.0,36.7,36.0,HIGH,HIGH
16.0,63.2,44.9,29.9,87.0,4.5,3.4,0.5,0.33,90.0,95.0,88.0,LOW,LOW
16.0,51.2,33.3,35.5,64.9,4.4,2.6,0.76,0.35,90.0,87.0,85.0,MEDIUM,HIGH
12.0,39.5,73.5,31.2,96.6,5.8,14.1,0.84,0.57,120.0,86.8,113.0,MEDIUM,MEDIUM
12.0,37.3,69.5,42.8,71.0,3.8,13.9,0.45,0.63,120.0,73.0,100.0,HIGH,MEDIUM
12.0,78.6,50.8,43.9,27.4,2.8,7.2,0.8,0.22,60.0,58.0,42.0,HIGH,HIGH
12.0,83.4,90.6,35.9,53.7,2.5,24.0,0.86,0.5,60.0,72.2,52.0,MEDIUM,HIGH
8.0,68.4,26.5,29.7,69.1,3.6,5.6,0.43,0.8,60.0,70.7,52.0,LOW,MEDIUM
12.0,37.8,46.0,41.0,14.5,4.9,27.6,0.97,0.52,120.0,68.1,101.0,HIGH,HIGH
12.0,54.5,88.6,39.5,13.3,2.0,18.5,0.27,0.32,90.0,82.4,83.0,MEDIUM,HIGH
8.0,72.8,47.1,33.9,23.4,2.4,2.8,0.41,0.89,120.0,82.1,110.0,MEDIUM,HIGH
12.0,75.7,42.4,42.6,34.1,2.3,29.0,0.82,0.39,90.0,66.6,72.0,HIGH,HIGH
16.0,38.6,61.9,44.1,49.8,4.4,10.6,0.39,0.77,60.0,64.3,43.0,HIGH,HIGH
8.0,32.0,81.8,37.2,54.9,2.9,14.6,0.76,0.34,60.0,88.8,57.0,MEDIUM,HIGH
8.0,71.9,32.1,37.3,24.1,2.5,10.0,0.87,0.5,60.0,80.4,55.0,HIGH,HIGH
12.0,52.0,90.1,32.9,71.3,4.4,22.4,0.95,0.55,90.0,79.6,82.0,MEDIUM,HIGH
16.0,46.3,79.9,37.6,64.5,5.1,15.6,0.6,0.56,120.0,82.7,111.0,MEDIUM,MEDIUM
8.0,32.7,37.5,35.3,37.9,3.3,5.7,0.96,0.57,60.0,86.4,56.0,HIGH,HIGH
12.0,62.3,74.1,33.0,13.2,4.3,4.9,0.55,0.36,120.0,77.7,108.0,LOW,HIGH
12.0,79.7,51.6,29.1,18.8,2.2,22.3,0.41,0.57,60.0,79.5,54.0,LOW,HIGH
8.0,85.6,52.8,32.2,46.5,5.9,8.6,0.63,0.55,60.0,18.0,38.0,MEDIUM,HIGH
12.0,63.7,79.0,31.3,25.5,3.3,5.9,0.72,0.35,90.0,85.6,84.0,LOW,HIGH
12.0,60.8,91.4,36.9,45.2,6.2,16.0,0.58,0.91,60.0,60.9,49.0,MEDIUM,HIGH
12.0,36.8,33.7,37.9,67.3,6.1,24.5,0.66,0.82,120.0,82.5,111.0,MEDIUM,HIGH
12.0,62.7,54.0,38.0,60.2,5.2,9.8,0.55,0.84,60.0,72.1,52.0,MEDIUM,HIGH
12.0,53.3,58.2,34.4,32.3,1.9,9.7,0.63,0.69,60.0,84.2,56.0,MEDIUM,HIGH
8.0,66.0,51.0,35.0,42.3,4.2,25.3,0.95,0.32,90.0,62.4,75.0,MEDIUM,HIGH
16.0,53.8,50.1,41.8,66.0,2.2,6.1,0.61,0.61,120.0,80.4,106.0,HIGH,HIGH
12.0,45.5,28.6,35.9,87.8,5.7,19.3,0.43,0.79,90.0,84.6,84.0,MEDIUM,MEDIUM
8.0,37.3,72.3,44.3,78.3,5.3,28.7,0.8,0.23,60.0,54.5,40.0,HIGH,MEDIUM
8.0,49.6,55.1,35.3,60.7,6.1,25.6,0.5,0.56,60.0,58.2,49.0,MEDIUM,MEDIUM
12.0,37.4,38.4,38.7,43.9,4.5,3.7,0.85,0.49,60.0,81.7,55.0,HIGH,HIGH
12.0,41.9,81.3,28.8,44.1,4.1,11.0,0.29,0.35,60.0,93.2,58.0,LOW,MEDIUM
8.0,87.3,80.4,38.8,89.4,4.1,6.0,0.49,0.47,120.0,43.3,89.0,MEDIUM,MEDIUM
12.0,56.9,58.6,42.0,15.5,3.5,28.6,0.32,0.91,60.0,73.3,49.0,HIGH,HIGH
8.0,61.8,45.6,43.6,98.9,3.9,29.6,0.31,0.72,60.0,55.8,42.0,HIGH,LOW
12.0,80.9,69.0,44.5,70.5,4.6,8.6,0.73,0.42,90.0,21.7,50.0,HIGH,MEDIUM
8.0,87.8,44.9,32.7,71.9,5.9,20.8,0.53,0.64,120.0,18.0,76.0,MEDIUM,MEDIUM
12.0,64.6,41.3,37.5,15.3,4.4,25.6,0.89,0.38,60.0,78.3,54.0,MEDIUM,HIGH
12.0,77.5,75.4,35.4,65.3,5.6,8.5,0.63,0.64,60.0,40.8,44.0,MEDIUM,HIGH
16.0,50.3,27.8,37.3,54.7,5.6,7.3,0.47,0.85,60.0,86.9,56.0,MEDIUM,HIGH
8.0,49.1,31.5,30.6,21.3,4.1,2.3,0.78,0.6,60.0,84.7,56.0,MEDIUM,HIGH
12.0,54.6,25.5,42.1,36.5,3.3,13.5,0.71,0.73,60.0,77.6,50.0,HIGH,HIGH
8.0,69.7,35.6,43.0,90.3,4.6,27.2,0.83,0.53,90.0,34.2,58.0,HIGH,MEDIUM
16.0,70.2,29.8,35.4,60.4,3.8,27.3,0.72,0.58,60.0,85.4,56.0,MEDIUM,HIGH
16.0,49.7,93.7,32.6,48.4,2.2,5.6,0.37,0.7,60.0,83.2,55.0,LOW,HIGH
12.0,39.5,44.9,30.3,18.4,3.5,7.7,0.74,0.78,60.0,81.8,55.0,MEDIUM,HIGH
12.0,67.4,35.3,39.3,74.8,6.2,13.4,0.54,0.67,120.0,45.4,91.0,HIGH,MEDIUM
16.0,39.2,41.6,33.2,73.9,2.0,23.9,0.59,0.9,90.0,86.2,84.0,MEDIUM,HIGH
12.0,64.4,89.6,43.0,66.0,4.9,19.1,0.92,0.79,120.0,55.7,91.0,HIGH,HIGH
12.0,70.8,60.9,39.1,56.9,5.5,16.4,0.51,0.76,60.0,53.4,47.0,MEDIUM,HIGH
8.0,71.2,50.2,38.7,50.2,4.7,18.6,0.7,0.81,90.0,48.8,69.0,HIGH,HIGH
8.0,74.2,85.3,37.2,64.2,4.3,4.7,0.52,0.4,60.0,51.2,47.0,MEDIUM,MEDIUM
16.0,80.9,52.3,28.8,32.5,4.9,15.4,0.32,0.51,60.0,60.1,49.0,LOW,HIGH
16.0,60.0,48.1,43.4,94.8,3.7,29.8,0.58,0.61,90.0,67.3,71.0,HIGH,MEDIUM
12.0,72.9,39.3,38.4,63.8,2.2,4.5,0.69,0.53,90.0,81.5,83.0,MEDIUM,HIGH
12.0,66.7,51.1,44.4,39.4,6.0,16.5,0.55,0.81,120.0,27.3,73.0,HIGH,HIGH
12.0,42.5,46.9,36.9,51.6,3.7,10.3,0.54,0.22,90.0,91.0,86.0,MEDIUM,MEDIUM
12.0,33.4,71.7,39.7,82.9,4.7,17.1,0.85,0.35,60.0,77.5,54.0,HIGH,MEDIUM
16.0,47.9,45.0,28.9,26.2,4.1,18.1,0.27,0.83,60.0,87.2,57.0,LOW,HIGH
16.0,56.8,64.8,38.4,37.8,2.0,18.2,0.47,0.24,60.0,87.2,57.0,MEDIUM,MEDIUM
12.0,66.6,29.5,40.6,71.8,6.0,25.9,0.84,0.36,60.0,41.7,43.0,HIGH,HIGH
12.0,79.6,38.2,40.8,39.8,5.3,12.9,0.92,0.45,90.0,29.3,60.0,HIGH,HIGH
8.0,43.0,53.1,40.7,81.7,2.5,16.5,0.55,0.74,90.0,74.2,78.0,HIGH,MEDIUM
8.0,39.0,89.6,31.7,23.5,6.1,2.3,0.9,0.6,120.0,61.8,99.0,MEDIUM,HIGH
16.0,86.0,51.0,44.1,79.1,5.0,24.1,0.4,0.89,90.0,18.0,49.0,HIGH,MEDIUM
12.0,38.1,70.8,44.4,18.0,3.9,9.3,0.41,0.36,90.0,61.4,66.0,HIGH,HIGH
8.0,58.8,42.6,29.2,13.1,4.5,24.9,0.87,0.83,60.0,59.4,49.0,MEDIUM,HIGH
8.0,64.8,33.8,43.5,91.0,2.3,9.4,0.91,0.4,60.0,64.3,44.0,HIGH,MEDIUM
12.0,62.3,29.0,32.8,63.2,4.3,2.3,0.41,0.38,90.0,81.0,82.0,LOW,MEDIUM
8.0,36.8,46.1,39.4,43.0,2.1,6.3,0.29,0.56,120.0,82.9,111.0,MEDIUM,MEDIUM
8.0,35.2,35.9,33.6,32.5,4.2,29.6,0.32,0.25,60.0,90.9,58.0,LOW,MEDIUM
12.0,37.9,37.0,44.0,66.3,4.2,11.0,0.44,0.48,90.0,64.6,69.0,HIGH,MEDIUM
12.0,64.8,77.5,29.7,56.8,5.6,5.0,0.81,0.46,90.0,65.4,76.0,MEDIUM,HIGH
12.0,62.5,26.1,36.2,99.3,5.0,5.3,0.62,0.32,120.0,81.4,110.0,MEDIUM,LOW
8.0,45.1,63.5,35.1,98.5,2.9,10.7,0.58,0.82,60.0,89.7,57.0,MEDIUM,MEDIUM
12.0,67.7,51.2,33.4,67.9,5.7,3.1,0.68,0.48,90.0,57.1,73.0,MEDIUM,MEDIUM
8.0,77.9,60.0,38.7,51.0,4.3,16.3,0.9,0.91,60.0,35.9,43.0,HIGH,HIGH
12.0,34.3,63.8,30.2,55.2,4.5,8.0,0.32,0.85,90.0,88.3,85.0,LOW,MEDIUM
12.0,59.9,46.6,39.8,72.1,2.5,16.5,0.76,0.34,60.0,80.2,55.0,HIGH,MEDIUM
12.0,70.6,45.4,44.2,20.9,5.6,5.9,0.93,0.56,60.0,27.1,33.0,HIGH,HIGH
16.0,46.1,75.6,41.3,40.9,5.9,14.0,0.41,0.63,90.0,87.3,83.0,MEDIUM,HIGH
12.0,49.2,85.1,42.2,18.6,5.2,18.7,0.86,0.79,60.0,69.2,48.0,HIGH,HIGH
12.0,66.4,38.3,33.9,18.5,5.9,3.7,0.76,0.84,90.0,50.0,70.0,MEDIUM,HIGH
8.0,82.3,31.7,33.4,29.2,3.1,13.2,0.26,0.65,90.0,61.4,74.0,LOW,HIGH
12.0,77.4,86.9,36.5,54.7,5.6,10.5,0.42,0.23,120.0,37.9,86.0,LOW,MEDIUM
12.0,64.7,49.1,28.8,81.1,4.0,8.7,0.69,0.55,60.0,79.9,55.0,LOW,MEDIUM
8.0,72.9,63.0,43.6,54.7,2.5,18.9,0.62,0.84,60.0,57.8,42.0,HIGH,HIGH
16.0,52.4,49.8,30.4,41.5,4.7,18.5,0.64,0.71,60.0,87.6,57.0,LOW,HIGH
12.0,67.9,33.7,42.9,19.2,4.8,19.7,0.42,0.83,60.0,51.4,42.0,HIGH,HIGH
16.0,58.1,65.7,29.4,60.4,3.1,6.4,0.74,0.69,90.0,84.9,84.0,LOW,HIGH
12.0,42.6,61.2,41.6,35.9,1.9,10.0,0.44,0.23,60.0,88.8,54.0,HIGH,MEDIUM
12.0,71.3,39.0,30.5,66.1,2.7,7.9,0.53,0.9,60.0,83.9,56.0,LOW,HIGH
12.0,63.2,56.2,28.6,98.0,3.6,17.1,0.52,0.86,60.0,85.6,56.0,LOW,MEDIUM
12.0,52.1,80.0,39.9,21.8,2.5,14.9,0.74,0.29,60.0,81.3,55.0,MEDIUM,HIGH
12.0,83.0,65.7,32.6,30.7,2.7,11.2,0.32,0.28,120.0,77.2,108.0,LOW,MEDIUM
8.0,33.2,31.7,39.8,53.6,3.5,24.0,0.4,0.59,120.0,82.5,111.0,MEDIUM,MEDIUM
12.0,49.7,62.8,37.2,97.2,6.0,4.6,0.4,0.75,90.0,80.0,82.0,MEDIUM,MEDIUM
12.0,35.2,73.5,29.8,79.9,5.2,29.3,0.33,0.48,60.0,87.2,57.0,LOW,LOW
8.0,74.9,79.7,43.4,91.0,3.2,5.3,0.4,0.3,120.0,51.4,88.0,HIGH,LOW
12.0,71.3,68.4,35.5,41.4,6.0,23.6,0.69,0.57,120.0,38.9,87.0,MEDIUM,HIGH
8.0,50.6,35.5,40.1,99.3,4.6,12.3,0.78,0.44,120.0,66.8,102.0,HIGH,MEDIUM
16.0,69.8,74.0,36.3,21.0,3.8,26.2,0.73,0.45,90.0,84.1,84.0,MEDIUM,HIGH
16.0,54.2,71.7,38.0,16.7,3.9,4.1,0.6,0.66,60.0,86.7,56.0,MEDIUM,HIGH
16.0,74.4,26.7,33.0,87.3,3.6,12.5,0.29,0.84,60.0,81.6,55.0,LOW,MEDIUM
12.0,57.4,53.4,31.3,93.6,2.8,11.4,0.95,0.6,120.0,83.1,111.0,MEDIUM,HIGH
8.0,55.1,48.0,37.0,20.0,3.5,29.8,0.37,0.7,120.0,80.0,109.0,MEDIUM,HIGH
16.0,84.3,71.2,35.3,22.0,4.1,29.6,0.74,0.68,60.0,57.8,49.0,MEDIUM,HIGH
12.0,46.0,39.9,34.4,14.9,4.1,7.3,0.92,0.6,60.0,81.5,55.0,MEDIUM,HIGH
16.0,38.7,65.8,39.1,21.2,5.2,19.6,0.76,0.42,90.0,78.0,81.0,HIGH,HIGH
16.0,64.7,88.0,39.4,30.4,3.4,17.0,0.41,0.47,90.0,84.7,84.0,MEDIUM,HIGH
16.0,86.3,80.0,28.8,97.4,5.0,6.3,0.48,0.43,90.0,44.4,67.0,LOW,LOW
12.0,53.2,88.6,33.6,70.8,4.3,6.7,0.27,0.86,90.0,88.6,85.0,LOW,MEDIUM
12.0,35.5,92.5,34.8,80.5,6.0,29.7,0.7,0.8,60.0,74.1,53.0,MEDIUM,HIGH
16.0,51.0,25.7,29.6,80.3,3.5,14.7,0.7,0.62,60.0,80.3,55.0,LOW,MEDIUM
12.0,60.3,68.0,31.9,59.1,5.8,5.5,0.78,0.86,90.0,66.9,77.0,MEDIUM,HIGH
8.0,41.1,53.5,28.9,82.2,5.4,8.0,0.26,0.84,90.0,78.1,81.0,LOW,MEDIUM
12.0,68.9,84.3,44.4,64.4,4.6,9.5,0.85,0.87,60.0,40.4,36.0,HIGH,HIGH
16.0,87.9,42.4,40.2,39.7,4.7,16.3,0.79,0.36,60.0,36.3,43.0,HIGH,HIGH
12.0,57.3,92.7,29.4,61.4,2.2,11.4,0.35,0.72,90.0,85.6,84.0,LOW,MEDIUM
12.0,51.9,67.3,28.3,58.9,6.0,14.7,0.5,0.64,60.0,85.4,56.0,LOW,MEDIUM
8.0,54.4,79.8,39.9,84.5,2.3,6.7,0.72,0.73,90.0,78.6,81.0,HIGH,HIGH
12.0,38.4,30.9,35.2,98.4,4.3,11.1,0.61,0.39,90.0,87.9,85.0,MEDIUM,LOW
16.0,81.5,37.7,41.0,48.2,3.3,4.0,0.33,0.7,90.0,71.9,77.0,MEDIUM,MEDIUM
8.0,55.2,77.3,43.2,79.2,3.7,26.9,0.31,0.5,90.0,69.8,72.0,HIGH,LOW
12.0,53.7,26.5,37.9,20.8,4.5,7.6,0.82,0.8,60.0,80.5,55.0,HIGH,HIGH
16.0,68.9,81.4,31.1,80.4,5.8,23.2,0.36,0.77,90.0,72.6,79.0,LOW,MEDIUM
12.0,56.8,26.0,40.9,44.7,3.8,11.8,0.38,0.35,60.0,80.8,53.0,MEDIUM,MEDIUM
12.0,68.3,70.3,43.8,15.5,6.1,15.3,0.86,0.33,90.0,21.7,52.0,HIGH,HIGH
12.0,35.4,50.2,37.6,44.0,4.4,10.2,0.7,0.72,90.0,83.5,83.0,HIGH,HIGH
12.0,77.6,67.2,39.3,65.7,2.5,21.5,0.69,0.6,60.0,75.4,53.0,HIGH,HIGH
12.0,84.7,73.0,33.6,22.5,2.6,25.6,0.6,0.6,60.0,74.7,53.0,MEDIUM,HIGH
16.0,68.3,48.6,34.3,93.3,5.0,10.0,0.67,0.74,60.0,77.2,54.0,MEDIUM,MEDIUM
16.0,85.5,32.4,40.1,18.8,2.0,8.8,0.69,0.82,90.0,69.7,78.0,HIGH,HIGH
16.0,40.5,29.8,43.3,93.8,3.9,21.1,0.96,0.37,60.0,67.3,45.0,HIGH,MEDIUM
16.0,58.7,65.6,38.4,74.2,2.5,7.5,0.41,0.6,90.0,89.0,86.0,MEDIUM,MEDIUM
12.0,65.7,60.9,41.0,41.0,3.7,19.9,0.41,0.8,90.0,81.8,81.0,HIGH,HIGH
12.0,64.6,76.2,30.8,46.4,5.1,4.6,0.29,0.83,90.0,71.7,79.0,LOW,HIGH
12.0,54.5,60.2,31.5,77.2,3.8,19.4,0.73,0.41,120.0,86.1,112.0,MEDIUM,MEDIUM
12.0,50.9,54.1,36.8,64.9,2.5,16.4,0.65,0.27,60.0,87.1,57.0,MEDIUM,MEDIUM
12.0,39.1,52.5,30.9,71.1,2.9,5.2,0.33,0.37,120.0,87.8,113.0,LOW,LOW
12.0,53.9,26.8,38.5,46.2,3.4,20.2,0.52,0.88,60.0,85.2,56.0,HIGH,HIGH
16.0,41.1,48.2,32.8,54.9,2.1,14.5,0.38,0.53,60.0,90.1,57.0,LOW,MEDIUM
12.0,73.1,92.3,41.1,99.1,4.4,8.1,0.49,0.5,60.0,66.4,49.0,MEDIUM,LOW
12.0,43.7,85.3,41.3,30.8,4.5,11.9,0.94,0.21,90.0,80.9,80.0,HIGH,HIGH
8.0,35.3,47.7,35.7,48.8,2.1,15.8,0.75,0.24,60.0,87.7,57.0,MEDIUM,HIGH
12.0,62.9,65.6,31.0,37.7,3.6,4.6,0.26,0.68,90.0,86.8,85.0,LOW,MEDIUM
8.0,65.3,83.5,38.7,79.3,3.6,28.8,0.43,0.62,60.0,72.6,53.0,MEDIUM,MEDIUM
12.0,80.8,55.4,44.4,79.2,3.3,20.6,0.26,0.61,120.0,47.1,84.0,HIGH,LOW
12.0,64.3,26.2,38.3,37.7,4.3,4.9,0.77,0.28,90.0,77.8,81.0,MEDIUM,HIGH
12.0,51.3,30.1,28.6,19.2,3.3,25.0,0.59,0.45,90.0,86.5,85.0,LOW,HIGH
12.0,77.0,60.2,28.3,13.0,3.6,11.0,0.98,0.78,120.0,65.4,101.0,LOW,HIGH
8.0,62.3,91.9,33.3,49.6,5.3,18.7,0.79,0.33,90.0,43.9,67.0,MEDIUM,HIGH
8.0,36.4,72.8,31.2,48.1,2.5,9.8,0.63,0.84,60.0,84.7,56.0,LOW,HIGH
16.0,63.7,29.9,41.4,99.0,4.5,22.5,0.84,0.29,60.0,85.4,54.0,HIGH,MEDIUM
12.0,82.8,38.1,41.9,53.3,4.0,22.2,0.76,0.32,90.0,46.0,65.0,HIGH,HIGH
8.0,54.2,78.2,32.3,34.6,3.1,17.5,0.43,0.54,60.0,81.9,55.0,LOW,HIGH
12.0,48.6,83.1,33.4,90.4,5.0,8.7,0.64,0.88,60.0,86.1,56.0,MEDIUM,MEDIUM
12.0,40.0,67.6,31.9,55.2,4.2,9.1,0.66,0.44,60.0,83.9,56.0,LOW,HIGH
8.0,40.5,69.5,43.0,64.7,3.9,12.7,0.58,0.67,90.0,69.5,72.0,HIGH,HIGH
12.0,56.2,27.0,36.3,20.4,4.7,6.1,0.38,0.62,60.0,82.4,55.0,MEDIUM,HIGH
8.0,65.4,82.2,38.8,45.7,5.3,11.5,0.41,0.31,60.0,46.9,46.0,MEDIUM,MEDIUM
8.0,36.5,79.4,34.9,95.1,6.1,21.2,0.46,0.38,60.0,70.4,52.0,LOW,LOW
12.0,84.6,42.9,38.4,63.9,4.6,25.3,0.26,0.87,90.0,45.6,68.0,MEDIUM,MEDIUM
12.0,74.3,73.9,34.4,42.3,5.6,11.3,0.92,0.33,90.0,41.7,66.0,MEDIUM,HIGH
12.0,64.9,39.8,33.6,67.1,1.8,8.5,0.75,0.7,90.0,86.4,84.0,MEDIUM,HIGH
12.0,78.4,27.8,38.5,92.1,4.1,25.3,0.75,0.89,60.0,54.8,48.0,HIGH,HIGH
16.0,36.5,38.9,37.8,36.1,2.7,26.9,0.67,0.29,120.0,91.8,116.0,MEDIUM,HIGH
12.0,58.7,37.3,32.8,56.5,2.2,13.5,0.75,0.49,60.0,85.8,56.0,MEDIUM,HIGH
12.0,67.3,48.3,30.5,96.4,4.1,2.8,0.97,0.36,90.0,85.7,84.0,MEDIUM,MEDIUM
12.0,78.4,53.9,34.1,27.2,5.1,21.5,0.53,0.36,120.0,46.8,91.0,LOW,HIGH
12.0,75.9,60.1,34.9,75.3,3.6,24.0,0.77,0.29,120.0,74.5,106.0,MEDIUM,MEDIUM
12.0,47.5,57.9,38.4,66.1,4.7,2.5,0.51,0.67,90.0,88.3,85.0,MEDIUM,MEDIUM
8.0,84.7,43.7,43.1,71.8,4.0,18.7,0.87,0.74,120.0,20.0,71.0,HIGH,HIGH
8.0,39.0,27.0,28.6,42.9,3.7,18.5,0.88,0.69,90.0,82.0,83.0,MEDIUM,HIGH
16.0,81.0,66.8,32.0,39.6,3.1,12.6,0.91,0.87,60.0,83.0,55.0,MEDIUM,HIGH
16.0,86.4,52.3,31.2,72.2,3.5,23.0,0.25,0.3,60.0,68.1,51.0,LOW,LOW
12.0,41.9,45.6,36.3,31.0,3.3,14.0,0.47,0.43,90.0,89.8,86.0,MEDIUM,HIGH
12.0,72.4,84.8,35.1,48.9,4.6,20.9,0.35,0.45,90.0,68.6,77.0,LOW,MEDIUM
8.0,34.3,76.5,40.0,28.6,2.3,16.5,0.58,0.37,60.0,77.6,54.0,MEDIUM,HIGH
8.0,54.7,84.2,32.0,12.7,2.2,9.0,0.61,0.3,120.0,84.5,112.0,LOW,HIGH
12.0,60.9,59.2,37.8,97.4,4.7,19.0,0.44,0.55,60.0,85.3,56.0,MEDIUM,LOW
12.0,64.5,34.0,42.6,50.0,4.2,22.6,0.78,0.8,60.0,65.0,46.0,HIGH,HIGH
12.0,84.4,73.0,43.0,97.3,3.7,29.3,0.45,0.89,60.0,41.2,39.0,HIGH,MEDIUM
12.0,69.6,39.2,43.8,24.3,2.5,12.6,0.87,0.29,120.0,62.3,93.0,HIGH,HIGH
12.0,59.0,55.4,40.8,63.7,3.6,3.8,0.38,0.79,90.0,75.3,79.0,MEDIUM,MEDIUM
16.0,77.3,29.5,42.9,29.7,5.3,29.7,0.52,0.79,90.0,44.9,62.0,HIGH,HIGH
12.0,85.2,81.9,31.9,81.5,5.7,19.5,0.7,0.48,90.0,21.4,58.0,MEDIUM,MEDIUM
12.0,33.2,33.7,31.3,81.0,4.9,28.5,0.69,0.28,90.0,90.3,86.0,LOW,MEDIUM
12.0,87.0,87.3,28.1,21.9,2.1,4.9,0.31,0.91,120.0,80.6,110.0,LOW,HIGH
12.0,36.8,84.6,39.7,92.3,4.7,11.6,0.87,0.67,60.0,81.7,55.0,HIGH,HIGH
8.0,77.6,57.1,43.5,29.1,2.9,5.8,0.69,0.91,90.0,47.9,63.0,HIGH,HIGH
12.0,47.7,76.4,31.1,65.9,3.2,25.4,0.88,0.55,60.0,83.6,56.0,MEDIUM,HIGH
12.0,39.4,67.7,38.5,98.7,2.7,26.6,0.88,0.48,120.0,82.4,110.0,HIGH,MEDIUM
8.0,56.6,80.4,40.3,89.7,5.2,16.0,0.65,0.38,120.0,50.6,93.0,MEDIUM,MEDIUM
8.0,68.1,54.8,43.3,96.2,4.7,7.2,0.91,0.91,90.0,30.7,56.0,HIGH,HIGH
8.0,53.3,79.2,38.7,42.1,4.5,5.6,0.87,0.38,60.0,72.0,52.0,HIGH,HIGH
8.0,35.1,56.9,44.0,21.3,4.7,18.5,0.95,0.22,60.0,59.2,42.0,HIGH,HIGH
16.0,65.6,89.9,33.7,28.6,2.8,16.2,0.87,0.57,60.0,81.6,55.0,MEDIUM,HIGH
12.0,82.5,58.6,33.8,56.0,3.8,21.5,0.85,0.47,60.0,55.6,48.0,MEDIUM,HIGH
12.0,53.5,56.9,37.0,81.8,4.6,10.5,0.59,0.39,90.0,85.5,84.0,MEDIUM,MEDIUM
8.0,44.1,79.2,34.3,25.2,4.6,13.3,0.4,0.66,60.0,89.3,57.0,LOW,HIGH
12.0,56.8,81.7,28.0,70.1,5.3,2.6,0.91,0.46,120.0,79.7,109.0,LOW,HIGH
12.0,34.7,63.3,40.1,40.5,3.1,19.1,0.78,0.49,60.0,80.1,54.0,HIGH,HIGH
8.0,77.9,37.4,40.4,42.0,5.2,13.8,0.46,0.22,120.0,25.9,79.0,MEDIUM,MEDIUM
12.0,78.3,57.3,40.3,70.2,3.7,27.8,0.5,0.62,90.0,59.2,73.0,HIGH,MEDIUM
12.0,64.9,91.8,33.7,53.1,4.7,20.0,0.75,0.29,60.0,75.2,53.0,MEDIUM,HIGH
12.0,51.8,77.0,36.6,83.5,3.8,13.2,0.6,0.35,60.0,91.4,58.0,MEDIUM,MEDIUM
12.0,76.8,81.0,33.9,25.7,6.0,9.4,0.31,0.72,120.0,38.1,87.0,LOW,HIGH
8.0,63.1,27.3,28.3,81.5,2.6,27.3,0.35,0.43,90.0,83.2,83.0,LOW,LOW
12.0,78.3,57.3,37.3,17.7,4.8,2.5,0.79,0.32,60.0,47.3,46.0,MEDIUM,HIGH
12.0,67.4,69.6,30.0,29.1,4.3,11.2,0.49,0.62,60.0,80.5,55.0,LOW,HIGH
12.0,75.9,82.3,29.3,69.7,2.6,28.4,0.62,0.35,90.0,78.8,81.0,LOW,MEDIUM
16.0,65.5,28.4,40.5,87.2,2.1,20.3,0.81,0.4,60.0,76.7,53.0,HIGH,MEDIUM
12.0,55.2,83.8,28.2,34.2,5.3,16.9,0.8,0.65,60.0,76.6,54.0,LOW,HIGH
8.0,85.6,62.8,43.8,40.8,2.5,7.7,0.37,0.73,90.0,38.5,58.0,HIGH,HIGH
8.0,62.3,38.6,36.5,59.3,2.6,25.3,0.32,0.73,90.0,85.6,84.0,MEDIUM,MEDIUM
12.0,65.9,46.9,44.2,30.6,6.1,7.7,0.68,0.55,60.0,25.5,32.0,HIGH,HIGH
8.0,44.3,44.5,29.0,83.4,5.0,9.0,0.79,0.53,120.0,76.9,108.0,LOW,MEDIUM
12.0,67.0,61.6,37.6,80.1,2.9,7.4,0.36,0.77,90.0,87.8,85.0,MEDIUM,MEDIUM
16.0,64.0,28.6,33.8,24.8,4.4,6.4,0.52,0.34,120.0,91.6,115.0,LOW,HIGH
12.0,42.4,35.9,41.9,52.8,4.2,28.7,0.89,0.31,60.0,76.7,50.0,HIGH,HIGH
12.0,35.3,81.1,34.0,80.2,5.5,18.9,0.94,0.68,60.0,77.8,54.0,MEDIUM,HIGH
12.0,65.8,34.1,32.3,41.7,5.0,19.9,0.58,0.49,60.0,75.2,53.0,LOW,HIGH
12.0,74.8,41.1,42.1,67.7,5.5,28.7,0.31,0.71,60.0,37.6,39.0,HIGH,MEDIUM
12.0,61.3,56.3,34.2,16.4,2.7,8.5,0.44,0.38,120.0,87.1,113.0,LOW,HIGH
16.0,44.7,60.7,28.3,65.6,4.6,2.2,0.42,0.43,120.0,90.0,115.0,LOW,MEDIUM
12.0,69.3,77.7,34.4,25.4,2.0,18.8,0.42,0.85,90.0,79.5,82.0,MEDIUM,HIGH
16.0,36.5,55.9,38.8,85.1,2.1,16.2,0.61,0.5,90.0,80.7,82.0,MEDIUM,MEDIUM
16.0,56.7,79.5,32.2,43.3,4.9,15.4,0.68,0.63,90.0,84.8,84.0,MEDIUM,HIGH
8.0,41.1,67.7,35.1,36.8,1.9,3.7,0.34,0.28,90.0,84.9,84.0,LOW,MEDIUM
8.0,42.3,32.8,28.9,86.0,4.4,14.7,0.9,0.33,60.0,76.1,54.0,LOW,MEDIUM
8.0,43.3,35.8,37.7,16.4,5.5,10.1,0.7,0.23,90.0,69.8,78.0,MEDIUM,HIGH
8.0,53.7,55.2,40.5,46.9,3.5,9.7,0.69,0.51,90.0,70.8,77.0,HIGH,HIGH
8.0,34.9,52.4,34.8,44.6,2.0,8.2,0.97,0.91,60.0,82.4,55.0,HIGH,HIGH
12.0,54.3,76.3,34.9,37.1,4.9,11.3,0.71,0.83,60.0,80.8,55.0,MEDIUM,HIGH
8.0,60.7,65.1,29.5,92.2,5.9,11.9,0.93,0.66,60.0,35.9,43.0,MEDIUM,HIGH
12.0,59.1,51.8,31.3,78.1,5.0,10.6,0.46,0.82,90.0,83.0,83.0,LOW,MEDIUM
16.0,53.4,36.8,30.6,17.6,4.3,29.4,0.43,0.63,60.0,87.7,57.0,LOW,HIGH
8.0,79.0,40.7,35.9,74.9,2.8,28.1,0.63,0.47,90.0,72.4,79.0,MEDIUM,MEDIUM
16.0,40.1,64.7,36.7,58.4,1.9,18.1,0.62,0.32,60.0,85.8,56.0,MEDIUM,MEDIUM
12.0,60.3,54.2,43.7,91.3,4.9,29.5,0.42,0.67,60.0,65.6,44.0,HIGH,MEDIUM
8.0,35.5,60.5,29.2,39.5,2.8,29.8,0.76,0.34,90.0,88.5,85.0,LOW,HIGH
12.0,36.0,36.8,37.9,62.5,5.6,12.0,0.27,0.5,90.0,90.4,86.0,MEDIUM,MEDIUM
12.0,64.1,70.7,36.7,56.1,3.9,14.5,0.75,0.79,60.0,78.4,54.0,HIGH,HIGH
16.0,63.7,83.8,36.5,55.1,4.1,28.9,0.58,0.29,120.0,87.0,113.0,MEDIUM,MEDIUM
12.0,81.2,42.8,42.4,52.1,5.1,19.0,0.75,0.29,60.0,34.4,38.0,HIGH,HIGH
16.0,63.2,58.9,31.4,30.1,5.2,8.0,0.6,0.36,120.0,84.3,112.0,LOW,HIGH
12.0,85.7,92.3,28.7,78.5,4.6,21.3,0.96,0.6,90.0,33.4,63.0,LOW,HIGH
8.0,34.7,48.0,39.1,51.7,5.9,7.8,0.49,0.38,60.0,74.3,53.0,MEDIUM,MEDIUM
12.0,37.5,66.1,33.7,96.3,6.1,11.5,0.97,0.56,90.0,81.9,83.0,MEDIUM,HIGH
16.0,34.5,31.2,28.3,35.0,6.0,8.4,0.3,0.42,60.0,90.3,57.0,LOW,MEDIUM
16.0,42.4,66.8,32.1,72.1,5.4,8.9,0.75,0.56,60.0,84.8,56.0,MEDIUM,HIGH
12.0,62.3,31.2,33.1,94.8,4.9,2.1,0.58,0.4,60.0,81.0,55.0,MEDIUM,MEDIUM
12.0,68.2,91.2,38.2,70.4,4.7,26.7,0.85,0.91,60.0,64.8,50.0,HIGH,HIGH
12.0,34.6,74.4,30.8,88.7,2.3,10.3,0.83,0.55,90.0,82.9,83.0,LOW,MEDIUM
12.0,85.0,79.4,34.8,84.8,3.0,4.4,0.83,0.74,90.0,62.2,75.0,HIGH,HIGH
16.0,79.2,73.6,36.0,43.7,1.8,4.4,0.32,0.7,120.0,89.5,114.0,MEDIUM,HIGH
16.0,48.6,65.7,35.6,64.8,2.4,17.6,0.85,0.55,60.0,83.6,56.0,HIGH,HIGH
12.0,36.3,56.0,44.1,25.8,3.7,29.8,0.41,0.37,90.0,64.2,68.0,HIGH,HIGH
12.0,41.5,84.2,28.8,59.1,2.4,6.1,0.27,0.57,60.0,85.3,56.0,LOW,MEDIUM
12.0,39.1,91.0,43.7,32.3,5.8,4.8,0.41,0.69,90.0,64.7,69.0,HIGH,HIGH
8.0,38.9,59.4,37.6,77.4,5.3,14.3,0.6,0.53,120.0,80.8,110.0,MEDIUM,MEDIUM
16.0,61.0,89.3,41.1,58.5,2.1,17.8,0.79,0.26,60.0,84.9,54.0,HIGH,HIGH
12.0,45.8,65.2,35.1,48.2,2.9,10.2,0.41,0.21,120.0,91.2,115.0,LOW,MEDIUM
16.0,52.1,62.1,35.5,35.7,5.4,10.5,0.33,0.44,90.0,86.4,84.0,LOW,MEDIUM
12.0,87.4,56.4,42.5,99.9,5.3,13.9,0.72,0.31,90.0,18.0,52.0,HIGH,MEDIUM
16.0,70.3,39.4,42.8,18.3,6.0,10.8,0.97,0.85,90.0,45.8,63.0,HIGH,HIGH
12.0,85.1,25.3,31.9,15.8,6.2,27.6,0.69,0.33,90.0,18.0,57.0,LOW,HIGH
8.0,40.0,41.7,31.3,31.1,6.1,3.2,0.75,0.48,120.0,66.3,102.0,LOW,HIGH
16.0,53.4,60.2,36.2,97.5,3.6,8.6,0.66,0.71,90.0,89.1,86.0,MEDIUM,MEDIUM
8.0,63.1,51.2,42.9,98.2,2.9,24.6,0.82,0.79,60.0,64.1,45.0,HIGH,HIGH
12.0,36.3,55.9,33.3,69.6,5.1,25.4,0.96,0.54,90.0,85.2,84.0,MEDIUM,HIGH
16.0,32.2,92.7,38.8,89.4,3.1,5.1,0.65,0.33,60.0,80.4,55.0,MEDIUM,MEDIUM
16.0,69.5,49.2,39.7,30.8,5.3,29.3,0.55,0.4,120.0,74.2,106.0,MEDIUM,HIGH
12.0,67.9,56.2,40.8,97.5,4.1,21.4,0.88,0.5,120.0,68.0,101.0,HIGH,MEDIUM
12.0,55.0,34.2,37.3,24.6,5.3,9.6,0.96,0.46,90.0,76.1,80.0,HIGH,HIGH
12.0,59.4,28.3,34.6,20.9,3.0,14.8,0.34,0.45,90.0,91.6,87.0,LOW,HIGH
12.0,55.3,78.5,44.0,21.9,4.0,10.3,0.67,0.29,120.0,68.1,96.0,HIGH,HIGH
12.0,33.3,64.4,38.1,62.4,4.3,6.2,0.83,0.86,60.0,81.1,55.0,HIGH,HIGH
12.0,50.8,77.5,40.0,80.7,5.9,10.2,0.64,0.22,90.0,76.2,80.0,MEDIUM,MEDIUM
12.0,41.9,35.3,33.7,44.3,3.0,18.2,0.55,0.52,60.0,86.3,56.0,MEDIUM,HIGH
12.0,37.5,64.5,39.1,98.1,5.9,25.1,0.73,0.91,90.0,82.1,83.0,HIGH,MEDIUM
12.0,85.6,42.5,32.3,50.2,5.3,12.2,0.45,0.68,60.0,34.3,42.0,LOW,HIGH
8.0,65.6,40.7,32.0,25.2,5.0,11.7,0.5,0.46,90.0,54.9,72.0,LOW,HIGH
12.0,72.8,25.8,39.8,53.0,5.3,15.1,0.97,0.31,60.0,49.7,46.0,HIGH,HIGH
8.0,49.7,34.0,36.6,71.8,4.5,20.0,0.71,0.89,60.0,75.1,53.0,MEDIUM,HIGH
12.0,54.0,46.3,39.3,85.2,2.9,23.0,0.89,0.21,60.0,80.1,55.0,HIGH,MEDIUM
12.0,45.3,33.1,32.4,52.4,2.6,11.2,0.84,0.69,60.0,81.2,55.0,MEDIUM,HIGH
16.0,37.4,93.0,37.9,64.2,5.6,18.4,0.73,0.83,60.0,78.0,54.0,HIGH,HIGH
12.0,42.0,46.3,35.3,35.5,5.0,12.9,0.86,0.22,90.0,88.5,85.0,MEDIUM,HIGH
8.0,76.7,34.0,37.8,68.8,2.7,22.1,0.46,0.72,90.0,76.7,81.0,MEDIUM,MEDIUM
8.0,69.9,38.7,32.8,98.8,4.5,6.6,0.72,0.92,60.0,51.0,47.0,MEDIUM,MEDIUM
12.0,62.6,65.6,39.8,16.3,3.8,9.2,0.68,0.66,90.0,72.4,79.0,HIGH,HIGH
12.0,58.6,29.4,41.3,90.0,2.5,13.9,0.7,0.5,90.0,81.6,80.0,HIGH,MEDIUM
8.0,83.7,84.5,32.3,61.5,4.1,26.9,0.37,0.83,60.0,41.7,44.0,LOW,MEDIUM
8.0,36.1,91.3,33.0,34.2,3.0,18.1,0.45,0.6,60.0,84.5,56.0,LOW,HIGH
12.0,47.7,42.0,38.9,96.0,2.2,29.0,0.46,0.74,90.0,80.6,82.0,MEDIUM,MEDIUM
8.0,51.6,56.1,39.5,54.5,3.9,4.9,0.69,0.62,60.0,74.3,53.0,HIGH,HIGH
16.0,75.8,26.5,39.6,41.2,4.4,14.9,0.96,0.23,60.0,70.6,52.0,HIGH,HIGH
12.0,87.6,69.2,39.3,28.0,2.0,13.7,0.95,0.35,120.0,74.3,106.0,HIGH,HIGH
8.0,45.5,53.6,34.5,33.5,3.6,18.8,0.42,0.26,90.0,87.2,85.0,LOW,MEDIUM
8.0,81.0,43.6,34.5,85.3,2.9,24.7,0.47,0.28,60.0,67.6,51.0,LOW,LOW
16.0,78.5,39.3,32.2,66.1,1.9,25.6,0.28,0.21,90.0,90.0,86.0,LOW,LOW
12.0,44.6,70.1,30.6,92.4,2.4,20.8,0.54,0.5,90.0,86.9,85.0,LOW,MEDIUM
12.0,54.4,53.7,39.4,32.4,2.4,20.0,0.86,0.33,90.0,82.4,83.0,HIGH,HIGH
16.0,54.9,37.4,29.5,22.7,2.6,28.6,0.92,0.82,60.0,82.4,55.0,MEDIUM,HIGH
16.0,86.8,72.5,43.5,12.5,5.3,12.7,0.42,0.74,60.0,18.0,32.0,HIGH,HIGH
16.0,42.1,64.0,41.6,56.7,3.7,25.3,0.44,0.61,90.0,83.0,80.0,HIGH,MEDIUM
12.0,76.8,84.2,42.1,99.9,2.4,27.8,0.41,0.55,60.0,74.1,49.0,HIGH,LOW
12.0,50.7,33.1,43.0,73.2,2.2,15.8,0.51,0.38,120.0,75.9,102.0,HIGH,MEDIUM
8.0,72.9,79.2,34.7,39.1,3.1,22.4,0.84,0.54,60.0,72.3,53.0,MEDIUM,HIGH
12.0,55.5,71.5,42.0,89.2,5.3,12.6,0.72,0.66,60.0,69.1,48.0,HIGH,MEDIUM
12.0,64.4,32.9,30.6,80.8,3.4,6.4,0.82,0.76,120.0,80.3,109.0,LOW,HIGH
12.0,78.6,72.9,28.4,13.4,2.5,18.4,0.68,0.26,60.0,74.1,53.0,LOW,HIGH
16.0,77.0,55.5,41.0,83.9,3.6,7.5,0.44,0.71,60.0,68.1,50.0,HIGH,MEDIUM
8.0,80.5,90.2,29.2,38.4,4.2,14.8,0.42,0.73,90.0,42.4,67.0,LOW,HIGH
12.0,35.3,34.8,44.3,25.2,1.9,26.4,0.26,0.6,60.0,65.3,43.0,HIGH,HIGH
8.0,70.8,69.4,39.1,31.9,4.6,4.4,0.82,0.35,90.0,49.3,69.0,HIGH,HIGH
12.0,39.8,51.4,40.4,53.2,3.5,2.9,0.87,0.59,60.0,75.0,52.0,HIGH,HIGH
8.0,55.3,91.0,32.1,49.4,1.8,19.0,0.81,0.56,60.0,80.3,55.0,MEDIUM,HIGH
8.0,62.7,47.8,39.1,37.4,4.8,11.3,0.3,0.54,60.0,56.0,48.0,MEDIUM,MEDIUM
8.0,54.6,91.4,28.7,27.2,4.9,13.7,0.81,0.53,90.0,56.4,72.0,LOW,HIGH
12.0,61.1,87.2,41.8,79.1,4.6,13.4,0.28,0.28,60.0,72.8,49.0,HIGH,LOW
12.0,87.8,43.7,30.8,99.1,3.3,4.4,0.33,0.33,60.0,60.9,49.0,LOW,LOW
12.0,39.6,80.4,39.5,80.4,4.1,2.1,0.57,0.27,90.0,84.2,84.0,MEDIUM,MEDIUM
16.0,69.8,93.7,31.7,38.0,3.5,27.2,0.6,0.37,120.0,83.7,111.0,LOW,HIGH
12.0,54.2,42.4,29.1,33.5,4.9,8.1,0.85,0.39,90.0,79.9,82.0,LOW,HIGH
12.0,39.4,55.1,35.9,31.2,4.4,13.9,0.75,0.38,60.0,85.5,56.0,MEDIUM,HIGH
16.0,40.9,60.9,30.8,24.0,2.2,29.2,0.36,0.35,90.0,89.4,86.0,LOW,HIGH
8.0,85.2,45.4,40.0,60.5,4.6,25.1,0.42,0.73,90.0,24.4,59.0,MEDIUM,MEDIUM
16.0,81.3,26.1,31.9,65.3,4.8,5.0,0.46,0.79,120.0,59.0,98.0,MEDIUM,MEDIUM
8.0,82.8,40.2,33.7,74.1,3.4,16.2,0.34,0.44,120.0,54.0,95.0,LOW,LOW
16.0,87.5,44.5,37.4,71.9,5.7,22.4,0.46,0.42,120.0,27.7,81.0,MEDIUM,MEDIUM
8.0,43.7,55.6,32.7,37.7,5.5,21.6,0.78,0.81,90.0,67.2,77.0,MEDIUM,HIGH
16.0,51.9,36.8,34.2,41.1,2.6,23.3,0.43,0.65,60.0,84.8,56.0,MEDIUM,HIGH
12.0,69.5,85.3,41.5,72.0,5.8,14.8,0.86,0.41,90.0,43.6,65.0,HIGH,HIGH
16.0,59.1,73.6,31.0,42.8,3.7,6.9,0.59,0.71,90.0,82.7,83.0,LOW,HIGH
8.0,55.4,30.9,29.4,30.7,5.0,15.0,0.49,0.45,120.0,65.2,101.0,LOW,HIGH
12.0,52.0,69.9,33.4,44.9,5.4,20.1,0.55,0.62,120.0,82.5,111.0,MEDIUM,HIGH
16.0,65.3,70.1,35.0,35.9,4.0,19.0,0.77,0.91,90.0,84.9,84.0,HIGH,HIGH
12.0,64.2,91.0,37.0,19.8,3.6,4.0,0.63,0.42,90.0,83.9,83.0,MEDIUM,HIGH
12.0,41.0,25.2,34.1,85.1,5.8,3.8,0.26,0.87,60.0,88.2,57.0,LOW,MEDIUM
12.0,58.4,42.1,41.0,87.1,2.8,29.0,0.92,0.43,90.0,85.1,82.0,HIGH,HIGH
12.0,63.0,89.0,28.6,31.3,2.9,6.3,0.3,0.59,60.0,86.2,56.0,LOW,HIGH
12.0,63.9,89.3,35.1,17.7,3.4,10.2,0.94,0.53,120.0,77.5,108.0,MEDIUM,HIGH
12.0,43.8,74.7,34.3,77.0,5.6,23.5,0.27,0.76,120.0,92.8,116.0,LOW,MEDIUM
16.0,73.6,77.8,38.7,30.6,5.9,13.5,0.81,0.24,90.0,57.8,73.0,HIGH,HIGH
8.0,33.4,31.3,43.9,46.6,2.8,7.1,0.64,0.65,60.0,63.2,43.0,HIGH,HIGH
12.0,51.9,60.5,36.4,17.6,5.6,15.1,0.62,0.75,60.0,74.0,53.0,MEDIUM,HIGH
16.0,75.7,41.0,44.3,31.9,2.9,17.9,0.3,0.54,90.0,62.3,67.0,HIGH,HIGH
16.0,63.6,37.5,33.0,81.8,6.1,14.7,0.42,0.28,60.0,87.4,57.0,LOW,LOW
12.0,46.6,80.9,28.5,82.8,4.4,27.7,0.82,0.38,60.0,88.5,57.0,LOW,MEDIUM
12.0,70.9,34.3,30.7,30.2,1.8,10.0,0.9,0.69,120.0,85.0,112.0,MEDIUM,HIGH
12.0,63.8,57.3,34.5,41.6,2.0,20.5,0.64,0.84,60.0,84.6,56.0,MEDIUM,HIGH
8.0,76.6,89.8,33.2,23.8,2.4,5.1,0.51,0.5,60.0,75.5,53.0,LOW,HIGH
12.0,73.2,37.8,29.6,18.5,2.6,13.0,0.29,0.6,90.0,83.6,83.0,LOW,HIGH
12.0,66.2,92.5,35.1,99.3,5.2,22.7,0.75,0.36,120.0,64.5,101.0,MEDIUM,MEDIUM
12.0,59.3,93.6,33.6,69.7,2.8,8.3,0.45,0.5,90.0,86.0,84.0,LOW,MEDIUM
8.0,39.5,63.3,30.0,59.7,6.1,18.5,0.29,0.44,120.0,72.9,105.0,LOW,MEDIUM
16.0,46.6,36.7,32.9,79.4,4.6,6.3,0.74,0.67,90.0,86.7,85.0,MEDIUM,HIGH
16.0,55.5,46.8,42.6,85.9,4.8,4.9,0.6,0.91,60.0,76.3,49.0,HIGH,MEDIUM
12.0,65.6,54.3,33.0,83.0,2.8,16.7,0.26,0.79,120.0,82.6,111.0,LOW,MEDIUM
12.0,60.8,46.3,39.8,13.5,5.7,20.9,0.33,0.34,60.0,61.5,50.0,MEDIUM,HIGH
12.0,48.1,44.4,38.1,28.4,4.7,5.2,0.76,0.62,60.0,84.8,56.0,HIGH,HIGH
16.0,32.4,92.1,35.0,69.6,5.6,27.7,0.3,0.25,60.0,85.4,56.0,LOW,LOW
12.0,59.8,35.6,31.9,45.1,6.0,8.3,0.88,0.38,90.0,64.5,76.0,MEDIUM,HIGH
8.0,48.0,75.6,34.1,98.5,2.4,5.4,0.48,0.32,120.0,85.4,112.0,LOW,LOW
16.0,73.1,25.0,37.8,70.6,2.2,7.7,0.31,0.44,60.0,89.2,57.0,MEDIUM,MEDIUM
16.0,33.3,66.1,33.8,96.2,5.3,6.7,0.8,0.69,60.0,86.4,56.0,MEDIUM,MEDIUM
16.0,64.8,88.2,31.5,29.7,5.6,4.5,0.63,0.56,120.0,78.1,108.0,MEDIUM,HIGH
12.0,84.7,44.9,29.9,88.0,4.4,24.3,0.47,0.87,60.0,43.9,45.0,LOW,MEDIUM
12.0,41.8,37.8,42.5,40.3,3.4,15.9,0.55,0.35,90.0,76.8,76.0,HIGH,HIGH
12.0,58.4,70.0,35.3,99.1,4.7,12.9,0.27,0.46,60.0,87.0,56.0,LOW,LOW
16.0,37.1,74.2,38.3,25.9,3.1,28.6,0.73,0.44,60.0,81.9,55.0,MEDIUM,HIGH
16.0,67.0,72.5,36.1,57.4,2.8,12.4,0.52,0.37,60.0,88.2,57.0,MEDIUM,MEDIUM
8.0,62.8,47.0,42.4,81.8,3.9,6.7,0.77,0.92,60.0,57.3,44.0,HIGH,HIGH
8.0,54.8,42.4,37.0,50.1,2.8,9.7,0.71,0.48,90.0,84.0,84.0,MEDIUM,HIGH
12.0,61.2,91.0,35.9,53.2,3.9,8.7,0.73,0.88,120.0,79.0,109.0,HIGH,HIGH
16.0,82.2,88.7,43.3,98.8,6.0,16.0,0.83,0.48,60.0,18.0,32.0,HIGH,MEDIUM
16.0,43.0,56.6,39.9,49.4,5.5,10.2,0.71,0.35,90.0,78.3,81.0,MEDIUM,HIGH
8.0,33.3,83.4,29.8,65.2,5.9,16.4,0.56,0.29,90.0,80.6,82.0,LOW,MEDIUM
12.0,80.3,56.2,30.9,16.8,5.3,20.7,0.53,0.82,60.0,32.0,42.0,LOW,HIGH
12.0,64.3,54.3,41.0,86.1,3.4,23.8,0.34,0.22,90.0,80.3,80.0,MEDIUM,LOW
16.0,81.9,35.8,41.8,69.0,5.4,21.9,0.82,0.89,90.0,38.2,62.0,HIGH,HIGH
16.0,65.4,54.4,37.0,47.6,5.9,7.8,0.81,0.5,60.0,81.8,55.0,MEDIUM,HIGH
16.0,77.4,62.1,37.1,13.4,6.0,5.2,0.43,0.38,60.0,45.4,45.0,MEDIUM,HIGH
12.0,56.1,26.6,38.4,64.1,4.8,17.2,0.88,0.64,120.0,78.5,108.0,HIGH,HIGH
12.0,74.0,55.6,35.2,13.1,2.7,7.6,0.68,0.3,90.0,73.9,79.0,MEDIUM,HIGH
12.0,83.1,78.9,39.2,12.1,2.0,4.4,0.6,0.25,60.0,69.0,52.0,MEDIUM,HIGH
8.0,64.0,71.9,29.8,66.2,2.4,16.8,0.26,0.8,60.0,83.0,55.0,LOW,MEDIUM
16.0,42.1,68.8,43.9,28.6,6.0,11.2,0.53,0.51,60.0,62.9,43.0,HIGH,HIGH
16.0,47.1,87.8,40.4,28.9,3.8,23.2,0.72,0.57,60.0,76.3,53.0,HIGH,HIGH
16.0,43.1,26.2,38.4,69.5,5.6,10.8,0.32,0.33,60.0,86.5,56.0,MEDIUM,LOW
16.0,45.8,63.4,33.2,16.7,3.8,29.4,0.59,0.24,60.0,86.7,56.0,LOW,HIGH
12.0,49.2,79.3,30.7,39.6,4.7,23.2,0.98,0.46,60.0,88.0,57.0,MEDIUM,HIGH
12.0,63.1,62.4,34.8,25.2,1.9,3.6,0.77,0.56,90.0,82.6,83.0,MEDIUM,HIGH
16.0,64.9,47.3,38.9,63.1,2.9,16.2,0.65,0.75,60.0,82.1,55.0,HIGH,HIGH
16.0,55.9,34.4,38.5,70.2,3.7,17.8,0.64,0.56,60.0,81.3,55.0,HIGH,MEDIUM
8.0,66.5,86.2,34.3,75.5,4.6,21.5,0.28,0.76,60.0,55.5,48.0,LOW,MEDIUM
12.0,36.6,57.5,38.1,34.5,2.6,15.9,0.95,0.28,60.0,86.6,56.0,HIGH,HIGH
8.0,36.9,85.6,41.4,19.9,5.2,15.5,0.93,0.25,60.0,79.1,52.0,HIGH,HIGH
16.0,41.6,65.4,28.4,18.9,3.4,12.3,0.75,0.31,90.0,87.7,85.0,LOW,HIGH
12.0,61.0,71.5,35.4,49.5,5.4,9.6,0.32,0.76,60.0,77.4,54.0,MEDIUM,MEDIUM
8.0,44.0,80.5,40.5,95.2,2.2,28.5,0.4,0.75,60.0,78.5,53.0,MEDIUM,MEDIUM
12.0,47.9,70.5,37.0,31.2,4.8,10.9,0.38,0.3,90.0,87.8,85.0,MEDIUM,MEDIUM
12.0,54.4,52.5,38.7,34.6,3.1,3.8,0.63,0.22,90.0,87.4,85.0,MEDIUM,HIGH
12.0,77.5,60.4,36.5,20.9,5.3,6.7,0.4,0.69,60.0,46.9,46.0,MEDIUM,HIGH
8.0,32.8,80.4,44.4,65.3,3.6,26.0,0.76,0.82,60.0,53.8,40.0,HIGH,HIGH
12.0,68.4,50.8,28.9,71.8,4.7,18.4,0.65,0.74,120.0,68.4,103.0,LOW,HIGH
12.0,69.5,51.8,36.1,68.6,5.9,23.8,0.26,0.35,120.0,48.8,92.0,LOW,LOW
12.0,76.7,31.6,29.5,87.8,1.9,24.6,0.79,0.62,60.0,79.8,55.0,LOW,MEDIUM
12.0,84.2,88.1,30.6,54.8,1.8,25.1,0.39,0.75,60.0,76.9,54.0,LOW,MEDIUM
16.0,33.1,31.3,34.3,23.8,5.2,17.4,0.85,0.38,60.0,83.4,56.0,MEDIUM,HIGH
12.0,40.6,69.7,30.6,37.5,4.6,7.0,0.51,0.58,60.0,85.6,56.0,LOW,HIGH
12.0,81.6,53.5,43.9,70.3,3.1,6.2,0.5,0.43,60.0,54.1,41.0,HIGH,MEDIUM
16.0,57.7,53.0,43.6,66.0,4.0,18.1,0.26,0.36,90.0,72.1,72.0,HIGH,LOW
12.0,63.6,71.9,33.5,58.7,2.0,12.3,0.97,0.9,60.0,80.3,55.0,MEDIUM,HIGH
8.0,69.1,29.6,38.6,72.1,2.6,17.6,0.7,0.86,60.0,81.3,55.0,HIGH,HIGH
8.0,70.0,66.0,36.8,68.1,3.7,16.0,0.56,0.52,90.0,69.7,78.0,MEDIUM,MEDIUM
12.0,84.2,78.3,41.5,89.6,5.5,18.9,0.32,0.3,120.0,31.2,80.0,MEDIUM,LOW
12.0,87.8,82.1,38.4,63.6,3.9,2.9,0.76,0.72,60.0,44.8,45.0,HIGH,HIGH
12.0,72.3,36.8,28.0,80.5,4.4,2.9,0.46,0.38,90.0,74.5,80.0,LOW,MEDIUM
8.0,48.1,86.9,40.6,33.9,5.6,22.2,0.97,0.32,60.0,52.6,46.0,HIGH,HIGH
8.0,81.3,70.3,40.3,71.7,3.2,7.4,0.94,0.47,60.0,47.1,45.0,HIGH,HIGH
8.0,34.8,85.8,36.4,91.4,4.9,20.3,0.79,0.58,120.0,78.2,108.0,MEDIUM,MEDIUM
12.0,44.9,58.5,42.9,45.9,5.6,17.3,0.96,0.27,60.0,67.7,46.0,HIGH,HIGH
12.0,82.3,62.4,43.0,80.6,2.7,29.5,0.33,0.61,90.0,66.5,71.0,HIGH,MEDIUM
12.0,46.3,88.4,36.6,75.8,3.4,25.4,0.45,0.21,60.0,86.7,56.0,MEDIUM,LOW
12.0,44.4,87.1,38.0,17.2,6.1,13.6,0.43,0.84,60.0,77.0,54.0,MEDIUM,HIGH
16.0,39.7,55.9,44.4,63.2,6.1,19.3,0.3,0.86,90.0,62.3,67.0,HIGH,MEDIUM
12.0,80.1,43.9,32.9,23.5,2.8,5.3,0.96,0.73,60.0,77.1,54.0,MEDIUM,HIGH
12.0,60.0,52.1,33.4,97.1,2.1,12.8,0.29,0.54,60.0,94.2,58.0,LOW,LOW
12.0,69.8,51.8,31.0,83.4,3.0,22.5,0.88,0.38,90.0,79.6,82.0,MEDIUM,MEDIUM
12.0,45.4,44.8,42.8,21.7,3.6,19.4,0.81,0.74,60.0,68.7,47.0,HIGH,HIGH
12.0,74.5,43.5,40.3,22.7,3.7,15.6,0.52,0.87,60.0,69.4,51.0,HIGH,HIGH
16.0,74.6,84.4,29.7,64.3,4.5,6.9,0.26,0.31,90.0,81.0,82.0,LOW,LOW
16.0,49.5,29.8,44.2,42.4,5.8,24.5,0.25,0.54,60.0,67.2,44.0,HIGH,MEDIUM
8.0,55.0,71.8,40.1,15.1,3.3,9.6,0.4,0.43,90.0,69.5,78.0,MEDIUM,HIGH
16.0,43.7,36.9,42.0,59.7,5.5,25.0,0.61,0.46,120.0,80.4,106.0,HIGH,MEDIUM
12.0,86.7,48.8,28.8,46.1,2.2,19.1,0.58,0.49,60.0,73.5,53.0,LOW,HIGH
12.0,68.2,29.2,36.3,20.9,2.0,12.4,0.68,0.89,60.0,84.5,56.0,MEDIUM,HIGH
12.0,84.3,43.6,39.5,82.6,4.0,3.1,0.81,0.39,90.0,43.4,67.0,HIGH,MEDIUM
16.0,49.0,78.0,37.0,92.5,2.1,8.5,0.53,0.55,60.0,91.7,58.0,MEDIUM,MEDIUM
12.0,75.8,86.1,39.0,78.6,3.5,26.9,0.37,0.89,90.0,70.5,78.0,MEDIUM,MEDIUM
12.0,74.9,40.3,41.5,84.4,5.7,24.9,0.83,0.54,60.0,35.5,40.0,HIGH,HIGH
12.0,70.7,57.0,34.2,31.1,2.9,18.1,0.49,0.82,60.0,83.6,56.0,MEDIUM,HIGH
8.0,86.1,57.5,42.0,35.2,4.9,15.1,0.46,0.24,60.0,19.8,35.0,HIGH,MEDIUM
8.0,54.0,85.3,30.7,30.4,3.1,20.1,0.81,0.89,90.0,80.0,82.0,MEDIUM,HIGH
8.0,39.3,77.6,32.5,79.3,2.0,15.1,0.93,0.34,60.0,83.7,56.0,MEDIUM,HIGH
8.0,69.6,60.4,28.7,95.4,4.2,20.0,0.92,0.91,90.0,51.4,70.0,LOW,HIGH
8.0,72.8,71.3,34.0,75.1,5.5,10.6,0.35,0.33,90.0,37.4,65.0,LOW,LOW
8.0,64.2,83.5,34.3,89.6,3.6,25.5,0.62,0.52,60.0,72.4,53.0,MEDIUM,MEDIUM
12.0,43.6,25.7,41.3,68.2,4.5,21.7,0.32,0.42,60.0,88.5,55.0,MEDIUM,MEDIUM
8.0,60.2,52.8,38.8,46.1,5.8,11.2,0.95,0.51,60.0,42.1,44.0,HIGH,HIGH
12.0,49.5,87.6,35.2,49.5,5.3,25.3,0.41,0.38,90.0,86.2,84.0,LOW,MEDIUM
16.0,55.9,76.1,38.8,18.6,2.7,15.6,0.39,0.9,90.0,84.3,84.0,HIGH,HIGH
12.0,68.1,62.5,28.9,14.8,5.0,6.9,0.9,0.42,60.0,57.4,48.0,LOW,HIGH
12.0,73.7,61.5,31.0,73.2,4.0,4.2,0.96,0.67,60.0,68.5,51.0,MEDIUM,HIGH
8.0,45.0,49.0,38.3,50.6,5.1,21.6,0.76,0.3,60.0,74.3,53.0,MEDIUM,HIGH
8.0,54.7,60.9,38.6,60.6,4.0,26.2,0.34,0.79,60.0,83.2,55.0,MEDIUM,MEDIUM
8.0,47.1,70.2,40.8,61.1,2.4,24.6,0.6,0.59,90.0,75.6,79.0,HIGH,HIGH
8.0,43.1,53.9,34.6,36.4,4.3,20.4,0.85,0.91,60.0,71.1,52.0,MEDIUM,HIGH
12.0,75.9,74.3,39.9,53.9,4.0,6.0,0.67,0.5,60.0,60.5,49.0,HIGH,HIGH
8.0,82.9,84.4,39.3,53.4,4.1,4.6,0.35,0.34,90.0,40.8,66.0,MEDIUM,MEDIUM
8.0,52.7,35.7,43.9,46.2,5.7,11.7,0.38,0.45,60.0,31.2,34.0,HIGH,MEDIUM
8.0,74.1,56.2,31.5,84.2,5.7,25.9,0.88,0.73,60.0,27.0,40.0,MEDIUM,HIGH
12.0,82.2,53.2,37.1,51.7,3.8,28.9,0.63,0.67,60.0,55.8,48.0,MEDIUM,HIGH
8.0,79.4,72.4,37.9,65.1,3.8,8.8,0.77,0.76,90.0,50.8,70.0,HIGH,HIGH
12.0,42.2,42.2,44.5,90.8,4.1,23.3,0.52,0.25,60.0,59.0,41.0,HIGH,LOW
12.0,85.6,69.2,31.3,88.2,4.1,18.1,0.64,0.62,60.0,51.9,47.0,LOW,MEDIUM
12.0,53.1,85.5,36.6,90.4,6.0,2.9,0.96,0.87,60.0,75.4,53.0,HIGH,HIGH
8.0,51.0,53.9,33.7,35.8,4.7,17.2,0.49,0.28,60.0,76.5,54.0,LOW,MEDIUM
12.0,35.5,87.9,36.7,15.1,3.0,24.6,0.74,0.27,60.0,82.8,55.0,MEDIUM,HIGH
12.0,59.2,93.5,31.8,35.0,4.1,9.7,0.38,0.72,60.0,77.4,54.0,LOW,HIGH
8.0,38.1,32.3,28.8,36.5,4.6,27.1,0.34,0.43,60.0,85.4,56.0,LOW,MEDIUM
16.0,45.9,41.1,37.4,92.0,4.6,8.6,0.82,0.67,60.0,83.3,55.0,HIGH,HIGH
16.0,49.7,90.6,33.5,69.1,4.4,4.1,0.87,0.59,60.0,79.8,55.0,MEDIUM,HIGH
8.0,77.3,91.1,31.0,19.2,2.6,6.5,0.74,0.91,90.0,66.9,77.0,MEDIUM,HIGH
12.0,81.0,31.7,33.3,23.9,1.9,25.4,0.37,0.84,90.0,78.7,81.0,LOW,HIGH
16.0,48.9,26.0,28.8,25.7,3.3,13.7,0.43,0.69,60.0,87.2,57.0,LOW,HIGH
12.0,80.1,36.1,43.7,67.5,3.7,24.3,0.92,0.39,60.0,43.8,38.0,HIGH,HIGH
8.0,80.0,93.7,37.6,76.7,2.1,16.9,0.46,0.39,60.0,71.1,52.0,MEDIUM,MEDIUM
8.0,74.8,37.4,41.4,87.6,5.4,15.5,0.85,0.84,60.0,28.1,38.0,HIGH,HIGH
12.0,40.2,59.7,35.0,94.8,3.3,24.6,0.46,0.62,60.0,89.5,57.0,MEDIUM,MEDIUM
12.0,70.7,83.5,42.9,29.8,5.8,13.9,0.94,0.77,60.0,26.7,35.0,HIGH,HIGH
12.0,84.9,26.4,36.0,39.3,2.5,24.5,0.92,0.52,60.0,69.2,52.0,HIGH,HIGH
12.0,70.2,66.7,37.5,33.1,2.1,4.8,0.28,0.27,120.0,93.0,116.0,MEDIUM,MEDIUM
12.0,50.6,44.1,36.1,43.6,3.9,19.8,0.81,0.44,60.0,87.4,57.0,MEDIUM,HIGH
12.0,60.0,84.5,40.1,92.5,2.6,21.7,0.37,0.32,120.0,84.1,111.0,MEDIUM,LOW
8.0,68.2,44.6,37.3,62.6,5.9,27.2,0.41,0.76,120.0,30.1,82.0,MEDIUM,MEDIUM
12.0,60.6,72.4,32.5,77.0,1.8,8.3,0.59,0.7,90.0,90.2,86.0,LOW,MEDIUM
12.0,38.7,71.5,30.4,55.1,3.6,18.9,0.67,0.26,120.0,86.2,113.0,LOW,MEDIUM
16.0,49.5,40.3,38.0,14.5,5.9,14.1,0.49,0.65,60.0,83.4,56.0,MEDIUM,HIGH
12.0,76.9,27.4,36.1,17.6,3.5,12.7,0.67,0.83,60.0,71.8,52.0,MEDIUM,HIGH
12.0,80.2,53.2,29.6,59.3,2.2,5.0,0.37,0.7,60.0,84.2,56.0,LOW,MEDIUM
8.0,39.7,45.0,34.5,75.3,3.1,5.8,0.27,0.57,60.0,89.9,57.0,LOW,LOW
12.0,85.3,80.8,36.5,30.9,4.0,25.4,0.67,0.42,60.0,52.2,47.0,MEDIUM,HIGH
12.0,50.4,80.2,41.6,75.5,2.6,23.0,0.63,0.84,90.0,79.7,79.0,HIGH,HIGH
8.0,69.1,56.5,29.3,83.3,3.9,12.7,0.75,0.5,60.0,61.1,49.0,LOW,MEDIUM
12.0,74.1,66.8,33.8,48.2,5.5,25.2,0.72,0.82,60.0,41.3,44.0,MEDIUM,HIGH
12.0,77.5,66.7,41.6,77.7,5.6,4.3,0.91,0.76,90.0,31.6,59.0,HIGH,HIGH
8.0,85.0,82.1,38.7,47.6,2.0,19.5,0.59,0.79,60.0,67.1,51.0,HIGH,HIGH
12.0,49.5,54.3,32.8,71.7,2.5,26.3,0.26,0.91,60.0,88.5,57.0,LOW,MEDIUM
8.0,80.1,44.0,41.9,79.2,3.0,25.5,0.71,0.74,60.0,55.0,44.0,HIGH,HIGH
12.0,39.4,43.3,36.1,99.3,4.4,12.4,0.74,0.22,90.0,87.8,85.0,MEDIUM,MEDIUM
8.0,71.5,62.0,36.2,42.4,3.4,22.9,0.63,0.35,90.0,67.7,77.0,MEDIUM,HIGH
16.0,73.6,56.0,44.1,48.2,5.5,14.0,0.75,0.23,90.0,44.3,60.0,HIGH,HIGH
12.0,70.0,55.4,43.6,26.6,5.0,25.5,0.49,0.34,60.0,47.5,39.0,HIGH,HIGH
12.0,46.1,31.3,33.9,30.0,2.2,16.9,0.36,0.24,120.0,88.0,114.0,LOW,MEDIUM
12.0,80.9,74.6,30.3,73.0,4.5,23.4,0.74,0.56,60.0,54.2,48.0,MEDIUM,HIGH
12.0,41.5,39.7,33.4,92.7,2.3,4.2,0.43,0.22,90.0,89.7,86.0,LOW,LOW
8.0,35.0,38.6,28.5,46.7,2.9,18.5,0.58,0.54,120.0,84.1,111.0,LOW,HIGH
12.0,72.2,53.5,28.3,27.8,2.6,17.4,0.61,0.85,90.0,80.4,82.0,LOW,HIGH
12.0,58.6,40.7,34.5,37.1,2.6,19.1,0.6,0.74,90.0,82.5,83.0,MEDIUM,HIGH
12.0,79.5,65.3,43.5,52.0,4.5,21.5,0.69,0.88,60.0,34.2,36.0,HIGH,HIGH
12.0,53.5,50.6,42.4,37.6,4.3,27.7,0.27,0.36,60.0,82.0,51.0,HIGH,MEDIUM
8.0,41.4,56.0,36.4,32.6,2.6,24.0,0.97,0.58,120.0,85.2,112.0,MEDIUM,HIGH
12.0,78.8,62.1,37.3,76.8,6.2,8.1,0.77,0.43,60.0,29.4,41.0,HIGH,MEDIUM
12.0,62.7,39.0,28.1,12.7,3.7,25.1,0.56,0.56,120.0,81.4,110.0,LOW,HIGH
12.0,42.6,35.7,31.6,59.5,2.2,5.4,0.39,0.6,90.0,87.8,85.0,LOW,MEDIUM
12.0,72.3,85.7,28.4,81.9,2.3,19.4,0.31,0.23,60.0,90.1,57.0,LOW,LOW
12.0,60.6,54.9,40.4,35.4,4.4,26.7,0.74,0.37,90.0,70.5,77.0,HIGH,HIGH
16.0,65.8,53.4,30.4,65.1,6.1,4.8,0.48,0.71,60.0,76.4,54.0,LOW,MEDIUM
12.0,57.8,27.5,42.3,70.9,4.3,25.8,0.42,0.76,60.0,74.4,49.0,HIGH,MEDIUM
8.0,78.4,59.4,38.6,69.6,6.0,24.4,0.53,0.61,60.0,18.0,38.0,MEDIUM,MEDIUM
8.0,78.5,63.2,31.8,51.2,3.8,16.1,0.68,0.39,60.0,53.2,47.0,LOW,HIGH
8.0,71.7,63.6,30.6,42.5,3.7,10.6,0.74,0.49,120.0,63.1,100.0,LOW,HIGH
8.0,37.9,73.8,38.4,85.6,4.0,13.4,0.72,0.27,60.0,84.4,56.0,MEDIUM,MEDIUM
8.0,79.0,37.2,42.9,78.7,4.9,29.1,0.88,0.89,90.0,18.0,52.0,HIGH,HIGH
8.0,69.6,42.4,39.9,40.3,3.4,7.6,0.41,0.83,60.0,66.0,51.0,MEDIUM,HIGH
12.0,71.0,80.9,33.8,21.1,5.6,18.2,0.71,0.25,90.0,52.1,71.0,MEDIUM,HIGH
8.0,52.3,90.4,37.7,18.3,1.9,4.3,0.32,0.32,90.0,83.2,83.0,MEDIUM,HIGH
16.0,81.2,34.4,33.1,20.3,3.7,8.1,0.65,0.62,60.0,76.9,54.0,MEDIUM,HIGH
8.0,72.6,59.3,44.5,63.3,4.0,23.4,0.68,0.37,120.0,31.9,75.0,HIGH,MEDIUM
12.0,38.3,39.8,40.4,16.5,4.5,10.5,0.41,0.87,120.0,74.4,106.0,HIGH,HIGH
12.0,54.8,29.1,38.1,41.6,3.0,29.6,0.54,0.74,90.0,85.7,84.0,MEDIUM,HIGH
16.0,81.6,47.5,35.0,78.3,3.7,16.0,0.85,0.4,120.0,75.6,107.0,MEDIUM,HIGH
8.0,34.6,34.9,38.2,37.9,3.9,16.5,0.36,0.2,90.0,90.2,86.0,MEDIUM,MEDIUM
12.0,85.8,74.0,33.6,79.2,4.8,3.0,0.57,0.78,90.0,37.1,65.0,MEDIUM,MEDIUM
16.0,70.0,61.8,28.5,77.6,5.2,28.8,0.93,0.51,60.0,78.9,54.0,LOW,HIGH
16.0,67.4,34.9,34.5,33.6,5.0,6.9,0.62,0.66,60.0,78.2,54.0,MEDIUM,HIGH
16.0,47.2,25.6,43.4,76.1,3.3,17.1,0.78,0.41,120.0,68.5,97.0,HIGH,MEDIUM
12.0,45.9,80.8,38.3,77.8,6.2,13.1,0.85,0.3,60.0,76.5,54.0,HIGH,MEDIUM
8.0,84.8,37.2,29.4,47.0,5.5,13.6,0.4,0.69,60.0,19.6,38.0,LOW,HIGH
12.0,48.7,66.8,42.6,30.5,2.9,20.0,0.41,0.52,60.0,75.6,49.0,HIGH,HIGH
16.0,75.4,48.2,32.4,57.9,2.7,20.5,0.8,0.37,60.0,85.4,56.0,MEDIUM,HIGH
12.0,54.0,65.4,32.0,93.1,3.2,6.3,0.8,0.3,60.0,83.9,56.0,LOW,MEDIUM
12.0,39.8,46.8,32.9,68.3,3.8,16.0,0.29,0.62,90.0,89.4,86.0,LOW,MEDIUM
12.0,32.6,31.0,37.5,27.2,5.5,24.1,0.49,0.72,120.0,87.0,113.0,MEDIUM,HIGH
12.0,62.5,40.4,37.0,72.1,5.2,14.4,0.54,0.4,60.0,74.8,53.0,MEDIUM,MEDIUM
8.0,86.6,38.0,36.1,49.6,5.5,6.6,0.86,0.73,90.0,18.0,57.0,HIGH,HIGH
12.0,52.7,54.5,39.8,64.1,3.0,10.8,0.56,0.33,60.0,78.4,54.0,MEDIUM,MEDIUM
12.0,52.0,70.4,33.2,76.6,4.4,7.9,0.93,0.44,60.0,84.2,56.0,MEDIUM,HIGH
12.0,51.3,43.2,40.9,57.3,3.0,5.5,0.98,0.74,90.0,73.2,78.0,HIGH,HIGH
8.0,61.2,25.8,30.9,83.6,2.3,12.6,0.82,0.68,120.0,85.8,112.0,LOW,HIGH
8.0,56.7,60.8,40.9,75.5,4.8,17.1,0.74,0.39,60.0,54.8,46.0,HIGH,MEDIUM
12.0,81.3,66.8,39.0,66.1,2.4,4.0,0.54,0.29,60.0,79.1,54.0,MEDIUM,MEDIUM
12.0,60.3,91.4,39.3,25.3,4.7,18.9,0.3,0.23,60.0,74.2,53.0,MEDIUM,MEDIUM
12.0,60.4,65.7,35.9,85.6,4.7,29.8,0.67,0.8,120.0,79.9,109.0,MEDIUM,MEDIUM
8.0,39.7,57.5,39.0,94.4,5.4,29.0,0.51,0.25,60.0,75.5,53.0,MEDIUM,LOW
12.0,87.0,64.6,29.3,24.1,2.4,25.2,0.51,0.28,60.0,77.9,54.0,LOW,HIGH
12.0,46.0,89.0,42.1,55.0,5.2,9.5,0.75,0.37,120.0,76.2,103.0,HIGH,HIGH
8.0,36.1,82.2,28.9,34.8,6.2,2.6,0.59,0.52,90.0,71.2,78.0,LOW,HIGH
12.0,69.1,47.3,30.5,78.4,5.5,25.3,0.8,0.77,120.0,58.6,98.0,MEDIUM,HIGH
8.0,65.3,41.4,37.5,75.5,5.1,3.6,0.54,0.38,120.0,46.9,91.0,MEDIUM,MEDIUM
8.0,55.2,43.1,40.2,24.4,4.7,7.8,0.36,0.59,60.0,64.8,50.0,MEDIUM,HIGH
16.0,55.6,59.8,29.3,89.2,3.7,17.2,0.59,0.27,90.0,88.4,85.0,LOW,LOW
12.0,76.0,76.3,43.2,27.9,5.0,7.0,0.94,0.53,60.0,30.4,35.0,HIGH,HIGH
16.0,43.0,59.7,44.1,82.2,5.0,25.3,0.84,0.33,120.0,61.4,92.0,HIGH,MEDIUM
12.0,77.9,29.7,38.0,52.2,4.6,23.8,0.4,0.35,60.0,62.5,50.0,MEDIUM,MEDIUM
12.0,68.3,74.9,35.9,40.9,5.3,23.2,0.54,0.46,90.0,66.8,77.0,MEDIUM,HIGH
12.0,55.5,80.6,40.2,25.9,3.8,24.9,0.93,0.75,60.0,70.8,52.0,HIGH,HIGH
12.0,57.6,45.0,33.4,26.8,2.3,8.2,0.34,0.74,60.0,86.3,56.0,LOW,HIGH
12.0,46.4,70.8,36.1,70.2,4.3,22.4,0.44,0.5,60.0,90.6,57.0,MEDIUM,MEDIUM
12.0,74.1,54.4,43.1,60.4,3.0,11.9,0.44,0.29,90.0,65.3,70.0,HIGH,MEDIUM
12.0,60.7,86.3,43.8,22.7,3.5,20.7,0.67,0.4,60.0,64.2,44.0,HIGH,HIGH
16.0,50.0,83.3,43.3,21.9,1.9,5.4,0.55,0.56,60.0,65.4,45.0,HIGH,HIGH
16.0,65.4,61.3,32.3,18.4,3.5,21.8,0.31,0.83,60.0,84.8,56.0,LOW,HIGH
16.0,87.8,72.7,31.8,77.5,5.4,29.2,0.71,0.9,60.0,26.6,40.0,MEDIUM,HIGH
8.0,56.4,86.0,32.9,74.6,4.2,3.2,0.32,0.66,90.0,73.2,79.0,LOW,MEDIUM
12.0,83.6,59.2,35.3,17.1,1.8,4.6,0.69,0.45,60.0,74.1,53.0,MEDIUM,HIGH
16.0,51.3,46.6,33.2,61.3,3.9,5.5,0.62,0.7,60.0,83.8,56.0,MEDIUM,HIGH
8.0,35.1,77.0,34.2,19.5,3.1,14.1,0.61,0.44,90.0,85.3,84.0,MEDIUM,HIGH
8.0,43.4,40.2,38.2,91.5,3.9,10.1,0.3,0.65,90.0,82.1,83.0,MEDIUM,LOW
12.0,55.4,51.8,40.6,91.8,3.6,24.6,0.72,0.38,90.0,80.1,81.0,HIGH,MEDIUM
12.0,44.3,84.7,40.1,73.4,5.9,15.3,0.56,0.39,120.0,75.7,107.0,HIGH,MEDIUM
16.0,32.0,75.0,41.4,93.5,2.0,15.6,0.55,0.25,60.0,88.6,54.0,MEDIUM,LOW
8.0,83.2,52.9,28.5,83.4,4.8,22.1,0.69,0.5,90.0,29.9,62.0,LOW,MEDIUM
12.0,79.3,39.8,28.8,84.9,5.5,12.1,0.69,0.65,90.0,37.7,65.0,LOW,MEDIUM
8.0,73.6,49.6,41.0,62.1,6.0,11.9,0.26,0.77,90.0,26.8,59.0,MEDIUM,MEDIUM
8.0,41.4,44.6,36.8,38.9,2.6,23.2,0.34,0.78,90.0,85.8,84.0,MEDIUM,HIGH
8.0,38.7,37.2,37.5,31.2,4.1,23.8,0.42,0.91,60.0,82.5,55.0,MEDIUM,HIGH
16.0,35.8,76.3,28.9,40.8,2.0,2.4,0.74,0.26,60.0,86.2,56.0,LOW,HIGH
12.0,72.5,42.4,32.2,67.3,4.0,6.0,0.67,0.56,90.0,75.8,80.0,MEDIUM,HIGH
12.0,84.0,56.3,38.5,27.2,2.4,8.0,0.8,0.58,60.0,75.9,53.0,HIGH,HIGH
12.0,56.1,51.6,42.2,34.8,5.5,11.8,0.79,0.78,90.0,69.4,74.0,HIGH,HIGH
16.0,38.7,92.8,43.1,53.2,2.3,10.2,0.87,0.39,90.0,64.0,70.0,HIGH,HIGH
12.0,60.7,52.0,36.3,32.5,4.1,20.7,0.53,0.25,60.0,86.1,56.0,MEDIUM,HIGH
16.0,51.5,30.5,37.0,63.8,4.1,25.2,0.5,0.43,60.0,92.5,58.0,MEDIUM,MEDIUM
12.0,53.0,31.2,41.7,93.2,6.1,7.4,0.86,0.91,60.0,70.0,49.0,HIGH,HIGH
12.0,66.8,65.8,36.9,77.8,4.7,17.8,0.42,0.85,60.0,75.6,53.0,MEDIUM,MEDIUM
12.0,72.2,66.4,36.5,70.6,3.1,12.3,0.59,0.48,60.0,81.7,55.0,MEDIUM,MEDIUM
12.0,38.2,53.9,42.9,63.3,2.9,16.2,0.39,0.83,60.0,69.5,46.0,HIGH,MEDIUM
12.0,34.0,54.8,41.0,54.9,2.4,19.4,0.92,0.22,60.0,82.0,53.0,HIGH,HIGH
12.0,87.7,28.7,43.0,28.4,5.1,27.0,0.55,0.43,60.0,18.0,32.0,HIGH,HIGH
8.0,45.0,60.6,31.6,90.7,4.8,7.4,0.41,0.72,60.0,82.8,55.0,LOW,MEDIUM
16.0,35.0,59.8,36.7,33.9,4.5,4.4,0.76,0.36,120.0,89.4,114.0,MEDIUM,HIGH
12.0,42.6,35.3,41.9,20.0,2.0,19.6,0.43,0.34,120.0,78.1,105.0,HIGH,HIGH
12.0,34.2,32.2,29.8,78.0,5.2,13.0,0.94,0.82,60.0,84.0,56.0,MEDIUM,HIGH
16.0,53.9,33.5,41.1,27.5,4.6,6.6,0.52,0.64,60.0,81.3,53.0,HIGH,HIGH
12.0,76.9,32.0,31.0,44.7,6.0,5.3,0.74,0.91,60.0,32.4,42.0,MEDIUM,HIGH
8.0,51.1,67.1,41.3,14.5,4.4,17.6,0.5,0.3,60.0,75.4,51.0,MEDIUM,HIGH
16.0,56.9,38.6,38.1,24.1,3.1,10.4,0.84,0.46,90.0,81.3,82.0,HIGH,HIGH
12.0,69.8,42.3,31.2,27.2,3.5,29.9,0.9,0.42,60.0,79.8,55.0,MEDIUM,HIGH
12.0,60.5,37.0,35.8,16.8,2.6,13.4,0.83,0.83,60.0,84.7,56.0,MEDIUM,HIGH
8.0,80.2,91.1,39.3,69.8,5.0,7.9,0.87,0.38,90.0,23.0,59.0,HIGH,HIGH
12.0,80.5,84.0,38.5,85.7,4.9,19.6,0.32,0.45,90.0,47.3,69.0,MEDIUM,LOW
12.0,32.6,40.9,35.0,44.9,2.7,8.8,0.92,0.3,120.0,88.8,114.0,MEDIUM,HIGH
12.0,75.6,47.6,42.8,89.0,2.5,15.8,0.71,0.76,60.0,62.3,45.0,HIGH,MEDIUM
16.0,57.8,39.5,36.6,30.8,2.1,15.5,0.88,0.37,120.0,83.1,111.0,MEDIUM,HIGH
12.0,87.4,58.9,36.3,40.6,5.8,14.7,0.75,0.25,90.0,18.0,57.0,MEDIUM,HIGH
8.0,59.1,26.4,29.0,25.3,2.8,24.3,0.4,0.51,90.0,83.6,83.0,LOW,HIGH
12.0,87.3,71.3,43.2,66.6,3.3,8.1,0.69,0.48,120.0,40.2,82.0,HIGH,HIGH
8.0,74.3,61.1,30.9,48.9,3.0,27.3,0.32,0.33,120.0,73.7,106.0,LOW,MEDIUM
12.0,45.9,87.0,36.7,66.0,3.6,24.2,0.76,0.3,90.0,85.1,84.0,MEDIUM,MEDIUM
8.0,62.2,36.3,41.3,79.0,4.9,11.3,0.55,0.85,60.0,51.8,45.0,HIGH,MEDIUM
12.0,87.6,80.5,31.6,60.0,5.6,7.1,0.36,0.25,60.0,23.3,39.0,LOW,MEDIUM
12.0,80.0,79.6,36.7,67.2,2.6,9.8,0.96,0.27,90.0,80.4,82.0,MEDIUM,HIGH
16.0,37.5,33.8,32.0,94.3,4.8,11.3,0.91,0.38,90.0,83.6,83.0,MEDIUM,MEDIUM
12.0,71.6,52.5,40.5,38.3,3.4,17.6,0.9,0.89,90.0,61.2,73.0,HIGH,HIGH
16.0,51.4,36.7,37.3,43.6,6.1,3.3,0.83,0.26,60.0,86.1,56.0,MEDIUM,HIGH
8.0,32.4,42.6,42.1,75.2,3.1,27.6,0.76,0.79,60.0,71.0,48.0,HIGH,HIGH
16.0,54.6,43.2,42.8,65.8,1.8,4.8,0.73,0.84,60.0,71.7,47.0,HIGH,HIGH
8.0,45.1,63.4,38.7,27.7,4.1,9.8,0.33,0.47,120.0,79.7,109.0,MEDIUM,HIGH
12.0,77.9,53.4,40.0,45.1,2.5,5.1,0.91,0.41,60.0,70.9,52.0,HIGH,HIGH
12.0,50.9,90.4,37.1,53.2,2.0,9.2,0.89,0.69,90.0,79.6,82.0,HIGH,HIGH
8.0,78.3,33.7,34.3,48.9,4.9,25.5,0.8,0.71,120.0,33.6,84.0,MEDIUM,HIGH
8.0,32.0,92.2,38.7,27.7,5.0,19.2,0.93,0.76,60.0,73.5,53.0,HIGH,HIGH
12.0,49.2,40.9,43.0,93.3,3.8,8.4,0.65,0.8,90.0,66.2,71.0,HIGH,MEDIUM
12.0,45.5,78.3,34.9,79.1,4.8,26.4,0.58,0.39,90.0,84.4,84.0,MEDIUM,MEDIUM
12.0,45.1,48.4,33.2,54.4,4.2,24.4,0.96,0.69,60.0,83.3,55.0,MEDIUM,HIGH
12.0,35.8,34.9,34.4,71.8,4.6,23.1,0.59,0.3,60.0,87.3,57.0,LOW,MEDIUM
12.0,42.5,84.2,35.2,91.0,4.4,25.7,0.72,0.57,90.0,86.6,85.0,MEDIUM,MEDIUM
12.0,63.1,46.3,29.2,24.0,4.7,19.4,0.52,0.64,60.0,83.8,56.0,LOW,HIGH
12.0,48.3,70.5,36.2,34.0,2.7,16.0,0.71,0.32,90.0,84.8,84.0,MEDIUM,HIGH
8.0,55.4,64.1,36.2,59.8,3.0,12.5,0.78,0.26,90.0,84.1,84.0,MEDIUM,HIGH
16.0,53.1,57.6,37.7,82.3,3.7,8.3,0.71,0.34,60.0,84.9,56.0,MEDIUM,MEDIUM
12.0,81.1,59.2,34.0,15.2,3.8,17.6,0.63,0.5,60.0,59.4,49.0,MEDIUM,HIGH
12.0,82.7,75.5,38.1,98.6,5.2,26.9,0.47,0.84,60.0,33.1,42.0,MEDIUM,MEDIUM
12.0,59.6,31.1,42.5,52.0,3.4,18.6,0.72,0.58,60.0,74.1,49.0,HIGH,HIGH
16.0,50.5,71.1,43.8,43.6,2.5,27.7,0.91,0.74,90.0,61.0,67.0,HIGH,HIGH
8.0,38.0,86.8,37.6,37.8,2.9,12.0,0.26,0.33,90.0,87.5,85.0,MEDIUM,MEDIUM
12.0,85.4,29.0,28.7,27.3,2.7,21.5,0.35,0.28,60.0,71.7,52.0,LOW,MEDIUM
12.0,35.4,34.7,44.0,81.7,5.0,20.2,0.34,0.37,90.0,67.8,70.0,HIGH,LOW
12.0,48.7,74.4,39.6,96.1,3.9,20.8,0.92,0.43,60.0,78.1,54.0,HIGH,MEDIUM
8.0,48.7,55.2,33.5,48.4,4.9,20.1,0.73,0.59,120.0,74.7,106.0,MEDIUM,HIGH
16.0,49.9,52.8,30.4,95.8,3.6,8.2,0.94,0.83,60.0,81.2,55.0,MEDIUM,HIGH
16.0,41.2,34.5,30.4,84.5,5.7,6.0,0.68,0.51,60.0,89.4,57.0,LOW,MEDIUM
12.0,75.9,60.0,30.8,54.3,6.1,29.4,0.59,0.57,90.0,33.1,63.0,LOW,HIGH
12.0,38.9,33.7,28.8,71.3,4.7,3.3,0.83,0.2,90.0,90.1,86.0,LOW,MEDIUM
16.0,67.6,57.9,42.9,50.3,5.6,15.1,0.37,0.22,60.0,69.4,47.0,HIGH,MEDIUM
12.0,38.9,77.7,36.9,61.2,4.0,13.9,0.53,0.26,60.0,90.0,57.0,MEDIUM,MEDIUM
8.0,35.9,42.8,39.5,17.1,5.9,12.1,0.59,0.7,60.0,63.5,50.0,MEDIUM,HIGH
12.0,82.9,58.2,41.7,73.3,5.5,23.9,0.47,0.55,60.0,29.7,38.0,HIGH,MEDIUM
12.0,42.6,93.4,41.1,16.6,6.2,22.9,0.52,0.34,60.0,78.8,52.0,HIGH,HIGH
12.0,78.0,72.4,42.6,83.9,4.5,27.3,0.31,0.63,90.0,45.3,63.0,HIGH,LOW
12.0,62.5,83.1,44.0,84.6,5.2,13.1,0.39,0.59,120.0,48.3,85.0,HIGH,MEDIUM
16.0,36.4,53.6,35.2,32.9,4.2,17.8,0.49,0.26,90.0,86.9,85.0,LOW,HIGH
16.0,85.5,78.0,43.7,40.5,2.9,27.0,0.83,0.66,60.0,50.5,40.0,HIGH,HIGH
12.0,45.8,27.8,39.9,54.4,3.4,29.8,0.38,0.75,120.0,81.8,110.0,MEDIUM,MEDIUM
8.0,80.1,33.5,29.2,64.5,5.7,29.1,0.5,0.41,60.0,21.2,39.0,LOW,MEDIUM
16.0,41.5,39.0,39.2,37.3,2.0,22.1,0.3,0.69,60.0,83.3,55.0,MEDIUM,HIGH
16.0,79.8,52.7,39.3,64.1,4.4,6.0,0.66,0.34,90.0,62.9,75.0,MEDIUM,MEDIUM
8.0,32.7,83.4,42.9,38.2,3.4,2.6,0.7,0.74,60.0,72.6,47.0,HIGH,HIGH
16.0,60.7,48.9,34.2,16.9,3.5,25.1,0.88,0.86,60.0,80.4,55.0,MEDIUM,HIGH
16.0,75.1,70.2,37.7,12.2,5.7,25.5,0.85,0.52,60.0,51.9,47.0,HIGH,HIGH
12.0,84.3,73.9,28.2,20.9,5.6,22.9,0.46,0.38,60.0,28.8,41.0,LOW,HIGH
12.0,82.9,65.4,33.5,81.7,4.4,9.8,0.35,0.49,60.0,51.1,47.0,LOW,LOW
12.0,77.9,49.6,29.0,96.6,3.0,19.9,0.36,0.38,90.0,82.1,83.0,LOW,LOW
8.0,81.7,64.8,36.6,49.6,3.9,10.9,0.96,0.2,60.0,47.7,46.0,MEDIUM,HIGH
12.0,43.2,48.6,41.5,57.1,3.6,14.6,0.74,0.67,60.0,78.6,52.0,HIGH,HIGH
16.0,47.9,30.8,31.4,24.9,3.4,12.7,0.28,0.23,60.0,93.0,58.0,LOW,MEDIUM
8.0,48.2,93.5,36.7,60.5,2.3,27.6,0.35,0.35,90.0,83.4,83.0,MEDIUM,MEDIUM
12.0,53.1,33.8,31.4,24.7,4.2,8.6,0.6,0.72,60.0,88.0,57.0,LOW,HIGH
12.0,54.0,30.0,30.0,65.8,3.1,18.2,0.4,0.68,60.0,92.0,58.0,LOW,MEDIUM
12.0,62.5,85.6,36.4,94.1,4.7,12.1,0.84,0.25,90.0,82.9,83.0,MEDIUM,MEDIUM
16.0,41.0,45.8,29.3,29.2,3.2,20.6,0.67,0.68,60.0,88.5,57.0,LOW,HIGH
12.0,70.7,69.9,37.7,79.3,3.7,17.8,0.7,0.87,60.0,83.0,55.0,MEDIUM,HIGH
12.0,41.4,47.7,28.5,14.1,2.0,27.9,0.59,0.25,90.0,80.7,82.0,LOW,HIGH
12.0,49.4,52.0,29.8,45.0,6.2,4.8,0.44,0.5,60.0,87.3,57.0,LOW,MEDIUM
12.0,60.2,43.1,37.1,21.7,4.0,8.2,0.68,0.73,60.0,83.1,55.0,MEDIUM,HIGH
8.0,76.6,48.7,37.8,43.0,1.9,23.5,0.77,0.68,60.0,85.5,56.0,MEDIUM,HIGH
12.0,73.4,53.3,28.5,27.3,4.2,12.3,0.52,0.36,60.0,73.1,53.0,LOW,HIGH
8.0,68.1,74.7,37.5,44.9,5.6,6.6,0.62,0.32,120.0,39.1,87.0,MEDIUM,HIGH
8.0,40.7,60.3,41.8,48.7,5.2,16.1,0.86,0.76,60.0,69.5,48.0,HIGH,HIGH
12.0,62.6,90.1,39.9,38.5,4.9,20.3,0.36,0.89,60.0,71.1,52.0,HIGH,HIGH
12.0,36.9,27.9,30.2,69.8,2.4,3.3,0.65,0.75,90.0,82.6,83.0,LOW,HIGH
16.0,53.1,59.7,37.8,92.9,4.7,10.2,0.5,0.89,60.0,85.2,56.0,MEDIUM,MEDIUM
12.0,55.2,65.3,39.1,47.3,5.2,24.7,0.76,0.64,60.0,71.1,52.0,HIGH,HIGH
12.0,34.2,88.5,28.6,28.9,4.3,16.6,0.26,0.87,90.0,84.7,84.0,LOW,HIGH
12.0,47.3,28.4,42.1,35.8,5.7,3.0,0.74,0.7,90.0,70.4,74.0,HIGH,HIGH
8.0,85.5,64.6,43.0,87.2,3.0,9.9,0.33,0.85,90.0,40.7,61.0,HIGH,MEDIUM
12.0,85.4,83.9,42.0,62.3,2.9,19.9,0.3,0.32,60.0,62.3,46.0,HIGH,LOW
8.0,51.7,41.7,41.6,52.0,5.6,7.6,0.78,0.79,90.0,51.6,68.0,HIGH,HIGH
16.0,34.4,85.5,40.3,25.2,4.6,25.2,0.72,0.34,60.0,78.1,54.0,MEDIUM,HIGH
8.0,42.0,26.3,38.5,51.6,1.8,20.9,0.9,0.22,60.0,83.7,56.0,MEDIUM,HIGH
12.0,54.0,75.5,39.2,36.5,3.4,15.2,0.63,0.57,60.0,79.2,54.0,MEDIUM,HIGH
8.0,85.1,89.4,41.3,95.0,5.6,27.6,0.64,0.43,90.0,18.0,54.0,HIGH,MEDIUM
16.0,39.9,70.3,38.9,89.8,1.9,13.0,0.77,0.23,90.0,86.5,85.0,HIGH,MEDIUM
12.0,74.8,55.3,33.4,19.4,1.8,8.6,0.49,0.91,90.0,87.9,85.0,MEDIUM,HIGH
12.0,38.1,28.1,34.2,57.5,3.0,20.5,0.28,0.68,90.0,89.7,86.0,LOW,MEDIUM
8.0,87.0,88.5,42.8,31.8,5.8,18.1,0.42,0.85,60.0,18.0,33.0,HIGH,HIGH
12.0,53.4,57.5,28.3,48.1,5.8,11.4,0.42,0.92,60.0,84.8,56.0,LOW,HIGH
8.0,75.4,27.0,39.5,89.2,4.1,11.6,0.5,0.48,90.0,47.5,69.0,MEDIUM,MEDIUM
16.0,51.2,72.6,43.8,58.4,4.2,13.1,0.94,0.38,60.0,62.3,43.0,HIGH,HIGH
8.0,67.1,58.2,39.7,41.4,3.3,10.2,0.84,0.33,60.0,68.6,52.0,HIGH,HIGH
8.0,42.8,33.6,44.4,30.3,2.9,21.9,0.93,0.57,120.0,58.8,90.0,HIGH,HIGH
8.0,40.2,39.8,39.3,82.4,5.4,20.2,0.98,0.64,90.0,70.6,78.0,HIGH,HIGH
12.0,84.5,29.4,28.6,67.0,2.3,14.3,0.57,0.54,60.0,80.6,55.0,LOW,MEDIUM
12.0,83.4,64.6,41.6,53.2,3.9,13.1,0.42,0.48,90.0,56.3,69.0,HIGH,MEDIUM
8.0,81.7,67.9,32.7,31.1,4.6,12.2,0.66,0.32,90.0,38.5,65.0,LOW,HIGH
12.0,67.0,59.9,35.4,41.4,2.3,9.9,0.89,0.52,60.0,85.4,56.0,MEDIUM,HIGH
12.0,77.3,81.4,33.1,96.5,4.1,4.4,0.59,0.26,60.0,67.4,51.0,LOW,LOW
12.0,35.9,84.4,32.4,57.8,4.3,9.5,0.62,0.82,60.0,82.4,55.0,MEDIUM,HIGH
12.0,50.7,67.5,35.1,47.3,5.1,11.0,0.35,0.23,60.0,86.3,56.0,LOW,MEDIUM
12.0,49.6,25.9,34.2,57.9,2.8,17.3,0.56,0.47,60.0,87.5,57.0,MEDIUM,MEDIUM
12.0,67.6,73.0,38.5,80.6,3.1,23.7,0.53,0.27,120.0,84.5,112.0,MEDIUM,MEDIUM
8.0,51.9,53.8,41.4,41.9,4.3,13.1,0.51,0.76,60.0,77.1,51.0,HIGH,HIGH
8.0,40.3,64.0,32.9,27.7,6.1,28.5,0.9,0.43,90.0,62.0,75.0,MEDIUM,HIGH
16.0,65.4,69.8,31.5,63.5,2.8,25.2,0.29,0.28,60.0,91.1,58.0,LOW,LOW
16.0,77.6,49.2,39.0,70.5,6.1,29.6,0.96,0.58,60.0,39.5,44.0,HIGH,HIGH
12.0,53.4,88.3,39.1,74.7,4.9,26.5,0.26,0.86,120.0,78.8,109.0,MEDIUM,MEDIUM
12.0,39.4,34.2,42.9,89.6,5.4,19.3,0.94,0.85,60.0,67.4,46.0,HIGH,HIGH
12.0,43.0,71.3,28.3,44.7,2.2,18.8,0.65,0.38,120.0,84.3,112.0,LOW,HIGH
12.0,45.3,25.3,42.1,18.6,3.1,5.6,0.76,0.72,60.0,69.9,48.0,HIGH,HIGH
8.0,48.8,88.8,36.6,96.3,2.1,22.2,0.39,0.22,120.0,86.2,113.0,MEDIUM,LOW
8.0,68.0,32.8,38.3,50.3,3.4,18.8,0.73,0.29,60.0,71.2,52.0,MEDIUM,HIGH
12.0,65.7,31.5,29.5,66.8,6.1,16.2,0.89,0.56,60.0,49.8,46.0,LOW,HIGH
12.0,71.0,48.0,35.1,70.6,2.3,21.4,0.35,0.36,90.0,89.9,86.0,LOW,LOW
8.0,52.3,50.8,31.8,60.1,4.3,14.4,0.34,0.77,90.0,82.8,83.0,LOW,MEDIUM
8.0,78.1,39.8,32.2,30.1,1.8,16.7,0.47,0.87,60.0,86.5,56.0,MEDIUM,HIGH
8.0,43.4,65.4,36.3,78.5,4.9,13.2,0.37,0.2,120.0,85.2,112.0,LOW,LOW
12.0,58.3,55.6,41.4,82.7,2.7,22.1,0.33,0.37,90.0,89.1,83.0,MEDIUM,LOW
8.0,76.9,27.4,40.3,60.7,2.4,26.5,0.75,0.52,60.0,67.6,51.0,HIGH,HIGH
8.0,42.1,47.1,37.8,55.0,3.3,25.5,0.41,0.61,60.0,87.2,57.0,MEDIUM,MEDIUM
12.0,38.2,80.9,36.9,22.0,5.2,24.0,0.74,0.86,60.0,85.3,56.0,MEDIUM,HIGH
8.0,81.5,72.6,35.1,19.4,2.3,2.4,0.88,0.84,60.0,68.8,52.0,HIGH,HIGH
12.0,51.2,75.0,44.0,41.9,2.8,27.5,0.73,0.66,60.0,59.9,42.0,HIGH,HIGH
8.0,70.3,73.2,37.2,39.4,1.8,9.7,0.34,0.39,90.0,89.5,86.0,MEDIUM,MEDIUM
8.0,33.4,46.5,32.2,95.9,6.1,26.9,0.67,0.76,90.0,73.6,79.0,MEDIUM,MEDIUM
8.0,70.6,31.9,31.8,81.0,4.4,7.5,0.54,0.35,60.0,59.5,49.0,LOW,MEDIUM
12.0,49.7,43.8,38.1,70.1,5.0,14.3,0.5,0.89,60.0,80.5,55.0,MEDIUM,HIGH
16.0,35.1,82.4,36.6,57.6,4.7,23.0,0.48,0.2,120.0,88.4,114.0,MEDIUM,MEDIUM
16.0,66.1,92.7,28.1,26.7,2.4,19.9,0.93,0.61,60.0,80.1,55.0,MEDIUM,HIGH
12.0,45.5,59.1,41.7,98.1,4.4,13.6,0.79,0.26,60.0,81.5,52.0,HIGH,MEDIUM
12.0,53.7,25.7,39.6,45.0,2.4,21.0,0.35,0.49,90.0,79.1,82.0,MEDIUM,MEDIUM
8.0,36.5,34.7,38.9,21.4,3.6,17.4,0.6,0.66,90.0,82.6,83.0,HIGH,HIGH
12.0,40.2,47.2,29.1,55.5,4.3,9.7,0.48,0.7,120.0,92.5,116.0,LOW,HIGH
16.0,48.7,64.9,34.0,88.9,4.3,20.1,0.96,0.77,120.0,83.2,111.0,HIGH,HIGH
8.0,37.0,30.2,43.4,90.1,2.3,7.7,0.96,0.63,120.0,65.2,95.0,HIGH,HIGH
8.0,83.0,90.1,42.2,13.0,2.0,21.4,0.48,0.38,60.0,59.4,45.0,HIGH,HIGH
8.0,32.3,50.2,32.7,90.0,5.3,2.1,0.51,0.84,60.0,78.9,54.0,LOW,MEDIUM
8.0,59.1,88.0,30.6,35.9,5.0,17.4,0.69,0.78,90.0,55.5,72.0,MEDIUM,HIGH
8.0,38.9,78.9,35.4,15.4,2.2,13.2,0.6,0.32,60.0,87.0,56.0,MEDIUM,HIGH
12.0,49.2,77.1,33.9,86.6,2.4,10.5,0.41,0.8,60.0,89.5,57.0,MEDIUM,MEDIUM
12.0,83.9,66.9,39.3,88.0,5.7,16.4,0.73,0.9,60.0,19.7,38.0,HIGH,HIGH
16.0,41.1,68.2,43.9,64.5,5.2,20.1,0.49,0.66,60.0,63.7,43.0,HIGH,MEDIUM
16.0,86.1,69.0,34.0,62.6,6.2,29.0,0.73,0.4,60.0,19.6,38.0,MEDIUM,HIGH
12.0,43.5,68.4,29.0,83.6,2.9,25.3,0.53,0.64,60.0,83.2,55.0,LOW,MEDIUM
12.0,73.5,63.2,42.8,81.2,3.9,22.1,0.76,0.45,60.0,59.5,44.0,HIGH,MEDIUM
12.0,62.6,93.1,28.6,90.3,2.8,15.4,0.74,0.69,90.0,82.0,83.0,LOW,MEDIUM
12.0,81.5,75.5,43.7,60.6,4.5,13.0,0.62,0.59,90.0,30.4,55.0,HIGH,HIGH
12.0,63.0,78.6,39.0,97.2,2.3,2.9,0.76,0.87,120.0,78.4,108.0,HIGH,HIGH
12.0,61.9,85.2,43.5,99.7,2.4,12.1,0.59,0.64,60.0,62.7,44.0,HIGH,MEDIUM
12.0,42.9,39.9,31.3,22.3,2.1,25.8,0.33,0.35,60.0,92.3,58.0,LOW,HIGH
12.0,41.3,30.8,28.7,86.8,4.9,12.8,0.38,0.72,60.0,85.9,56.0,LOW,MEDIUM
12.0,83.3,58.3,36.1,56.0,4.0,14.9,0.43,0.42,90.0,54.0,71.0,MEDIUM,MEDIUM
12.0,50.4,60.5,35.4,46.1,4.5,9.6,0.3,0.4,90.0,89.2,86.0,LOW,MEDIUM
16.0,52.8,82.2,33.5,66.0,5.7,9.7,0.77,0.48,60.0,84.7,56.0,MEDIUM,HIGH
12.0,74.6,55.6,43.8,16.9,5.1,3.7,0.52,0.21,120.0,35.5,78.0,HIGH,HIGH
8.0,51.0,64.4,41.6,56.6,3.8,19.2,0.32,0.9,90.0,76.9,78.0,HIGH,MEDIUM
16.0,85.3,61.4,38.9,88.6,6.1,14.5,0.85,0.58,60.0,19.3,38.0,HIGH,HIGH
12.0,73.3,27.6,30.7,30.8,3.8,19.0,0.75,0.76,90.0,77.8,81.0,LOW,HIGH
16.0,65.5,67.4,40.1,49.5,2.3,17.3,0.58,0.39,90.0,80.8,82.0,HIGH,HIGH
12.0,81.3,82.1,40.0,94.7,6.2,24.4,0.43,0.74,60.0,19.8,38.0,HIGH,MEDIUM
12.0,34.8,35.9,35.0,49.7,1.9,23.0,0.36,0.61,60.0,91.5,58.0,LOW,MEDIUM
8.0,46.4,66.0,43.3,43.5,4.2,23.6,0.58,0.51,90.0,60.7,68.0,HIGH,HIGH
12.0,58.0,66.0,30.8,50.8,3.2,16.0,0.9,0.9,90.0,83.7,83.0,MEDIUM,HIGH
12.0,44.7,36.3,32.4,57.7,4.0,11.9,0.39,0.56,60.0,87.7,57.0,LOW,MEDIUM
12.0,73.7,33.5,29.0,67.6,4.3,28.1,0.67,0.67,120.0,70.1,104.0,LOW,HIGH
12.0,83.5,92.6,41.1,82.5,2.9,3.5,0.95,0.21,60.0,66.5,49.0,HIGH,MEDIUM
8.0,55.7,52.2,38.3,51.8,4.3,6.3,0.72,0.42,60.0,76.5,54.0,MEDIUM,HIGH
16.0,51.2,40.7,33.2,83.9,5.1,13.7,0.57,0.84,60.0,88.9,57.0,MEDIUM,MEDIUM
16.0,85.8,36.8,30.7,59.0,3.0,19.2,0.77,0.75,120.0,74.2,106.0,MEDIUM,HIGH
12.0,56.9,71.1,28.7,41.8,3.5,2.2,0.85,0.59,90.0,84.4,84.0,LOW,HIGH
8.0,59.4,67.1,30.8,69.9,3.0,22.1,0.68,0.85,90.0,77.8,81.0,MEDIUM,HIGH
12.0,51.7,69.4,35.5,75.2,5.4,17.6,0.89,0.55,120.0,72.3,105.0,HIGH,HIGH
8.0,82.9,31.1,32.1,61.1,5.0,15.6,0.63,0.61,90.0,26.8,60.0,MEDIUM,HIGH
16.0,63.9,86.7,32.3,17.0,5.6,13.9,0.86,0.48,60.0,76.4,54.0,MEDIUM,HIGH
8.0,74.7,51.9,42.4,26.9,2.5,16.5,0.94,0.65,90.0,65.6,72.0,HIGH,HIGH
12.0,77.5,46.6,36.5,37.1,2.1,6.5,0.62,0.43,90.0,81.5,83.0,MEDIUM,HIGH
12.0,51.1,56.9,40.0,36.9,2.3,5.0,0.69,0.48,60.0,79.8,54.0,HIGH,HIGH
12.0,56.3,51.9,28.6,71.3,2.5,10.1,0.69,0.9,60.0,83.7,56.0,LOW,HIGH
12.0,79.5,84.6,34.0,13.6,4.1,21.9,0.82,0.28,90.0,56.0,72.0,MEDIUM,HIGH
16.0,52.3,89.1,35.9,78.5,6.1,18.5,0.85,0.28,60.0,88.7,57.0,MEDIUM,MEDIUM
8.0,76.5,45.9,31.1,35.4,3.4,15.4,0.27,0.23,60.0,69.2,52.0,LOW,MEDIUM
8.0,84.7,84.6,30.0,39.3,6.0,18.0,0.79,0.43,90.0,18.0,57.0,LOW,HIGH
8.0,66.9,78.9,42.4,58.5,2.0,17.7,0.82,0.49,120.0,70.7,100.0,HIGH,HIGH
16.0,73.5,89.2,43.5,31.0,5.9,10.6,0.76,0.27,60.0,41.4,38.0,HIGH,HIGH
16.0,77.1,42.0,29.3,89.8,2.6,4.7,0.77,0.6,60.0,81.2,55.0,LOW,MEDIUM
12.0,79.3,64.8,33.8,19.5,5.8,27.1,0.28,0.62,90.0,34.1,63.0,LOW,HIGH
12.0,54.1,43.9,43.8,51.1,2.0,18.8,0.57,0.74,90.0,65.1,69.0,HIGH,HIGH
12.0,34.9,81.9,29.4,86.7,6.0,21.5,0.85,0.9,120.0,85.7,112.0,LOW,HIGH
8.0,54.5,25.4,38.6,66.2,2.7,15.0,0.93,0.65,90.0,81.0,82.0,HIGH,HIGH
16.0,69.7,64.0,44.0,37.7,3.1,23.2,0.42,0.28,90.0,64.3,68.0,HIGH,MEDIUM
12.0,57.2,48.4,44.1,49.0,4.0,18.4,0.67,0.26,120.0,63.7,93.0,HIGH,HIGH
12.0,73.9,47.3,35.8,74.2,3.5,3.5,0.84,0.76,60.0,79.1,54.0,MEDIUM,HIGH
12.0,52.0,69.5,30.7,97.6,4.7,26.9,0.8,0.67,60.0,84.1,56.0,LOW,MEDIUM
8.0,67.5,83.8,31.3,90.6,6.1,10.6,0.7,0.32,90.0,31.2,62.0,LOW,MEDIUM
8.0,42.4,67.0,42.7,42.1,4.5,5.9,0.26,0.38,60.0,69.9,47.0,HIGH,MEDIUM
12.0,74.0,83.9,43.0,99.8,5.0,4.5,0.78,0.74,60.0,36.4,37.0,HIGH,MEDIUM
8.0,62.6,43.3,38.0,12.3,2.2,22.2,0.81,0.61,60.0,81.2,55.0,HIGH,HIGH
12.0,43.4,60.8,40.6,14.4,4.6,21.7,0.78,0.62,90.0,71.6,77.0,HIGH,HIGH
8.0,48.3,56.1,40.2,84.5,3.8,21.6,0.81,0.35,120.0,73.7,105.0,HIGH,MEDIUM
12.0,73.9,25.8,38.9,29.6,5.7,27.6,0.56,0.65,60.0,41.8,44.0,MEDIUM,HIGH
12.0,59.0,63.4,41.7,17.3,3.5,11.8,0.98,0.75,90.0,77.1,78.0,HIGH,HIGH
12.0,44.1,70.6,39.3,32.9,4.8,17.7,0.81,0.84,60.0,76.0,54.0,HIGH,HIGH
12.0,86.2,65.8,36.8,49.5,2.8,19.3,0.67,0.73,90.0,63.1,75.0,MEDIUM,HIGH
12.0,72.0,75.8,31.9,76.3,2.9,29.4,0.93,0.61,90.0,78.2,81.0,MEDIUM,HIGH
12.0,85.6,64.4,40.3,66.9,3.5,10.7,0.91,0.68,120.0,52.4,94.0,HIGH,HIGH
12.0,55.9,29.6,35.8,32.9,3.1,28.8,0.84,0.55,60.0,87.5,57.0,MEDIUM,HIGH
12.0,58.6,33.0,32.9,56.3,2.9,6.2,0.66,0.36,60.0,85.6,56.0,LOW,HIGH
16.0,82.3,66.2,41.2,93.5,2.0,23.4,0.63,0.84,60.0,81.6,53.0,HIGH,MEDIUM
12.0,61.4,44.0,39.5,83.7,5.5,19.7,0.49,0.58,90.0,67.4,77.0,MEDIUM,MEDIUM
8.0,71.6,30.5,43.5,40.4,2.1,24.9,0.43,0.63,120.0,62.0,93.0,HIGH,HIGH
8.0,46.1,54.6,30.7,98.4,5.7,2.8,0.62,0.91,120.0,63.4,100.0,MEDIUM,MEDIUM
12.0,57.0,63.2,38.7,74.4,2.4,4.2,0.67,0.91,60.0,83.8,56.0,HIGH,HIGH
12.0,38.9,47.7,32.0,17.5,2.1,4.0,0.43,0.62,90.0,82.5,83.0,LOW,HIGH
8.0,43.5,74.7,42.9,15.1,4.3,18.6,0.92,0.22,60.0,57.3,43.0,HIGH,HIGH
12.0,32.1,69.4,29.6,26.8,4.0,18.9,0.66,0.49,60.0,86.6,56.0,LOW,HIGH
12.0,34.2,48.0,38.8,76.1,4.0,27.4,0.63,0.87,120.0,79.6,109.0,HIGH,HIGH
12.0,86.7,77.1,41.1,28.2,4.3,15.1,0.57,0.41,60.0,41.3,42.0,MEDIUM,HIGH
12.0,45.6,69.8,33.9,57.0,3.1,3.9,0.29,0.92,60.0,88.0,57.0,LOW,MEDIUM
8.0,69.1,69.0,43.7,20.2,4.7,7.9,0.89,0.26,60.0,26.1,33.0,HIGH,HIGH
8.0,79.0,63.2,42.0,93.0,4.0,2.2,0.48,0.61,60.0,46.9,42.0,HIGH,MEDIUM
12.0,62.8,25.8,32.9,42.3,3.3,23.7,0.72,0.57,60.0,84.5,56.0,MEDIUM,HIGH
12.0,40.6,73.1,28.1,91.9,5.4,24.8,0.69,0.38,90.0,86.4,84.0,LOW,MEDIUM
12.0,72.8,50.9,32.9,95.1,5.0,29.9,0.68,0.88,60.0,57.3,48.0,MEDIUM,MEDIUM
12.0,65.6,90.0,32.6,12.5,3.5,13.5,0.63,0.65,60.0,69.5,52.0,MEDIUM,HIGH
8.0,73.0,81.4,42.7,52.8,5.5,2.5,0.38,0.37,60.0,23.5,35.0,HIGH,MEDIUM
16.0,75.1,65.6,44.0,14.2,5.8,8.6,0.45,0.48,90.0,31.1,55.0,HIGH,HIGH
12.0,86.6,42.4,29.2,92.0,4.2,18.5,0.63,0.72,90.0,44.0,67.0,LOW,MEDIUM
12.0,64.1,39.1,35.8,57.6,2.7,28.9,0.83,0.41,120.0,86.3,113.0,MEDIUM,HIGH
12.0,51.1,48.5,37.0,18.6,5.8,4.9,0.57,0.83,120.0,77.2,108.0,MEDIUM,HIGH
12.0,68.3,57.9,29.5,21.7,2.6,5.4,0.4,0.32,60.0,92.8,58.0,LOW,HIGH
12.0,35.8,45.4,34.2,45.7,2.0,21.6,0.31,0.39,120.0,95.7,118.0,LOW,MEDIUM
8.0,82.3,60.5,33.2,94.7,3.2,20.7,0.73,0.3,60.0,55.7,48.0,MEDIUM,MEDIUM
16.0,38.7,36.4,36.8,73.0,5.0,9.0,0.56,0.28,60.0,85.9,56.0,MEDIUM,MEDIUM
8.0,50.4,92.5,38.9,88.4,5.9,24.8,0.34,0.42,90.0,52.1,71.0,MEDIUM,LOW
16.0,77.7,32.4,39.6,44.2,4.6,5.6,0.74,0.92,60.0,56.9,48.0,HIGH,HIGH
12.0,65.4,89.3,30.3,15.8,6.0,27.9,0.4,0.27,60.0,56.1,48.0,LOW,HIGH
8.0,54.0,88.0,41.4,97.7,2.2,7.6,0.62,0.35,120.0,82.9,108.0,HIGH,LOW
12.0,58.5,61.2,39.2,13.5,2.1,4.3,0.47,0.4,90.0,80.2,82.0,MEDIUM,HIGH
16.0,79.9,75.0,42.7,95.4,4.5,11.5,0.93,0.65,60.0,49.8,42.0,HIGH,HIGH
12.0,51.0,55.1,35.4,44.4,6.1,7.3,0.42,0.74,90.0,85.1,84.0,MEDIUM,HIGH
16.0,80.7,68.5,42.7,12.9,4.0,16.8,0.56,0.74,90.0,52.7,66.0,HIGH,HIGH
12.0,36.9,48.5,42.3,72.6,2.0,21.2,0.95,0.21,120.0,76.0,103.0,HIGH,HIGH
12.0,75.5,45.8,35.2,98.3,2.8,15.7,0.48,0.67,90.0,77.0,81.0,MEDIUM,MEDIUM
16.0,79.5,64.9,34.3,97.0,2.9,20.5,0.72,0.65,90.0,80.1,82.0,MEDIUM,MEDIUM
8.0,42.2,59.4,43.4,26.2,3.3,12.2,0.48,0.57,90.0,72.7,73.0,HIGH,HIGH
12.0,56.1,65.0,39.8,27.9,2.0,2.8,0.33,0.47,90.0,83.8,83.0,MEDIUM,HIGH
8.0,41.3,44.8,43.3,61.8,5.8,29.3,0.71,0.77,90.0,49.2,63.0,HIGH,HIGH
16.0,71.6,50.3,41.2,68.1,4.1,24.9,0.92,0.45,90.0,82.0,81.0,HIGH,HIGH
16.0,62.0,30.8,38.1,77.1,4.8,4.1,0.58,0.37,60.0,86.3,56.0,MEDIUM,MEDIUM
8.0,67.6,28.6,29.9,27.9,2.1,14.6,0.71,0.42,120.0,83.7,111.0,LOW,HIGH
12.0,43.0,42.5,32.8,96.4,2.0,19.8,0.69,0.52,60.0,85.1,56.0,MEDIUM,MEDIUM
16.0,43.9,30.1,44.0,68.2,4.4,7.3,0.55,0.35,60.0,66.9,44.0,HIGH,MEDIUM
8.0,34.3,32.2,33.3,86.5,5.7,18.2,0.7,0.64,90.0,80.1,82.0,MEDIUM,MEDIUM
12.0,50.0,81.1,29.5,59.5,4.1,16.9,0.44,0.84,60.0,85.7,56.0,LOW,HIGH
16.0,63.3,27.7,39.7,48.5,5.7,7.8,0.53,0.63,90.0,73.6,79.0,HIGH,HIGH
8.0,80.0,70.5,40.1,98.0,5.4,6.0,0.57,0.52,60.0,21.7,39.0,MEDIUM,MEDIUM
12.0,69.3,43.8,32.7,63.2,2.1,23.3,0.88,0.77,90.0,79.2,82.0,MEDIUM,HIGH
12.0,56.4,85.1,32.9,88.3,2.7,11.0,0.5,0.74,120.0,85.6,112.0,LOW,MEDIUM
16.0,85.4,58.5,35.7,95.9,4.7,8.8,0.71,0.46,90.0,50.1,70.0,MEDIUM,MEDIUM
16.0,72.3,46.1,28.4,71.4,3.8,22.7,0.41,0.63,60.0,83.7,56.0,LOW,MEDIUM
16.0,84.1,60.7,41.0,60.3,3.1,22.6,0.43,0.73,120.0,78.9,107.0,HIGH,MEDIUM
12.0,61.5,51.4,33.2,12.3,3.6,9.7,0.72,0.38,60.0,74.6,53.0,LOW,HIGH
16.0,46.5,63.9,42.1,15.5,3.8,26.4,0.81,0.46,60.0,71.5,49.0,HIGH,HIGH
16.0,35.0,32.9,41.2,29.7,5.8,21.3,0.59,0.28,60.0,88.1,55.0,MEDIUM,HIGH
12.0,72.7,93.8,38.9,28.4,2.3,11.7,0.49,0.91,120.0,74.4,106.0,HIGH,HIGH
16.0,38.8,54.4,33.4,34.4,3.0,14.0,0.91,0.26,60.0,83.0,55.0,MEDIUM,HIGH
8.0,49.0,49.0,36.5,38.8,4.2,22.3,0.35,0.32,90.0,91.3,86.0,MEDIUM,MEDIUM
12.0,61.8,74.0,35.3,43.7,4.9,7.9,0.78,0.55,60.0,81.9,55.0,MEDIUM,HIGH
8.0,63.6,50.1,33.6,49.0,4.6,15.1,0.75,0.82,60.0,55.1,48.0,MEDIUM,HIGH
8.0,65.6,82.5,42.0,20.7,5.9,20.3,0.75,0.46,120.0,27.4,77.0,HIGH,HIGH
8.0,41.3,56.3,36.0,15.7,5.3,17.1,0.93,0.75,90.0,67.5,77.0,HIGH,HIGH
12.0,53.3,74.6,41.7,71.3,4.3,19.0,0.78,0.69,90.0,78.3,78.0,HIGH,HIGH
12.0,66.6,32.4,29.7,59.3,2.7,17.3,0.47,0.66,60.0,87.7,57.0,LOW,MEDIUM
12.0,86.3,83.4,30.3,51.1,3.8,7.6,0.51,0.81,90.0,50.2,70.0,LOW,HIGH
8.0,72.7,75.8,44.1,67.8,4.9,13.5,0.54,0.21,90.0,23.2,51.0,HIGH,MEDIUM
12.0,83.7,39.6,37.7,84.8,5.5,16.9,0.27,0.87,60.0,33.4,42.0,MEDIUM,MEDIUM
12.0,74.7,35.0,36.4,49.6,6.0,23.8,0.92,0.8,90.0,35.7,64.0,HIGH,HIGH
12.0,65.1,46.8,36.6,68.4,4.5,20.3,0.3,0.88,120.0,84.0,111.0,MEDIUM,MEDIUM
12.0,42.8,92.3,31.6,95.9,4.1,13.9,0.76,0.77,90.0,76.7,81.0,MEDIUM,MEDIUM
12.0,69.3,42.7,39.9,85.9,1.9,29.3,0.78,0.83,60.0,80.3,55.0,HIGH,HIGH
16.0,66.9,56.5,29.4,49.5,2.1,5.0,0.87,0.35,90.0,85.6,84.0,LOW,HIGH
12.0,65.7,27.1,37.5,68.7,2.5,7.8,0.65,0.43,90.0,85.0,84.0,MEDIUM,MEDIUM
8.0,59.4,52.4,37.4,27.6,2.0,11.6,0.78,0.43,60.0,86.4,56.0,MEDIUM,HIGH
8.0,61.6,64.4,43.1,61.3,3.6,8.4,0.47,0.28,90.0,66.6,71.0,HIGH,MEDIUM
16.0,50.7,90.8,36.7,98.4,3.3,19.5,0.79,0.73,120.0,81.9,110.0,MEDIUM,MEDIUM
8.0,61.1,60.7,30.3,57.6,4.6,3.1,0.5,0.3,120.0,62.9,100.0,LOW,MEDIUM
16.0,43.1,81.5,37.5,93.6,4.2,7.0,0.91,0.24,90.0,87.7,85.0,MEDIUM,MEDIUM
12.0,77.1,62.8,29.5,47.8,4.4,10.2,0.37,0.76,60.0,60.7,49.0,LOW,HIGH
16.0,42.4,27.8,31.4,99.9,3.9,21.1,0.48,0.85,120.0,87.3,113.0,LOW,MEDIUM
12.0,36.8,46.7,28.5,63.0,3.0,26.5,0.61,0.75,90.0,83.9,83.0,LOW,HIGH
16.0,56.4,64.7,36.5,15.7,6.0,24.4,0.82,0.79,60.0,81.0,55.0,HIGH,HIGH
12.0,68.9,90.6,29.4,63.6,2.2,7.1,0.8,0.63,90.0,81.8,83.0,LOW,HIGH
12.0,56.5,84.3,35.7,36.2,5.9,17.8,0.4,0.84,120.0,78.1,108.0,MEDIUM,HIGH
12.0,47.5,40.8,43.4,14.9,3.2,2.8,0.36,0.56,60.0,62.3,44.0,HIGH,HIGH
12.0,63.3,40.2,39.9,84.2,4.1,10.7,0.47,0.91,120.0,70.4,104.0,HIGH,MEDIUM
12.0,51.4,38.9,29.3,36.3,2.3,24.6,0.6,0.27,120.0,87.9,113.0,LOW,HIGH
16.0,84.2,88.7,31.7,82.1,2.1,14.8,0.64,0.78,60.0,80.7,55.0,MEDIUM,MEDIUM
16.0,83.7,83.8,39.1,37.4,3.7,6.2,0.56,0.66,120.0,69.7,104.0,HIGH,HIGH
12.0,60.1,78.5,42.8,29.1,5.1,14.3,0.73,0.62,120.0,64.8,96.0,HIGH,HIGH
12.0,50.4,52.1,28.5,97.7,3.0,7.5,0.56,0.72,60.0,86.3,56.0,LOW,MEDIUM
12.0,73.3,59.8,41.4,43.8,4.3,13.0,0.94,0.81,60.0,62.6,47.0,HIGH,HIGH
12.0,34.1,57.0,37.3,64.9,3.0,15.7,0.44,0.82,60.0,88.3,57.0,MEDIUM,MEDIUM
8.0,58.6,42.5,37.0,65.7,3.5,11.8,0.71,0.33,60.0,86.0,56.0,MEDIUM,MEDIUM
8.0,50.8,59.8,43.8,61.3,5.8,28.2,0.7,0.34,90.0,32.7,56.0,HIGH,MEDIUM
12.0,83.6,27.1,40.3,92.5,5.6,17.8,0.46,0.21,60.0,24.5,39.0,MEDIUM,LOW
12.0,32.7,34.1,42.0,71.4,4.1,25.6,0.55,0.29,120.0,76.1,103.0,HIGH,MEDIUM
12.0,63.0,86.2,33.8,47.5,2.8,23.3,0.52,0.39,120.0,89.6,114.0,MEDIUM,MEDIUM
8.0,73.5,76.9,37.1,87.9,2.7,20.5,0.38,0.72,60.0,78.6,54.0,MEDIUM,MEDIUM
8.0,59.2,54.2,38.2,27.9,6.0,15.9,0.6,0.54,90.0,40.0,66.0,HIGH,HIGH
8.0,36.8,60.7,33.3,59.9,2.7,2.1,0.53,0.75,90.0,87.1,85.0,MEDIUM,HIGH
16.0,86.5,50.5,37.4,95.6,5.4,19.2,0.38,0.55,90.0,36.9,64.0,MEDIUM,LOW
12.0,61.0,76.1,31.9,67.0,3.4,12.0,0.58,0.6,60.0,89.6,57.0,MEDIUM,MEDIUM
12.0,66.4,79.1,30.4,83.9,6.1,5.3,0.56,0.28,60.0,53.1,47.0,LOW,MEDIUM
12.0,45.3,77.7,34.2,69.5,3.4,14.4,0.35,0.76,60.0,92.7,58.0,LOW,MEDIUM
8.0,59.1,74.9,40.2,85.9,3.3,22.6,0.35,0.75,60.0,80.9,54.0,HIGH,MEDIUM
16.0,56.0,39.1,43.1,95.1,4.6,28.9,0.72,0.42,120.0,72.5,100.0,HIGH,MEDIUM
12.0,36.2,48.3,35.6,36.0,6.0,12.5,0.77,0.44,60.0,83.9,56.0,MEDIUM,HIGH
8.0,37.9,57.4,38.6,26.9,6.1,17.2,0.94,0.36,60.0,68.8,52.0,HIGH,HIGH
12.0,78.9,47.8,29.7,54.6,4.9,25.8,0.31,0.79,90.0,47.2,69.0,LOW,MEDIUM
16.0,45.4,77.1,42.9,73.8,5.1,11.4,0.34,0.74,60.0,72.2,47.0,HIGH,MEDIUM
16.0,42.9,47.7,37.4,32.0,4.3,6.0,0.29,0.64,60.0,91.9,58.0,MEDIUM,HIGH
12.0,60.3,34.5,40.9,12.4,5.1,9.9,0.64,0.37,90.0,66.8,75.0,HIGH,HIGH
12.0,75.0,52.5,41.1,42.2,5.6,27.2,0.7,0.32,90.0,42.3,65.0,HIGH,HIGH
8.0,35.5,92.6,32.2,97.3,3.9,6.5,0.54,0.24,60.0,87.0,56.0,LOW,LOW
16.0,64.3,40.6,36.7,73.2,4.5,11.2,0.83,0.23,60.0,87.3,57.0,MEDIUM,MEDIUM
8.0,38.7,67.2,43.8,47.3,4.2,15.0,0.75,0.33,60.0,59.9,42.0,HIGH,HIGH
16.0,34.0,54.9,29.5,28.9,4.3,25.7,0.97,0.27,90.0,81.9,83.0,LOW,HIGH
12.0,35.0,29.9,39.3,43.3,5.7,28.3,0.35,0.6,90.0,85.2,84.0,MEDIUM,MEDIUM
12.0,78.7,58.7,43.9,26.9,3.4,13.9,0.29,0.46,60.0,53.6,40.0,HIGH,MEDIUM
12.0,38.6,73.4,33.0,21.4,2.7,28.1,0.45,0.52,60.0,88.6,57.0,LOW,HIGH
8.0,34.5,60.4,42.2,91.8,3.8,6.5,0.26,0.63,90.0,76.1,76.0,HIGH,LOW
8.0,56.5,85.2,43.4,99.8,2.7,6.4,0.93,0.67,120.0,60.1,92.0,HIGH,HIGH
8.0,79.3,44.9,40.3,26.4,4.0,28.6,0.47,0.67,120.0,42.9,89.0,MEDIUM,HIGH
8.0,46.7,31.0,31.8,16.8,5.8,16.3,0.65,0.39,60.0,64.7,50.0,MEDIUM,HIGH
12.0,55.6,89.6,33.5,41.0,4.5,7.2,0.48,0.78,90.0,80.6,82.0,MEDIUM,HIGH
12.0,34.2,51.1,28.6,52.6,5.6,15.7,0.43,0.86,90.0,89.7,86.0,LOW,HIGH
8.0,57.1,64.8,41.7,30.0,2.5,23.9,0.36,0.43,120.0,83.4,108.0,HIGH,HIGH
16.0,64.3,79.6,42.0,38.5,5.8,25.2,0.48,0.21,90.0,81.2,79.0,HIGH,MEDIUM
16.0,64.0,47.4,38.4,29.7,4.4,26.2,0.7,0.85,60.0,80.6,55.0,HIGH,HIGH
16.0,50.6,74.4,33.8,80.1,1.9,17.9,0.96,0.86,60.0,80.0,55.0,MEDIUM,HIGH
16.0,49.7,34.3,29.3,74.7,4.6,26.3,0.66,0.24,60.0,89.5,57.0,LOW,MEDIUM
8.0,38.0,45.1,40.4,67.9,6.0,16.3,0.64,0.2,60.0,62.5,49.0,HIGH,MEDIUM
12.0,52.5,35.0,40.0,46.1,2.1,19.0,0.28,0.79,120.0,80.0,109.0,MEDIUM,MEDIUM
12.0,37.6,81.0,43.1,92.0,4.4,23.2,0.86,0.42,60.0,68.6,46.0,HIGH,MEDIUM
12.0,74.9,40.4,40.1,97.3,5.8,13.9,0.28,0.86,60.0,35.2,42.0,HIGH,LOW
8.0,86.1,74.5,41.7,27.3,1.8,4.1,0.91,0.36,120.0,70.2,101.0,HIGH,HIGH
16.0,86.3,90.1,40.3,31.6,4.6,11.8,0.64,0.82,60.0,34.6,42.0,HIGH,HIGH
8.0,80.4,61.4,38.4,58.3,3.9,19.5,0.37,0.25,60.0,53.6,47.0,MEDIUM,MEDIUM
8.0,65.6,62.3,35.0,20.0,3.3,7.4,0.58,0.39,60.0,79.7,55.0,MEDIUM,HIGH
12.0,71.2,56.8,42.9,50.4,4.6,6.2,0.98,0.9,90.0,45.2,63.0,HIGH,HIGH
12.0,48.0,47.5,38.7,63.2,2.0,10.2,0.47,0.37,60.0,87.0,56.0,MEDIUM,MEDIUM
12.0,67.3,57.8,34.6,57.9,5.1,2.9,0.45,0.3,60.0,64.6,50.0,LOW,MEDIUM
8.0,57.5,66.6,29.4,41.1,1.8,22.8,0.34,0.82,60.0,85.6,56.0,LOW,HIGH
16.0,59.0,93.0,32.8,59.7,3.2,9.2,0.69,0.28,90.0,83.8,83.0,LOW,MEDIUM
12.0,74.4,89.7,37.0,96.4,4.0,5.5,0.32,0.27,60.0,72.8,53.0,MEDIUM,LOW
8.0,47.8,84.5,32.5,30.1,3.5,21.6,0.81,0.43,90.0,78.5,81.0,MEDIUM,HIGH
16.0,49.8,86.4,31.7,69.6,3.2,25.6,0.92,0.66,60.0,80.3,55.0,MEDIUM,HIGH
16.0,83.8,57.3,36.7,15.8,5.5,2.6,0.93,0.71,60.0,28.3,41.0,HIGH,HIGH
16.0,35.1,70.4,30.8,17.8,5.9,8.5,0.33,0.83,90.0,82.9,83.0,LOW,HIGH
16.0,59.2,86.8,41.2,60.6,5.6,28.5,0.66,0.59,60.0,82.5,53.0,HIGH,HIGH
12.0,83.1,52.1,36.0,21.2,4.1,12.8,0.32,0.48,60.0,55.2,48.0,LOW,HIGH
12.0,66.2,91.4,37.5,14.0,5.7,28.3,0.67,0.46,90.0,52.4,71.0,MEDIUM,HIGH
8.0,62.6,53.7,30.4,27.1,5.9,9.7,0.84,0.81,60.0,37.6,43.0,MEDIUM,HIGH
12.0,46.0,66.5,33.4,61.7,3.6,8.1,0.64,0.72,90.0,85.6,84.0,MEDIUM,HIGH
12.0,51.2,74.0,34.8,73.9,3.0,8.0,0.89,0.85,60.0,85.0,56.0,HIGH,HIGH
12.0,79.7,90.6,41.3,29.8,2.2,4.4,0.84,0.89,90.0,69.5,75.0,HIGH,HIGH
12.0,63.3,41.9,40.7,70.8,3.9,27.1,0.45,0.42,120.0,76.5,106.0,MEDIUM,MEDIUM
12.0,60.8,76.5,31.7,28.1,6.0,29.4,0.71,0.58,60.0,60.1,49.0,MEDIUM,HIGH
8.0,37.6,60.9,38.2,66.0,4.3,28.7,0.26,0.65,90.0,87.7,85.0,MEDIUM,MEDIUM
8.0,32.9,43.5,32.0,48.3,4.7,25.9,0.54,0.32,60.0,81.9,55.0,LOW,MEDIUM
12.0,86.0,78.6,44.3,69.5,2.3,25.7,0.42,0.24,120.0,51.5,86.0,HIGH,MEDIUM
8.0,53.1,63.1,43.7,99.6,2.4,20.5,0.93,0.82,60.0,59.3,42.0,HIGH,HIGH
16.0,65.8,70.6,37.3,94.5,3.8,25.1,0.55,0.59,90.0,89.5,86.0,MEDIUM,MEDIUM
12.0,36.5,47.3,39.5,12.4,6.0,7.8,0.73,0.61,90.0,72.1,79.0,HIGH,HIGH
12.0,70.3,58.2,41.2,89.9,3.4,12.9,0.78,0.6,60.0,74.7,51.0,HIGH,MEDIUM
12.0,84.2,67.6,39.9,17.9,5.7,19.9,0.81,0.74,60.0,18.0,38.0,HIGH,HIGH
16.0,64.2,52.9,39.5,95.9,2.3,26.5,0.79,0.3,60.0,81.8,55.0,MEDIUM,MEDIUM
12.0,39.1,38.7,43.8,36.8,4.5,20.5,0.46,0.64,90.0,66.6,70.0,HIGH,HIGH
12.0,64.6,91.4,37.8,45.6,4.4,25.5,0.75,0.54,60.0,82.5,55.0,HIGH,HIGH
12.0,74.9,60.3,38.5,20.1,5.6,15.3,0.65,0.85,90.0,47.2,69.0,HIGH,HIGH
12.0,54.8,75.6,42.0,21.9,1.8,22.1,0.69,0.57,60.0,79.3,51.0,HIGH,HIGH
16.0,81.3,53.4,39.1,76.0,2.6,29.4,0.25,0.88,60.0,79.2,54.0,MEDIUM,MEDIUM
12.0,68.3,49.5,40.1,95.1,2.8,6.3,0.44,0.45,90.0,77.6,81.0,MEDIUM,LOW
12.0,82.4,53.1,31.9,65.7,6.0,28.0,0.93,0.9,120.0,24.6,79.0,MEDIUM,HIGH
16.0,66.9,53.2,34.1,75.0,2.5,16.6,0.46,0.83,90.0,86.9,85.0,MEDIUM,MEDIUM
16.0,39.4,62.5,30.4,79.1,2.0,20.0,0.57,0.62,90.0,86.1,84.0,LOW,MEDIUM
12.0,49.3,62.5,36.3,35.1,4.2,26.6,0.39,0.45,90.0,90.1,86.0,MEDIUM,HIGH
16.0,43.3,59.3,35.5,16.0,4.1,13.5,0.35,0.47,90.0,84.8,84.0,LOW,HIGH
12.0,82.9,34.3,44.5,12.2,5.5,13.7,0.4,0.76,60.0,18.0,30.0,HIGH,HIGH
12.0,74.6,59.2,38.1,42.9,6.0,16.8,0.65,0.62,120.0,40.2,88.0,MEDIUM,HIGH
12.0,69.9,36.7,41.0,33.2,4.2,2.5,0.92,0.49,90.0,68.2,75.0,HIGH,HIGH
12.0,48.9,33.7,33.5,17.5,5.9,15.9,0.49,0.66,90.0,79.7,82.0,MEDIUM,HIGH
8.0,42.3,89.4,41.7,27.8,5.0,10.2,0.49,0.73,90.0,72.4,76.0,HIGH,HIGH
16.0,74.4,66.7,38.1,23.0,3.0,28.0,0.66,0.22,60.0,87.3,57.0,MEDIUM,HIGH
16.0,58.6,70.5,39.5,92.5,5.9,4.5,0.51,0.26,60.0,81.2,55.0,MEDIUM,LOW
8.0,44.6,52.7,32.9,24.3,4.7,14.9,0.91,0.27,60.0,81.2,55.0,MEDIUM,HIGH
16.0,66.5,87.7,37.1,59.3,3.6,28.5,0.53,0.37,90.0,86.8,85.0,MEDIUM,MEDIUM
8.0,34.3,69.0,38.5,64.2,4.8,27.2,0.61,0.51,60.0,80.4,55.0,HIGH,MEDIUM
12.0,50.3,78.1,37.7,59.8,3.6,21.6,0.64,0.78,60.0,88.7,57.0,MEDIUM,HIGH
12.0,58.2,50.4,43.1,20.7,2.3,18.5,0.82,0.45,120.0,69.8,98.0,HIGH,HIGH
8.0,40.3,91.2,42.8,40.1,5.0,9.9,0.66,0.21,90.0,67.2,72.0,HIGH,HIGH
16.0,87.1,81.6,44.0,16.5,5.4,12.3,0.42,0.55,60.0,18.0,31.0,HIGH,HIGH
16.0,43.7,83.9,39.0,46.8,5.0,4.5,0.34,0.92,90.0,84.9,84.0,MEDIUM,HIGH
12.0,39.3,36.9,44.0,28.6,2.8,24.0,0.93,0.45,60.0,62.4,43.0,HIGH,HIGH
8.0,43.4,43.7,41.7,61.4,6.0,11.1,0.84,0.89,90.0,51.7,67.0,HIGH,HIGH
12.0,75.1,44.7,32.5,73.0,1.9,20.7,0.27,0.27,90.0,89.3,86.0,LOW,LOW
12.0,55.8,43.7,35.1,58.8,3.3,12.0,0.85,0.32,60.0,84.3,56.0,MEDIUM,HIGH
16.0,63.7,84.0,31.9,50.2,2.9,15.0,0.68,0.72,60.0,86.9,56.0,MEDIUM,HIGH
12.0,33.2,27.2,28.1,46.1,2.0,17.5,0.63,0.56,60.0,88.2,57.0,LOW,HIGH
12.0,33.9,30.3,31.1,86.1,3.6,24.5,0.26,0.75,60.0,85.8,56.0,LOW,LOW
12.0,57.0,43.9,28.1,31.3,4.5,7.9,0.82,0.82,60.0,80.3,55.0,LOW,HIGH
12.0,77.7,38.8,39.9,76.6,5.7,13.2,0.39,0.38,120.0,37.8,86.0,MEDIUM,LOW
12.0,81.6,41.0,35.0,78.7,6.2,5.6,0.78,0.69,60.0,21.0,39.0,HIGH,HIGH
8.0,36.9,80.1,33.2,48.9,5.4,4.1,0.26,0.64,120.0,85.1,112.0,LOW,MEDIUM
12.0,62.1,63.9,40.6,38.2,3.9,18.9,0.83,0.82,90.0,72.4,78.0,HIGH,HIGH
12.0,83.1,25.4,41.7,53.4,5.0,7.3,0.27,0.51,90.0,33.7,60.0,HIGH,MEDIUM
16.0,53.7,54.6,44.1,20.2,5.5,3.7,0.42,0.24,60.0,65.7,43.0,HIGH,HIGH
12.0,78.5,53.1,38.6,16.0,3.8,27.1,0.45,0.61,60.0,65.2,51.0,MEDIUM,HIGH
12.0,39.5,32.9,35.6,21.8,5.3,17.0,0.36,0.89,90.0,85.6,84.0,MEDIUM,HIGH
16.0,84.4,71.7,33.0,28.5,3.9,5.8,0.6,0.21,120.0,67.8,103.0,LOW,HIGH
8.0,74.1,73.4,31.7,56.4,3.5,3.5,0.46,0.37,60.0,66.3,51.0,LOW,MEDIUM
16.0,84.7,74.7,31.5,86.7,4.1,5.4,0.98,0.43,90.0,56.2,72.0,MEDIUM,HIGH
12.0,69.9,75.3,34.8,32.7,4.8,15.2,0.67,0.75,60.0,66.4,51.0,MEDIUM,HIGH
8.0,52.4,25.0,44.4,94.3,5.0,20.7,0.66,0.43,60.0,39.9,36.0,HIGH,MEDIUM
12.0,84.5,90.8,28.0,96.0,3.4,20.0,0.41,0.37,90.0,59.8,74.0,LOW,LOW
12.0,47.4,81.2,31.3,96.4,4.3,6.0,0.55,0.67,90.0,86.1,84.0,LOW,MEDIUM
8.0,50.6,87.4,31.1,85.7,5.8,19.7,0.34,0.23,60.0,59.9,49.0,LOW,LOW
12.0,71.2,26.1,39.8,44.0,6.1,13.3,0.81,0.32,60.0,37.3,43.0,HIGH,HIGH
12.0,74.9,89.4,33.8,18.4,2.8,15.0,0.49,0.49,60.0,76.7,54.0,LOW,HIGH
12.0,84.0,80.9,35.5,62.1,2.6,24.4,0.8,0.46,120.0,74.5,106.0,MEDIUM,HIGH
8.0,43.5,82.8,30.5,61.2,4.8,11.3,0.52,0.45,60.0,85.2,56.0,LOW,MEDIUM
16.0,76.7,31.4,34.7,86.8,3.6,6.1,0.97,0.28,60.0,75.1,53.0,MEDIUM,MEDIUM
16.0,73.4,76.0,29.7,99.6,1.9,26.5,0.37,0.46,60.0,88.7,57.0,LOW,LOW
16.0,35.6,91.2,36.8,56.7,3.3,7.9,0.25,0.77,60.0,80.5,55.0,MEDIUM,MEDIUM
12.0,53.7,71.8,29.6,42.4,5.3,10.2,0.68,0.5,90.0,79.2,82.0,LOW,HIGH
8.0,47.8,64.4,41.0,28.4,5.3,21.8,0.95,0.62,60.0,65.4,49.0,HIGH,HIGH
12.0,49.1,90.2,37.3,12.4,4.0,21.1,0.72,0.32,90.0,79.2,82.0,MEDIUM,HIGH
8.0,87.0,55.6,39.9,56.8,3.9,24.4,0.31,0.25,60.0,39.0,44.0,MEDIUM,MEDIUM
8.0,68.0,66.4,34.9,60.9,4.3,7.1,0.64,0.83,90.0,57.5,73.0,MEDIUM,HIGH
12.0,72.2,57.9,34.3,84.6,2.8,11.9,0.91,0.44,60.0,80.6,55.0,MEDIUM,HIGH
12.0,86.7,89.4,29.6,56.4,4.1,5.5,0.25,0.45,120.0,45.9,91.0,LOW,MEDIUM
12.0,53.1,30.2,36.6,92.6,1.8,17.1,0.37,0.83,60.0,84.8,56.0,MEDIUM,MEDIUM
12.0,76.9,59.6,36.5,67.3,3.9,10.2,0.84,0.71,90.0,65.4,76.0,MEDIUM,HIGH
12.0,56.3,72.4,35.7,85.9,3.3,21.3,0.9,0.74,90.0,81.6,83.0,MEDIUM,HIGH
12.0,80.7,79.6,40.2,25.1,4.8,2.0,0.77,0.69,90.0,37.4,64.0,HIGH,HIGH
16.0,42.1,65.2,41.7,87.3,4.6,3.7,0.97,0.28,60.0,78.3,51.0,HIGH,MEDIUM
12.0,85.1,87.7,40.4,71.4,3.5,14.1,0.32,0.89,120.0,51.4,93.0,HIGH,MEDIUM
12.0,44.3,90.0,30.4,27.0,1.8,28.8,0.65,0.85,60.0,81.9,55.0,LOW,HIGH
8.0,50.3,29.4,38.3,28.7,2.9,26.9,0.75,0.37,120.0,85.8,112.0,MEDIUM,HIGH
12.0,74.3,52.8,29.3,93.5,4.6,29.8,0.76,0.78,60.0,61.1,49.0,LOW,MEDIUM
12.0,54.1,26.6,39.5,14.8,2.1,13.7,0.83,0.49,60.0,75.6,53.0,HIGH,HIGH
8.0,66.1,47.7,34.3,52.7,2.3,3.3,0.92,0.69,60.0,77.8,54.0,HIGH,HIGH
8.0,56.9,62.0,30.2,39.6,4.6,10.6,0.51,0.32,60.0,70.8,52.0,LOW,HIGH
12.0,73.6,87.8,42.2,70.5,5.1,20.9,0.28,0.59,60.0,52.0,43.0,HIGH,MEDIUM
12.0,44.8,83.4,38.1,85.9,3.2,5.8,0.51,0.29,60.0,86.4,56.0,MEDIUM,LOW
12.0,35.3,33.8,33.9,43.7,4.0,10.4,0.74,0.59,120.0,85.6,112.0,MEDIUM,HIGH
16.0,48.8,31.4,28.5,49.6,6.0,3.6,0.41,0.38,90.0,86.9,85.0,LOW,MEDIUM
8.0,58.6,65.7,36.9,98.4,6.0,15.3,0.84,0.53,60.0,42.6,45.0,MEDIUM,MEDIUM
12.0,41.4,61.7,43.2,81.0,3.2,7.8,0.41,0.68,60.0,68.4,46.0,HIGH,MEDIUM
16.0,51.9,43.4,37.8,91.0,5.4,4.6,0.26,0.83,90.0,87.9,85.0,MEDIUM,LOW
12.0,54.4,87.1,44.0,50.6,4.4,13.5,0.62,0.32,60.0,61.9,42.0,HIGH,HIGH
12.0,35.2,89.0,30.3,32.6,6.1,11.8,0.78,0.84,90.0,80.3,82.0,LOW,HIGH
12.0,64.7,52.8,37.4,48.2,3.9,17.1,0.51,0.48,90.0,78.1,81.0,MEDIUM,HIGH
12.0,81.5,86.4,41.2,75.0,5.2,23.0,0.8,0.81,90.0,36.8,62.0,HIGH,HIGH
16.0,40.5,51.5,36.7,21.6,5.2,5.2,0.57,0.57,90.0,88.9,86.0,MEDIUM,HIGH
12.0,65.5,75.8,29.5,35.8,4.0,24.2,0.38,0.82,90.0,79.6,82.0,LOW,HIGH
16.0,69.2,57.8,37.6,16.1,5.3,2.7,0.32,0.68,60.0,77.4,54.0,MEDIUM,HIGH
8.0,55.5,33.5,38.1,50.0,2.9,14.4,0.77,0.57,60.0,81.1,55.0,HIGH,HIGH
8.0,71.3,89.0,40.0,84.8,2.3,18.4,0.53,0.43,60.0,78.8,54.0,MEDIUM,MEDIUM
8.0,55.0,56.3,40.6,14.2,3.7,28.8,0.92,0.9,90.0,69.2,77.0,HIGH,HIGH
12.0,60.3,75.7,40.7,71.4,6.0,18.1,0.64,0.78,60.0,58.7,48.0,HIGH,HIGH
12.0,32.4,50.3,38.9,94.1,4.0,6.4,0.5,0.47,90.0,87.1,85.0,MEDIUM,LOW
16.0,70.7,26.3,31.6,32.8,4.6,16.5,0.5,0.32,60.0,77.3,54.0,LOW,HIGH
12.0,69.0,31.9,34.7,73.0,4.5,13.1,0.35,0.76,60.0,73.9,53.0,MEDIUM,MEDIUM
16.0,34.2,59.2,40.8,97.8,2.4,15.4,0.68,0.91,60.0,76.5,52.0,HIGH,MEDIUM
8.0,52.6,72.6,43.7,96.7,3.5,7.5,0.67,0.4,90.0,56.7,66.0,HIGH,MEDIUM
16.0,86.8,48.1,29.3,32.7,4.9,16.0,0.83,0.86,90.0,41.0,66.0,LOW,HIGH
12.0,55.6,73.0,36.8,20.8,6.1,6.2,0.4,0.29,90.0,82.1,83.0,MEDIUM,HIGH
12.0,60.1,73.2,33.2,25.0,2.5,22.8,0.46,0.89,120.0,88.8,114.0,MEDIUM,HIGH
16.0,83.0,73.6,31.7,73.8,3.6,18.6,0.32,0.74,120.0,75.6,107.0,LOW,MEDIUM
12.0,72.2,59.0,36.3,75.9,2.2,4.2,0.47,0.45,90.0,87.0,85.0,MEDIUM,MEDIUM
12.0,64.6,88.1,38.0,71.3,2.9,26.9,0.56,0.42,60.0,86.7,56.0,MEDIUM,MEDIUM
8.0,76.7,58.8,28.2,41.6,3.5,19.3,0.95,0.66,60.0,54.8,48.0,LOW,HIGH
8.0,80.4,56.1,40.9,26.9,4.2,10.9,0.73,0.63,60.0,31.8,40.0,HIGH,HIGH
16.0,57.6,38.8,41.5,63.1,2.8,3.3,0.82,0.86,120.0,77.5,105.0,HIGH,HIGH
12.0,58.6,46.2,43.9,54.6,2.8,19.7,0.49,0.75,60.0,63.4,43.0,HIGH,HIGH
12.0,53.6,27.9,31.0,76.1,5.2,12.5,0.36,0.59,60.0,81.9,55.0,LOW,MEDIUM
12.0,86.1,68.7,37.8,50.8,6.0,27.4,0.44,0.87,120.0,18.0,76.0,HIGH,HIGH
8.0,71.0,42.1,35.0,41.8,3.2,3.0,0.44,0.63,60.0,75.2,53.0,MEDIUM,HIGH
8.0,36.7,46.0,33.5,37.8,4.8,3.1,0.68,0.81,90.0,76.5,80.0,MEDIUM,HIGH
12.0,80.3,78.2,37.3,30.6,2.9,28.6,0.5,0.81,90.0,77.4,81.0,MEDIUM,HIGH
12.0,58.9,47.6,40.9,35.4,5.9,29.0,0.88,0.86,90.0,56.5,71.0,HIGH,HIGH
8.0,35.9,41.7,28.4,20.3,4.8,2.8,0.97,0.25,90.0,80.1,82.0,LOW,HIGH
12.0,62.8,36.7,44.0,42.5,5.3,22.0,0.5,0.62,90.0,51.0,63.0,HIGH,HIGH
8.0,55.4,78.5,41.4,15.2,2.0,8.2,0.76,0.54,90.0,80.9,80.0,HIGH,HIGH
12.0,81.2,33.9,40.4,28.4,4.4,21.6,0.73,0.55,60.0,44.1,44.0,HIGH,HIGH
12.0,43.4,56.3,40.5,77.7,4.1,26.3,0.39,0.53,90.0,80.7,81.0,MEDIUM,MEDIUM
12.0,78.3,60.0,34.4,40.6,3.1,4.8,0.92,0.8,90.0,71.9,79.0,HIGH,HIGH
12.0,63.2,72.4,40.4,70.8,3.0,8.7,0.4,0.43,60.0,78.5,53.0,MEDIUM,MEDIUM
12.0,35.1,68.7,34.4,75.1,4.4,2.7,0.79,0.53,60.0,83.6,56.0,MEDIUM,HIGH
8.0,86.4,80.9,42.8,63.1,4.9,3.2,0.5,0.34,60.0,18.0,33.0,HIGH,MEDIUM
8.0,60.7,28.1,30.9,96.4,1.9,2.8,0.52,0.38,90.0,85.7,84.0,LOW,LOW
12.0,48.3,45.5,32.8,13.9,4.3,24.4,0.58,0.68,60.0,82.2,55.0,MEDIUM,HIGH
12.0,58.3,44.3,37.1,77.0,2.6,10.4,0.88,0.28,90.0,86.6,85.0,MEDIUM,MEDIUM
12.0,80.0,35.1,33.3,96.4,2.4,15.8,0.35,0.34,60.0,85.5,56.0,LOW,LOW
12.0,49.1,45.0,35.0,87.9,4.5,24.1,0.29,0.58,60.0,86.9,56.0,LOW,LOW
12.0,42.8,46.4,36.1,26.8,3.2,15.9,0.54,0.23,60.0,91.4,58.0,MEDIUM,HIGH
16.0,39.2,61.0,42.1,40.8,3.7,14.0,0.29,0.29,90.0,83.4,79.0,HIGH,MEDIUM
12.0,48.7,70.8,36.6,27.2,3.4,2.3,0.75,0.82,60.0,82.2,55.0,MEDIUM,HIGH
8.0,75.7,51.3,34.0,64.9,4.7,17.9,0.81,0.81,60.0,38.1,43.0,MEDIUM,HIGH
12.0,58.4,74.6,32.1,74.7,3.9,5.5,0.87,0.45,120.0,79.2,109.0,MEDIUM,HIGH
8.0,44.7,48.2,34.7,39.9,6.0,23.4,0.79,0.45,90.0,63.2,75.0,MEDIUM,HIGH
8.0,41.3,45.0,36.5,59.5,3.4,9.2,0.92,0.87,120.0,82.5,111.0,HIGH,HIGH
16.0,50.6,62.3,40.3,72.8,5.1,20.9,0.8,0.22,90.0,83.1,83.0,HIGH,MEDIUM
8.0,84.6,26.6,30.0,49.1,2.9,20.1,0.93,0.62,120.0,56.0,96.0,MEDIUM,HIGH
12.0,51.2,30.5,31.7,87.2,4.0,19.3,0.39,0.63,90.0,88.8,85.0,LOW,MEDIUM
12.0,87.3,53.8,34.3,79.9,4.2,9.5,0.61,0.77,120.0,44.1,90.0,MEDIUM,MEDIUM
12.0,59.2,90.1,33.9,17.7,3.2,9.5,0.98,0.89,60.0,80.6,55.0,MEDIUM,HIGH
12.0,42.0,74.8,34.5,66.7,3.9,26.2,0.75,0.46,60.0,87.3,57.0,MEDIUM,HIGH
8.0,81.9,31.1,41.1,32.7,3.0,2.4,0.89,0.52,60.0,58.6,47.0,HIGH,HIGH
12.0,57.8,83.4,33.3,61.1,1.8,7.1,0.27,0.68,120.0,88.9,114.0,LOW,MEDIUM
12.0,71.7,75.5,36.3,96.2,2.7,19.1,0.89,0.9,90.0,76.3,80.0,HIGH,HIGH
8.0,87.1,67.2,38.3,89.4,4.9,24.9,0.76,0.84,60.0,20.5,39.0,HIGH,HIGH
12.0,34.8,81.6,31.8,47.6,5.2,12.0,0.37,0.68,90.0,88.2,85.0,LOW,HIGH
8.0,37.4,52.9,39.9,37.7,3.0,20.3,0.27,0.82,90.0,84.7,84.0,MEDIUM,HIGH
8.0,72.3,40.3,37.0,32.6,3.6,17.6,0.44,0.26,120.0,66.8,102.0,MEDIUM,MEDIUM
12.0,47.8,60.3,35.4,58.9,2.0,3.8,0.92,0.47,90.0,87.0,85.0,MEDIUM,HIGH
8.0,42.3,62.9,41.4,22.1,2.8,19.4,0.74,0.21,90.0,84.6,81.0,HIGH,HIGH
12.0,34.2,62.1,32.0,60.3,5.2,24.8,0.92,0.33,60.0,88.2,57.0,MEDIUM,HIGH
12.0,33.2,64.0,42.6,12.1,4.5,29.8,0.58,0.65,60.0,69.1,47.0,HIGH,HIGH
16.0,75.4,90.5,37.3,40.5,2.7,2.8,0.93,0.84,120.0,80.5,109.0,HIGH,HIGH
8.0,39.5,87.3,38.1,31.4,2.9,20.5,0.59,0.66,90.0,87.0,85.0,MEDIUM,HIGH
8.0,58.2,85.4,42.4,97.5,5.4,13.6,0.4,0.68,90.0,45.1,63.0,HIGH,LOW
8.0,65.9,80.3,41.5,76.0,2.7,2.3,0.36,0.27,60.0,80.5,52.0,MEDIUM,LOW
12.0,56.0,90.1,37.9,42.8,3.3,19.2,0.98,0.68,60.0,84.6,56.0,HIGH,HIGH
12.0,33.5,31.8,40.4,20.2,4.7,5.4,0.49,0.53,60.0,83.0,55.0,HIGH,HIGH
8.0,75.9,43.3,35.1,57.5,4.3,12.6,0.37,0.67,90.0,51.8,70.0,MEDIUM,MEDIUM
16.0,32.6,59.2,37.0,30.8,3.8,9.3,0.26,0.43,90.0,89.4,86.0,LOW,MEDIUM
8.0,74.7,83.4,29.0,59.2,5.8,12.1,0.46,0.62,120.0,28.8,82.0,LOW,MEDIUM
12.0,82.0,59.9,29.5,85.5,2.8,15.8,0.9,0.51,90.0,70.6,78.0,LOW,HIGH
12.0,56.2,76.6,41.7,66.2,5.1,12.1,0.64,0.6,60.0,75.5,50.0,HIGH,HIGH
16.0,62.0,34.6,29.0,67.8,2.5,17.5,0.71,0.31,60.0,85.0,56.0,LOW,MEDIUM
12.0,58.7,42.4,30.8,59.6,4.5,8.7,0.92,0.48,90.0,81.7,83.0,MEDIUM,HIGH
16.0,53.8,75.5,41.1,93.6,5.6,19.8,0.62,0.47,60.0,90.4,55.0,HIGH,MEDIUM
12.0,81.7,36.4,28.0,94.0,3.8,25.9,0.86,0.73,90.0,54.6,72.0,LOW,HIGH
16.0,82.1,49.2,32.7,57.1,5.0,8.3,0.49,0.71,90.0,53.0,71.0,LOW,HIGH
8.0,50.8,43.3,37.6,38.9,5.4,16.2,0.96,0.85,60.0,56.2,48.0,HIGH,HIGH
16.0,66.4,49.1,37.8,52.4,2.4,20.2,0.31,0.66,60.0,84.9,56.0,MEDIUM,MEDIUM
12.0,83.9,73.9,40.8,28.4,4.9,17.8,0.78,0.43,60.0,28.4,39.0,HIGH,HIGH
16.0,85.9,50.4,36.3,68.0,5.8,12.2,0.73,0.76,60.0,28.6,41.0,MEDIUM,HIGH
12.0,60.5,63.3,36.4,56.0,4.3,20.0,0.39,0.56,90.0,84.7,84.0,MEDIUM,MEDIUM
12.0,57.4,31.9,40.0,21.1,2.6,2.8,0.53,0.34,90.0,82.1,83.0,MEDIUM,HIGH
12.0,47.6,80.5,36.2,29.4,2.4,12.4,0.48,0.74,120.0,83.2,111.0,MEDIUM,HIGH
12.0,85.7,50.5,38.0,54.2,2.9,16.9,0.32,0.3,120.0,71.2,104.0,MEDIUM,MEDIUM
8.0,40.0,69.7,42.8,90.1,2.3,2.6,0.68,0.33,60.0,69.7,47.0,HIGH,MEDIUM
8.0,64.5,75.1,34.6,61.8,4.1,16.2,0.98,0.75,90.0,60.0,74.0,HIGH,HIGH
8.0,47.8,39.5,34.4,72.0,2.1,20.3,0.66,0.75,90.0,83.1,83.0,MEDIUM,HIGH
8.0,47.6,86.0,28.1,41.8,2.8,23.3,0.65,0.77,60.0,86.9,56.0,LOW,HIGH
16.0,54.7,67.5,38.1,62.3,3.7,5.2,0.28,0.41,120.0,91.1,115.0,MEDIUM,MEDIUM
8.0,87.9,54.6,28.5,51.4,3.9,29.7,0.35,0.82,90.0,41.4,66.0,LOW,HIGH
16.0,35.1,37.6,36.3,70.0,4.3,19.0,0.62,0.72,120.0,83.8,111.0,MEDIUM,HIGH
12.0,64.4,90.0,41.3,16.5,4.9,12.2,0.97,0.8,120.0,63.4,98.0,HIGH,HIGH
8.0,36.6,77.1,37.1,55.4,2.0,9.0,0.89,0.71,90.0,80.5,82.0,MEDIUM,HIGH
12.0,40.7,39.4,32.4,38.0,2.2,18.0,0.5,0.62,60.0,90.4,57.0,LOW,HIGH
12.0,56.6,48.3,41.0,40.7,2.1,26.7,0.65,0.28,90.0,82.4,81.0,HIGH,HIGH
12.0,60.6,80.9,32.5,96.6,3.7,16.6,0.65,0.71,90.0,85.8,84.0,MEDIUM,MEDIUM
12.0,46.5,73.0,40.1,28.1,2.0,20.5,0.75,0.7,90.0,79.1,81.0,HIGH,HIGH
12.0,49.7,77.8,38.1,39.4,5.1,12.0,0.75,0.42,60.0,84.0,56.0,HIGH,HIGH
8.0,36.9,55.4,30.8,56.9,2.8,12.9,0.83,0.73,60.0,80.4,55.0,MEDIUM,HIGH
16.0,49.0,74.4,42.9,87.9,5.9,10.0,0.27,0.6,120.0,72.1,100.0,HIGH,LOW
16.0,86.1,51.7,31.3,48.7,3.9,21.8,0.94,0.6,120.0,55.2,96.0,MEDIUM,HIGH
12.0,84.9,39.6,44.3,77.5,3.8,12.1,0.3,0.46,60.0,31.2,34.0,HIGH,LOW
8.0,50.8,68.7,28.1,87.4,5.2,7.3,0.6,0.28,120.0,66.3,102.0,LOW,MEDIUM
12.0,64.0,92.3,32.3,39.3,4.9,12.3,0.92,0.36,60.0,71.1,52.0,MEDIUM,HIGH
8.0,82.9,46.4,31.3,46.6,4.5,25.9,0.61,0.75,90.0,34.1,63.0,MEDIUM,HIGH
8.0,32.3,56.8,28.2,43.4,5.9,22.7,0.3,0.4,60.0,87.0,56.0,LOW,MEDIUM
12.0,77.4,71.5,40.1,85.3,3.7,11.4,0.42,0.2,120.0,64.9,101.0,MEDIUM,LOW
12.0,85.1,62.4,39.4,15.9,5.4,27.4,0.67,0.92,90.0,20.7,58.0,HIGH,HIGH
16.0,37.1,83.2,41.1,39.1,3.5,4.1,0.31,0.35,60.0,89.2,55.0,MEDIUM,MEDIUM
12.0,41.0,77.6,32.2,71.8,5.5,3.4,0.56,0.67,60.0,87.6,57.0,LOW,MEDIUM
12.0,85.8,29.0,35.3,61.8,2.9,5.6,0.49,0.87,60.0,67.3,51.0,MEDIUM,HIGH
12.0,62.1,93.9,38.9,50.4,3.1,5.3,0.85,0.63,90.0,76.3,80.0,HIGH,HIGH
12.0,32.8,76.9,35.3,59.5,4.8,4.5,0.33,0.78,120.0,85.4,112.0,MEDIUM,MEDIUM
12.0,46.4,84.6,39.5,29.4,2.7,20.5,0.75,0.9,90.0,77.7,81.0,HIGH,HIGH
16.0,57.2,69.9,38.5,49.9,2.8,18.8,0.55,0.82,90.0,84.6,84.0,MEDIUM,HIGH
8.0,70.8,84.1,29.9,56.1,3.1,20.1,0.68,0.6,90.0,73.2,79.0,LOW,HIGH
16.0,73.1,32.8,40.9,91.3,4.8,21.3,0.4,0.46,120.0,69.1,102.0,MEDIUM,LOW
12.0,87.7,49.0,39.9,35.0,5.7,23.2,0.7,0.55,90.0,18.0,57.0,HIGH,HIGH
12.0,48.1,85.5,38.8,88.4,4.8,7.8,0.74,0.81,60.0,75.6,53.0,HIGH,HIGH
12.0,62.1,38.9,30.6,68.7,5.4,19.4,0.3,0.81,90.0,73.0,79.0,LOW,MEDIUM
12.0,61.9,30.4,32.4,13.8,4.2,18.2,0.85,0.81,60.0,70.6,52.0,MEDIUM,HIGH
16.0,54.7,79.4,34.5,75.8,2.1,28.4,0.88,0.63,120.0,84.5,112.0,MEDIUM,HIGH
16.0,41.5,82.6,32.6,15.1,2.2,8.5,0.3,0.54,60.0,87.8,57.0,LOW,HIGH
12.0,86.7,36.2,31.8,99.8,4.2,3.6,0.69,0.42,60.0,41.4,44.0,LOW,MEDIUM
12.0,79.8,83.9,41.3,88.8,3.2,20.3,0.68,0.2,60.0,77.9,52.0,HIGH,MEDIUM
12.0,59.9,72.4,38.5,38.2,2.8,22.7,0.26,0.75,90.0,87.2,85.0,MEDIUM,HIGH
16.0,65.8,60.9,37.3,34.7,3.9,9.9,0.5,0.4,60.0,89.4,57.0,MEDIUM,HIGH
8.0,44.7,82.3,31.7,45.6,4.7,18.0,0.96,0.44,120.0,76.4,107.0,MEDIUM,HIGH
12.0,62.5,53.9,43.1,43.3,3.5,3.7,0.66,0.81,60.0,66.4,45.0,HIGH,HIGH
12.0,70.9,38.4,31.2,44.8,5.3,28.9,0.93,0.24,60.0,58.5,49.0,MEDIUM,HIGH
12.0,60.8,44.7,41.1,40.0,5.0,5.1,0.74,0.87,60.0,77.8,52.0,HIGH,HIGH
8.0,87.5,59.9,44.0,66.7,5.0,3.9,0.27,0.2,60.0,18.0,31.0,HIGH,LOW
12.0,66.2,61.7,40.0,26.5,6.1,3.2,0.31,0.88,60.0,47.1,46.0,MEDIUM,HIGH
16.0,52.8,80.6,44.4,86.4,3.1,14.0,0.78,0.53,60.0,55.4,40.0,HIGH,MEDIUM
8.0,75.2,79.6,38.7,83.5,4.6,4.7,0.65,0.27,60.0,39.8,44.0,MEDIUM,MEDIUM
8.0,41.5,65.1,31.6,53.9,5.6,22.9,0.34,0.69,60.0,76.7,54.0,LOW,MEDIUM
16.0,53.5,78.9,31.4,87.0,4.3,27.2,0.7,0.85,60.0,86.3,56.0,MEDIUM,HIGH
8.0,51.4,38.2,33.4,33.7,5.3,9.3,0.84,0.52,90.0,65.1,76.0,MEDIUM,HIGH
16.0,56.2,28.5,28.1,13.5,3.6,19.6,0.8,0.7,60.0,77.4,54.0,MEDIUM,HIGH
12.0,75.8,85.3,39.2,66.5,4.4,3.2,0.43,0.91,60.0,57.6,49.0,HIGH,HIGH
8.0,59.1,30.2,32.4,52.3,2.0,12.8,0.44,0.37,60.0,91.9,58.0,LOW,MEDIUM
16.0,76.5,42.0,41.5,61.9,6.1,10.2,0.96,0.79,90.0,38.3,62.0,HIGH,HIGH
12.0,64.3,73.0,33.9,91.1,5.3,8.4,0.9,0.41,60.0,71.1,52.0,MEDIUM,MEDIUM
12.0,51.2,53.3,35.9,97.4,5.6,20.1,0.48,0.51,90.0,80.1,82.0,MEDIUM,LOW
12.0,77.4,85.5,43.9,67.8,4.9,5.6,0.85,0.4,120.0,25.8,73.0,HIGH,HIGH
12.0,45.3,45.6,32.0,79.2,2.6,26.1,0.37,0.52,60.0,88.9,57.0,LOW,MEDIUM
8.0,44.6,25.8,39.9,19.4,1.9,20.6,0.39,0.2,60.0,80.9,55.0,MEDIUM,HIGH
12.0,60.3,45.7,40.5,26.1,5.6,21.9,0.38,0.42,60.0,63.3,49.0,MEDIUM,HIGH
16.0,46.6,64.9,31.6,76.5,3.5,28.2,0.31,0.52,60.0,89.6,57.0,LOW,LOW
12.0,32.5,50.9,36.3,50.0,3.0,28.4,0.87,0.66,60.0,85.2,56.0,HIGH,HIGH
12.0,68.3,61.9,33.8,51.2,4.3,17.4,0.67,0.66,60.0,80.8,55.0,MEDIUM,HIGH
12.0,60.6,85.5,40.7,39.2,3.7,15.9,0.44,0.62,120.0,78.4,107.0,HIGH,HIGH
12.0,56.9,88.0,38.3,65.4,4.7,11.4,0.87,0.41,60.0,82.1,55.0,MEDIUM,HIGH
8.0,86.2,43.4,35.9,28.3,3.9,22.0,0.84,0.88,60.0,40.9,44.0,HIGH,HIGH
16.0,64.0,56.9,40.9,67.2,4.9,17.1,0.32,0.48,90.0,79.1,80.0,MEDIUM,MEDIUM
12.0,80.4,62.9,31.9,27.3,5.6,28.1,0.72,0.36,60.0,36.8,43.0,MEDIUM,HIGH
8.0,39.8,90.5,40.4,17.6,2.7,8.7,0.78,0.6,60.0,74.1,52.0,HIGH,HIGH
8.0,63.9,93.9,42.3,41.1,3.2,10.7,0.77,0.74,90.0,58.2,69.0,HIGH,HIGH
8.0,80.6,41.2,42.5,32.3,3.7,10.9,0.78,0.21,60.0,39.5,39.0,HIGH,HIGH
12.0,64.7,75.2,40.9,90.2,6.0,24.6,0.37,0.4,90.0,46.6,67.0,MEDIUM,LOW
12.0,72.2,51.1,34.7,16.8,3.4,4.8,0.48,0.79,60.0,84.3,56.0,MEDIUM,HIGH
16.0,52.8,25.6,44.2,27.5,3.5,14.8,0.87,0.57,90.0,57.3,65.0,HIGH,HIGH
12.0,37.2,25.6,34.3,60.3,4.7,14.0,0.91,0.49,90.0,91.3,86.0,MEDIUM,HIGH
8.0,57.6,56.8,38.5,54.3,3.6,4.0,0.45,0.87,60.0,79.2,54.0,HIGH,HIGH
12.0,54.1,58.7,30.7,16.0,6.0,13.5,0.27,0.26,60.0,80.7,55.0,LOW,MEDIUM
12.0,80.6,26.6,44.2,12.6,5.7,16.4,0.88,0.64,60.0,18.0,30.0,HIGH,HIGH
8.0,45.7,72.4,39.6,98.9,4.1,3.8,0.53,0.45,120.0,75.0,107.0,MEDIUM,LOW
8.0,86.1,45.3,40.4,70.0,4.6,16.3,0.49,0.25,90.0,21.8,58.0,MEDIUM,MEDIUM
8.0,85.7,63.6,29.1,44.2,2.1,28.9,0.5,0.35,60.0,71.4,52.0,LOW,MEDIUM
12.0,45.9,45.8,40.6,53.4,4.9,29.4,0.55,0.65,90.0,72.8,78.0,HIGH,HIGH
12.0,51.5,36.5,40.8,35.5,4.9,16.9,0.53,0.22,90.0,78.8,80.0,MEDIUM,HIGH
12.0,82.2,53.1,39.1,42.3,3.4,16.4,0.66,0.63,120.0,61.4,99.0,MEDIUM,HIGH
16.0,86.1,41.0,32.8,69.1,2.8,10.0,0.31,0.89,60.0,82.9,55.0,LOW,MEDIUM
16.0,56.8,61.9,36.1,89.7,5.8,29.9,0.96,0.77,120.0,79.0,109.0,HIGH,HIGH
12.0,50.0,38.7,29.8,28.2,3.7,9.7,0.93,0.45,60.0,87.9,57.0,LOW,HIGH
16.0,61.5,60.1,35.8,86.0,4.7,14.7,0.93,0.3,120.0,89.0,114.0,MEDIUM,MEDIUM
8.0,70.5,35.9,32.0,22.7,1.9,2.1,0.89,0.53,60.0,81.8,55.0,MEDIUM,HIGH
8.0,47.3,71.3,33.8,30.9,3.6,11.8,0.73,0.48,60.0,82.4,55.0,MEDIUM,HIGH
12.0,73.2,77.0,30.7,15.3,5.4,4.0,0.41,0.9,90.0,47.0,69.0,LOW,HIGH
8.0,34.9,32.6,31.8,24.4,3.5,22.8,0.29,0.91,90.0,90.3,86.0,LOW,HIGH
12.0,34.8,57.3,29.3,92.7,4.5,17.7,0.32,0.5,60.0,87.8,57.0,LOW,LOW
16.0,53.6,29.9,43.2,52.4,2.7,18.0,0.49,0.31,90.0,72.4,73.0,HIGH,MEDIUM
8.0,51.8,66.3,36.8,18.8,3.6,10.0,0.62,0.86,60.0,77.2,54.0,HIGH,HIGH
8.0,49.7,43.2,34.5,96.5,5.9,24.8,0.98,0.77,60.0,50.8,47.0,MEDIUM,HIGH
12.0,59.5,61.4,36.8,89.4,4.3,2.1,0.57,0.57,60.0,83.2,55.0,MEDIUM,MEDIUM
16.0,50.0,60.7,38.4,78.4,5.8,11.3,0.63,0.46,60.0,87.4,57.0,MEDIUM,MEDIUM
12.0,42.8,88.8,43.2,94.1,5.8,20.5,0.76,0.52,90.0,63.0,69.0,HIGH,MEDIUM
12.0,49.3,62.9,30.9,31.4,6.0,27.4,0.38,0.85,60.0,80.5,55.0,LOW,HIGH
8.0,86.6,65.2,32.9,85.6,5.7,8.6,0.93,0.33,60.0,18.0,38.0,MEDIUM,MEDIUM
8.0,55.0,52.7,44.1,72.7,1.8,17.2,0.64,0.78,120.0,58.2,90.0,HIGH,HIGH
16.0,56.9,90.5,34.1,88.5,5.9,17.1,0.45,0.21,60.0,84.2,56.0,LOW,LOW
16.0,64.3,78.6,28.4,82.1,2.4,26.5,0.93,0.86,90.0,83.1,83.0,LOW,HIGH
8.0,87.1,44.7,30.4,42.5,2.0,3.4,0.71,0.56,120.0,72.8,105.0,LOW,HIGH
16.0,45.5,83.3,28.4,80.1,2.0,13.9,0.6,0.36,60.0,88.1,57.0,LOW,MEDIUM
12.0,70.2,54.8,44.3,35.1,3.3,7.1,0.67,0.2,60.0,56.1,40.0,HIGH,HIGH
16.0,72.1,82.2,32.6,40.9,4.5,2.6,0.8,0.6,90.0,83.5,83.0,MEDIUM,HIGH
12.0,66.0,81.8,43.2,21.5,3.6,6.1,0.36,0.38,90.0,68.0,71.0,HIGH,HIGH
12.0,37.0,38.0,44.4,94.3,1.9,29.3,0.88,0.65,90.0,57.2,65.0,HIGH,HIGH
12.0,69.9,73.4,37.9,37.6,3.9,8.0,0.95,0.4,90.0,79.1,82.0,HIGH,HIGH
12.0,35.6,45.1,28.5,57.8,3.7,28.2,0.66,0.26,120.0,87.2,113.0,LOW,MEDIUM
8.0,65.4,45.5,29.3,46.4,5.1,7.7,0.75,0.56,60.0,49.1,46.0,LOW,HIGH
8.0,73.4,45.4,35.9,96.5,3.0,28.1,0.88,0.61,90.0,73.8,79.0,HIGH,MEDIUM
12.0,43.8,75.1,34.7,41.5,2.8,20.3,0.52,0.53,60.0,90.3,57.0,MEDIUM,HIGH
12.0,79.1,40.9,38.0,80.5,2.9,5.2,0.97,0.53,60.0,74.6,53.0,HIGH,HIGH
8.0,33.7,25.1,35.2,87.3,3.1,18.3,0.75,0.62,60.0,82.8,55.0,MEDIUM,MEDIUM
12.0,79.3,74.4,43.4,50.3,4.4,10.9,0.56,0.58,60.0,35.4,36.0,HIGH,HIGH
16.0,57.8,36.8,36.8,45.3,3.9,12.7,0.74,0.3,90.0,87.3,85.0,MEDIUM,HIGH
8.0,44.2,32.2,39.4,77.8,3.3,14.3,0.63,0.34,60.0,82.7,55.0,HIGH,MEDIUM
12.0,39.5,41.4,42.8,92.3,3.4,13.8,0.33,0.3,60.0,78.9,49.0,HIGH,LOW
12.0,85.4,51.2,30.4,78.4,3.4,20.6,0.83,0.7,60.0,60.1,49.0,MEDIUM,HIGH
16.0,36.1,57.8,31.8,32.0,6.1,23.5,0.66,0.58,60.0,86.2,56.0,LOW,HIGH
8.0,43.1,28.1,29.8,90.2,2.8,11.2,0.83,0.51,90.0,84.7,84.0,LOW,MEDIUM
12.0,51.5,92.0,30.3,46.1,5.4,27.9,0.36,0.77,90.0,79.1,82.0,LOW,HIGH
16.0,66.7,74.4,36.5,62.7,4.9,28.3,0.64,0.43,90.0,84.0,84.0,MEDIUM,MEDIUM
16.0,62.5,47.3,33.3,85.2,1.8,3.1,0.81,0.61,90.0,86.0,84.0,MEDIUM,HIGH
12.0,39.0,47.0,35.0,28.6,6.2,2.4,0.97,0.25,90.0,84.1,84.0,MEDIUM,HIGH
12.0,48.2,55.9,44.2,81.0,5.1,13.9,0.9,0.74,60.0,55.5,40.0,HIGH,HIGH
12.0,45.4,68.2,30.6,64.5,4.8,18.5,0.88,0.7,90.0,81.2,82.0,MEDIUM,HIGH
16.0,44.0,35.1,36.9,90.6,3.6,9.8,0.43,0.78,60.0,87.5,57.0,MEDIUM,MEDIUM
12.0,55.0,38.0,29.6,27.1,4.2,9.3,0.86,0.84,120.0,84.1,111.0,LOW,HIGH
8.0,71.4,84.3,33.3,49.0,2.9,21.0,0.37,0.75,120.0,79.2,109.0,LOW,HIGH
16.0,44.2,42.7,36.7,85.3,2.0,18.8,0.39,0.81,120.0,89.7,114.0,MEDIUM,MEDIUM
12.0,52.5,51.2,43.6,13.7,5.5,6.7,0.33,0.45,60.0,60.1,43.0,HIGH,HIGH
12.0,53.9,85.1,34.5,21.9,5.7,26.8,0.88,0.45,60.0,78.7,54.0,MEDIUM,HIGH
8.0,86.7,70.8,29.1,99.2,2.5,21.0,0.33,0.88,120.0,65.0,101.0,LOW,LOW
12.0,85.5,48.6,34.4,36.7,5.3,12.2,0.35,0.86,90.0,31.9,62.0,MEDIUM,HIGH
12.0,76.8,72.2,30.4,97.8,5.1,21.1,0.43,0.59,90.0,51.5,70.0,LOW,LOW
12.0,45.5,26.4,31.8,28.1,2.6,5.2,0.67,0.46,60.0,85.0,56.0,LOW,HIGH
8.0,35.8,75.8,38.2,43.8,3.7,15.1,0.89,0.82,90.0,85.4,84.0,HIGH,HIGH
12.0,49.7,58.6,29.1,78.3,3.7,6.7,0.56,0.43,90.0,86.6,85.0,LOW,MEDIUM
16.0,46.9,81.1,35.7,69.9,5.1,3.2,0.65,0.31,60.0,83.0,55.0,MEDIUM,MEDIUM
8.0,60.3,90.9,38.1,63.1,5.5,11.5,0.37,0.66,120.0,47.5,92.0,MEDIUM,MEDIUM
16.0,75.6,88.9,35.0,58.6,2.2,6.2,0.44,0.23,60.0,87.1,57.0,LOW,MEDIUM
12.0,80.1,87.7,28.3,86.2,4.3,19.7,0.35,0.47,90.0,61.7,74.0,LOW,LOW
16.0,79.3,60.3,44.3,32.7,5.2,20.9,0.55,0.78,60.0,31.5,34.0,HIGH,HIGH
12.0,52.1,49.8,34.1,50.9,5.3,6.2,0.68,0.41,90.0,81.3,82.0,MEDIUM,HIGH
12.0,70.5,57.1,40.8,25.7,2.5,2.7,0.46,0.87,60.0,75.1,52.0,HIGH,HIGH
12.0,49.5,72.6,33.4,64.4,4.1,24.2,0.87,0.89,60.0,82.3,55.0,HIGH,HIGH
16.0,35.4,86.0,35.8,34.0,5.6,2.1,0.97,0.79,90.0,86.8,85.0,HIGH,HIGH
12.0,71.3,39.3,34.4,41.4,3.2,11.6,0.34,0.91,60.0,81.9,55.0,LOW,HIGH
12.0,32.6,88.4,33.7,53.5,3.7,15.8,0.26,0.58,90.0,84.4,84.0,LOW,MEDIUM
12.0,54.9,81.2,28.4,14.4,5.3,24.9,0.83,0.61,60.0,71.7,52.0,LOW,HIGH
16.0,50.4,92.5,33.9,20.1,2.2,25.5,0.39,0.8,120.0,82.7,111.0,MEDIUM,HIGH
12.0,70.8,85.7,42.7,72.4,5.6,22.3,0.51,0.55,60.0,38.0,38.0,HIGH,MEDIUM
12.0,74.9,44.3,39.4,49.7,3.2,8.9,0.54,0.49,90.0,76.4,80.0,HIGH,HIGH
12.0,49.0,32.3,30.4,88.1,1.8,22.2,0.92,0.64,60.0,85.0,56.0,MEDIUM,HIGH
16.0,77.5,32.7,37.8,73.1,2.8,8.9,0.73,0.67,60.0,80.4,55.0,HIGH,HIGH
8.0,48.5,45.1,42.7,12.7,2.2,8.0,0.28,0.74,90.0,71.6,74.0,HIGH,HIGH
12.0,57.0,67.4,39.6,66.3,2.2,17.3,0.26,0.68,60.0,83.6,56.0,MEDIUM,MEDIUM
8.0,72.7,80.5,30.5,20.2,4.8,21.0,0.4,0.74,120.0,43.9,90.0,LOW,HIGH
12.0,70.8,87.0,42.3,80.7,2.7,3.5,0.48,0.69,60.0,66.9,47.0,HIGH,MEDIUM
12.0,87.3,68.0,33.0,99.3,5.9,3.7,0.6,0.55,120.0,19.4,76.0,LOW,MEDIUM
12.0,44.6,25.4,35.5,58.7,4.1,24.0,0.86,0.3,90.0,86.7,85.0,MEDIUM,HIGH
12.0,69.1,37.9,36.7,72.1,3.8,26.1,0.48,0.77,90.0,83.9,83.0,MEDIUM,MEDIUM
12.0,66.1,31.9,42.0,32.9,3.7,18.9,0.52,0.22,60.0,73.2,49.0,HIGH,HIGH
12.0,83.2,50.1,43.4,50.5,4.8,14.0,0.49,0.91,60.0,24.9,34.0,HIGH,HIGH
8.0,40.8,59.6,43.3,87.3,3.8,25.7,0.26,0.8,60.0,65.6,45.0,HIGH,LOW
12.0,74.1,28.0,28.1,26.7,2.4,22.4,0.95,0.68,90.0,79.2,82.0,LOW,HIGH
8.0,63.8,49.0,43.2,35.4,5.7,18.2,0.35,0.9,90.0,26.1,54.0,HIGH,HIGH
8.0,47.4,37.4,28.9,51.2,3.7,11.0,0.46,0.64,90.0,86.0,84.0,LOW,HIGH
12.0,58.6,69.6,32.4,74.7,2.1,7.5,0.34,0.24,120.0,90.3,115.0,LOW,LOW
12.0,50.7,57.0,36.5,45.1,4.1,13.7,0.61,0.6,60.0,84.9,56.0,MEDIUM,HIGH
12.0,64.4,59.2,35.9,93.6,4.6,10.0,0.93,0.4,60.0,78.6,54.0,MEDIUM,MEDIUM
12.0,81.8,54.5,38.0,20.3,3.0,11.5,0.32,0.47,60.0,78.4,54.0,MEDIUM,HIGH
12.0,63.9,91.0,35.9,44.6,5.3,16.4,0.57,0.53,90.0,70.3,78.0,MEDIUM,HIGH
16.0,67.4,39.8,43.4,74.4,4.7,6.7,0.27,0.76,60.0,61.1,43.0,HIGH,MEDIUM
12.0,61.0,60.6,32.0,31.9,4.7,24.6,0.81,0.56,90.0,77.0,81.0,MEDIUM,HIGH
12.0,34.9,75.8,32.5,69.8,3.7,6.1,0.72,0.54,60.0,82.8,55.0,MEDIUM,HIGH
8.0,45.0,63.4,43.2,26.5,6.0,15.5,0.76,0.42,60.0,44.5,39.0,HIGH,HIGH
12.0,59.6,89.1,29.3,16.9,3.0,22.9,0.59,0.59,90.0,82.7,83.0,LOW,HIGH
12.0,49.4,51.1,38.1,22.6,4.3,15.6,0.91,0.38,60.0,83.0,55.0,MEDIUM,HIGH
12.0,42.2,57.0,39.2,93.8,3.2,12.1,0.55,0.39,60.0,87.2,57.0,MEDIUM,LOW
12.0,60.2,31.1,36.3,60.6,5.1,15.3,0.63,0.75,90.0,81.4,82.0,MEDIUM,HIGH
12.0,50.1,67.0,39.5,82.1,2.0,25.8,0.76,0.45,60.0,81.5,55.0,HIGH,MEDIUM
12.0,46.5,44.9,30.9,41.3,2.0,29.7,0.63,0.24,60.0,88.0,57.0,LOW,HIGH
12.0,58.0,36.1,42.1,64.2,5.4,19.7,0.39,0.45,90.0,75.5,76.0,HIGH,MEDIUM
16.0,39.5,62.6,30.3,55.6,3.7,24.2,0.48,0.66,90.0,86.4,84.0,LOW,HIGH
12.0,84.0,61.7,34.6,95.2,3.3,2.4,0.32,0.79,60.0,64.3,50.0,LOW,LOW
16.0,80.6,30.2,29.2,77.8,4.5,26.7,0.57,0.89,90.0,66.1,76.0,LOW,HIGH
8.0,71.6,73.2,37.0,76.3,4.9,28.7,0.69,0.74,90.0,42.1,67.0,HIGH,HIGH
8.0,37.9,68.0,39.1,16.1,2.7,18.1,0.34,0.51,60.0,81.4,55.0,MEDIUM,HIGH
8.0,75.4,38.0,43.5,60.4,2.6,23.1,0.71,0.42,90.0,55.8,66.0,HIGH,HIGH
12.0,77.2,57.4,40.2,53.1,6.0,16.4,0.9,0.29,90.0,28.7,61.0,HIGH,HIGH
16.0,75.0,74.7,36.9,93.7,4.4,10.0,0.5,0.65,60.0,83.4,56.0,MEDIUM,MEDIUM
8.0,38.4,61.5,43.4,34.6,3.5,25.9,0.41,0.57,90.0,68.4,71.0,HIGH,HIGH
16.0,68.1,52.3,35.9,35.7,5.3,18.7,0.9,0.69,90.0,82.8,83.0,MEDIUM,HIGH
8.0,78.7,47.2,37.3,48.2,4.1,18.2,0.76,0.37,120.0,48.3,92.0,HIGH,HIGH
16.0,64.3,67.1,37.8,33.4,2.9,20.5,0.33,0.43,90.0,88.0,85.0,MEDIUM,MEDIUM
12.0,68.2,89.8,34.8,23.4,2.7,26.0,0.55,0.41,60.0,83.5,56.0,MEDIUM,HIGH
8.0,57.7,71.4,41.8,87.5,3.5,22.5,0.74,0.77,60.0,78.2,51.0,HIGH,HIGH
12.0,61.6,30.2,31.1,61.1,5.6,7.9,0.67,0.32,120.0,76.5,107.0,LOW,MEDIUM
12.0,33.9,56.8,37.2,87.8,2.1,15.1,0.7,0.64,90.0,86.2,84.0,HIGH,MEDIUM
12.0,67.8,86.5,39.9,85.1,2.8,29.4,0.66,0.24,60.0,78.6,54.0,MEDIUM,MEDIUM
12.0,36.6,31.5,42.9,36.8,5.7,17.5,0.83,0.6,60.0,69.1,46.0,HIGH,HIGH
16.0,56.4,93.2,42.6,60.2,2.3,28.3,0.48,0.25,90.0,70.3,73.0,HIGH,MEDIUM
12.0,48.4,90.5,36.4,19.3,4.6,24.8,0.77,0.33,90.0,81.5,83.0,MEDIUM,HIGH
12.0,62.5,30.4,38.6,92.5,2.7,20.6,0.97,0.28,60.0,81.5,55.0,HIGH,MEDIUM
12.0,39.5,89.4,34.5,47.6,4.5,11.8,0.53,0.45,90.0,85.2,84.0,MEDIUM,HIGH
12.0,70.7,50.1,35.7,46.6,3.5,10.5,0.83,0.45,60.0,77.6,54.0,MEDIUM,HIGH
12.0,76.5,83.3,43.0,38.6,2.2,20.0,0.43,0.8,60.0,66.6,46.0,HIGH,HIGH
12.0,41.1,53.9,43.4,52.5,4.4,14.1,0.46,0.36,60.0,69.8,46.0,HIGH,MEDIUM
8.0,37.8,55.4,42.8,34.2,4.8,24.4,0.93,0.26,90.0,65.9,71.0,HIGH,HIGH
8.0,40.1,68.8,30.3,45.0,4.8,23.3,0.27,0.63,90.0,88.6,85.0,LOW,MEDIUM
12.0,81.1,78.4,42.0,82.4,4.6,10.7,0.41,0.69,60.0,41.7,41.0,HIGH,MEDIUM
8.0,61.6,27.3,43.6,85.4,4.0,21.7,0.6,0.41,60.0,51.2,40.0,HIGH,MEDIUM
12.0,58.2,65.9,34.0,38.8,4.1,15.8,0.54,0.63,120.0,88.4,114.0,MEDIUM,HIGH
12.0,38.0,37.9,36.6,53.3,4.6,11.1,0.71,0.76,60.0,83.7,56.0,MEDIUM,HIGH
8.0,68.4,48.9,40.9,88.9,4.8,13.6,0.39,0.45,90.0,43.6,66.0,MEDIUM,LOW
12.0,80.6,49.0,37.3,16.6,4.7,27.1,0.3,0.58,90.0,47.2,69.0,MEDIUM,HIGH
12.0,78.4,57.4,44.4,90.2,4.4,12.1,0.52,0.31,60.0,33.9,34.0,HIGH,LOW
16.0,67.1,48.1,35.5,31.3,2.5,10.0,0.63,0.22,60.0,89.7,57.0,MEDIUM,HIGH
12.0,36.2,32.4,39.8,71.7,2.7,11.9,0.66,0.91,120.0,80.5,109.0,HIGH,HIGH
16.0,38.3,35.0,41.1,63.3,2.9,8.0,0.69,0.42,90.0,85.4,82.0,HIGH,HIGH
12.0,34.8,27.3,36.2,60.7,5.8,17.2,0.65,0.4,60.0,84.8,56.0,MEDIUM,MEDIUM
8.0,46.4,57.4,42.1,87.6,5.1,6.1,0.43,0.9,120.0,61.8,96.0,HIGH,MEDIUM
12.0,39.6,90.9,37.0,20.9,4.2,24.9,0.81,0.72,60.0,82.8,55.0,HIGH,HIGH
16.0,46.6,33.0,34.8,42.5,2.9,8.3,0.31,0.62,60.0,93.5,58.0,LOW,MEDIUM
12.0,53.6,90.3,29.8,59.4,2.3,18.7,0.39,0.7,90.0,86.4,84.0,LOW,MEDIUM
16.0,84.8,75.6,34.5,83.4,5.8,5.5,0.79,0.71,90.0,28.4,61.0,MEDIUM,HIGH
16.0,66.2,69.0,40.1,31.0,5.7,29.4,0.45,0.75,60.0,76.3,53.0,HIGH,HIGH
8.0,78.8,69.5,43.2,82.7,2.3,14.7,0.61,0.25,60.0,59.4,43.0,HIGH,MEDIUM
8.0,71.8,82.0,32.2,47.2,5.3,25.0,0.49,0.5,90.0,38.5,65.0,LOW,HIGH
12.0,38.3,32.4,33.9,28.6,3.8,23.5,0.62,0.41,90.0,87.9,85.0,MEDIUM,HIGH
12.0,73.2,59.8,30.5,78.8,3.2,22.0,0.5,0.25,120.0,90.0,115.0,LOW,LOW
16.0,47.4,73.1,39.4,20.0,5.1,25.2,0.98,0.5,60.0,79.3,54.0,HIGH,HIGH
16.0,67.8,65.5,43.8,57.3,4.5,4.8,0.51,0.64,90.0,59.2,67.0,HIGH,HIGH
12.0,51.1,82.5,38.6,17.6,5.2,21.0,0.71,0.33,60.0,81.7,55.0,MEDIUM,HIGH
8.0,87.9,30.0,38.2,43.4,2.1,9.4,0.9,0.42,120.0,64.8,101.0,HIGH,HIGH
12.0,46.8,72.7,37.1,64.9,3.2,24.0,0.72,0.66,60.0,88.1,57.0,MEDIUM,HIGH
12.0,47.6,61.8,29.5,60.9,3.2,28.8,0.66,0.62,90.0,83.0,83.0,LOW,HIGH
16.0,84.1,51.2,40.0,47.6,3.3,27.2,0.67,0.83,120.0,66.8,102.0,HIGH,HIGH
12.0,33.4,48.5,37.9,49.8,4.0,5.2,0.61,0.77,90.0,82.8,83.0,MEDIUM,HIGH
12.0,71.0,67.8,38.9,32.0,3.0,12.3,0.84,0.9,90.0,72.5,79.0,HIGH,HIGH
8.0,72.6,86.5,42.8,52.1,3.8,12.2,0.29,0.63,90.0,47.4,64.0,HIGH,MEDIUM
12.0,78.8,59.2,40.9,95.9,3.4,5.4,0.9,0.7,120.0,62.5,98.0,HIGH,HIGH
12.0,86.6,81.9,40.9,86.8,5.0,4.7,0.68,0.82,90.0,22.7,57.0,HIGH,HIGH
12.0,86.6,52.7,43.3,24.8,4.5,12.8,0.87,0.8,90.0,21.1,52.0,HIGH,HIGH
8.0,35.7,32.1,44.3,14.6,4.7,29.8,0.26,0.72,90.0,52.8,63.0,HIGH,HIGH
12.0,78.0,29.2,37.6,94.2,2.7,17.9,0.88,0.56,60.0,83.4,56.0,HIGH,MEDIUM
16.0,68.2,28.5,29.8,58.4,3.2,19.4,0.34,0.4,60.0,92.7,58.0,LOW,MEDIUM
8.0,68.3,51.2,35.6,59.3,1.9,15.2,0.78,0.83,60.0,81.5,55.0,MEDIUM,HIGH
8.0,39.2,48.3,41.0,80.7,2.3,20.5,0.55,0.76,60.0,75.7,52.0,HIGH,MEDIUM
8.0,68.4,74.5,28.5,39.7,3.0,28.8,0.75,0.8,90.0,80.5,82.0,LOW,HIGH
12.0,87.0,76.3,28.9,54.4,2.1,18.5,0.71,0.3,60.0,80.7,55.0,LOW,HIGH
12.0,83.1,28.5,29.1,97.2,4.5,3.8,0.37,0.43,60.0,51.3,47.0,LOW,LOW
12.0,56.6,40.3,40.1,71.1,6.2,15.8,0.63,0.51,60.0,63.0,50.0,HIGH,MEDIUM
8.0,34.2,43.9,36.3,25.5,2.2,29.8,0.45,0.8,60.0,85.5,56.0,MEDIUM,HIGH
12.0,52.3,62.8,34.1,23.7,5.4,12.8,0.66,0.84,60.0,77.8,54.0,MEDIUM,HIGH
12.0,78.3,35.0,29.7,30.0,2.3,18.6,0.79,0.41,120.0,80.7,110.0,LOW,HIGH
12.0,71.3,34.2,40.1,79.5,4.7,5.0,0.31,0.69,90.0,62.2,75.0,MEDIUM,MEDIUM
16.0,57.7,90.1,33.3,38.0,4.6,6.0,0.63,0.26,60.0,82.1,55.0,MEDIUM,HIGH
8.0,35.1,80.5,32.4,13.9,5.8,26.5,0.7,0.49,60.0,67.9,51.0,MEDIUM,HIGH
12.0,55.9,37.5,38.8,95.1,2.3,10.4,0.47,0.55,90.0,83.2,83.0,MEDIUM,LOW
12.0,58.3,53.1,37.2,26.9,3.2,10.6,0.95,0.75,90.0,82.0,83.0,HIGH,HIGH
12.0,84.0,49.5,34.0,12.8,2.2,12.8,0.63,0.84,60.0,77.4,54.0,MEDIUM,HIGH
12.0,67.9,79.6,38.6,32.9,3.6,29.1,0.38,0.44,60.0,80.1,55.0,MEDIUM,HIGH
12.0,49.5,60.2,32.5,32.7,5.8,4.4,0.33,0.58,60.0,82.9,55.0,LOW,HIGH
16.0,61.4,33.8,41.1,49.1,5.2,24.9,0.65,0.67,60.0,84.0,54.0,HIGH,HIGH
8.0,35.7,76.0,31.8,93.0,5.0,11.6,0.52,0.44,60.0,78.6,54.0,LOW,LOW
8.0,86.5,52.4,30.6,89.4,4.1,25.8,0.39,0.91,90.0,40.8,66.0,LOW,MEDIUM
12.0,52.2,43.1,40.9,52.2,5.7,29.8,0.27,0.83,120.0,68.4,101.0,MEDIUM,MEDIUM
12.0,58.8,50.9,39.7,48.2,3.8,11.8,0.66,0.41,60.0,84.5,56.0,MEDIUM,HIGH
12.0,51.9,59.3,31.0,60.8,2.5,5.6,0.69,0.57,90.0,85.8,84.0,LOW,HIGH
8.0,70.2,48.7,29.9,33.4,5.5,6.0,0.35,0.37,120.0,39.6,87.0,LOW,MEDIUM
8.0,69.1,41.7,41.8,16.6,3.0,23.2,0.69,0.57,90.0,65.3,73.0,HIGH,HIGH
16.0,72.1,52.5,40.8,94.7,2.0,6.1,0.94,0.69,90.0,73.8,78.0,HIGH,HIGH
8.0,47.0,26.3,33.4,28.4,2.4,9.3,0.96,0.26,120.0,90.4,115.0,MEDIUM,HIGH
12.0,49.7,78.3,38.9,29.5,4.5,7.7,0.9,0.83,60.0,80.7,55.0,HIGH,HIGH
8.0,39.0,36.8,30.0,53.6,4.5,12.0,0.84,0.63,60.0,79.5,54.0,LOW,HIGH
12.0,68.7,28.0,36.4,55.3,2.9,4.1,0.4,0.91,120.0,82.3,110.0,MEDIUM,HIGH
8.0,34.2,70.1,28.3,13.6,5.0,26.0,0.36,0.22,60.0,80.4,55.0,LOW,HIGH
12.0,65.5,78.4,34.5,25.0,5.2,26.1,0.57,0.8,90.0,69.1,77.0,MEDIUM,HIGH
8.0,80.7,81.2,29.2,45.3,5.9,13.6,0.7,0.77,90.0,18.0,57.0,LOW,HIGH
16.0,81.9,59.1,35.8,72.2,4.4,19.1,0.87,0.3,60.0,63.5,50.0,MEDIUM,HIGH
8.0,57.1,39.2,35.0,32.1,5.2,20.0,0.42,0.44,90.0,56.2,72.0,MEDIUM,HIGH
12.0,57.7,75.9,35.3,49.2,5.1,23.0,0.6,0.84,90.0,84.4,84.0,MEDIUM,HIGH
16.0,36.3,73.3,28.7,61.0,2.9,16.6,0.72,0.57,60.0,83.1,55.0,LOW,HIGH
12.0,69.6,42.0,34.0,90.2,3.2,16.3,0.58,0.49,60.0,82.5,55.0,LOW,MEDIUM
12.0,78.0,87.3,40.5,40.7,3.9,19.7,0.58,0.85,90.0,53.4,70.0,HIGH,HIGH
12.0,45.7,32.2,34.1,23.8,1.9,21.7,0.41,0.27,60.0,88.6,57.0,LOW,HIGH
12.0,55.6,92.8,39.8,55.1,3.1,11.7,0.97,0.54,60.0,69.9,52.0,HIGH,HIGH
12.0,79.0,84.4,34.1,77.7,3.9,11.3,0.6,0.67,60.0,66.9,51.0,MEDIUM,MEDIUM
16.0,81.1,72.5,35.0,21.7,2.3,9.6,0.64,0.64,90.0,81.4,82.0,MEDIUM,HIGH
12.0,45.6,89.8,37.3,49.4,2.4,17.4,0.41,0.39,120.0,85.1,112.0,MEDIUM,MEDIUM
12.0,62.8,74.8,43.7,13.6,3.8,12.1,0.63,0.61,90.0,59.0,67.0,HIGH,HIGH
12.0,42.8,38.1,29.8,15.0,5.0,17.1,0.44,0.71,60.0,84.6,56.0,LOW,HIGH
12.0,37.7,55.5,28.5,54.5,5.5,13.4,0.4,0.62,120.0,83.7,111.0,LOW,MEDIUM
8.0,83.0,29.9,38.0,38.2,4.2,25.4,0.45,0.69,60.0,44.7,45.0,MEDIUM,HIGH
12.0,77.9,51.9,43.7,86.4,3.9,4.0,0.25,0.38,60.0,53.2,41.0,HIGH,LOW
16.0,74.6,76.2,44.3,65.0,3.5,18.0,0.67,0.8,60.0,57.4,41.0,HIGH,HIGH
8.0,34.7,51.7,36.0,51.9,2.6,18.1,0.53,0.52,60.0,89.1,57.0,MEDIUM,HIGH
12.0,79.2,47.8,35.7,47.9,2.4,12.7,0.91,0.91,60.0,71.8,52.0,HIGH,HIGH
8.0,56.5,66.1,38.6,55.8,5.3,13.8,0.28,0.22,60.0,60.2,49.0,MEDIUM,LOW
12.0,51.2,85.2,37.2,15.6,3.8,24.4,0.28,0.47,60.0,83.1,55.0,MEDIUM,HIGH
8.0,62.6,28.3,38.5,90.6,5.3,9.9,0.9,0.33,90.0,45.5,68.0,HIGH,MEDIUM
12.0,37.1,51.6,42.4,99.9,4.9,26.4,0.34,0.6,60.0,75.0,49.0,HIGH,LOW
12.0,74.4,35.9,40.3,28.0,2.7,27.1,0.25,0.38,90.0,75.9,80.0,MEDIUM,MEDIUM
12.0,64.6,73.0,36.2,22.6,4.0,20.2,0.38,0.73,90.0,81.1,82.0,MEDIUM,HIGH
12.0,42.4,32.3,35.6,24.6,3.8,23.6,0.85,0.83,60.0,82.2,55.0,MEDIUM,HIGH
12.0,42.5,70.9,38.6,70.2,3.7,19.2,0.84,0.35,90.0,83.0,83.0,HIGH,HIGH
16.0,42.3,44.7,35.5,70.2,4.2,16.7,0.5,0.32,60.0,88.4,57.0,MEDIUM,MEDIUM
8.0,35.2,38.7,35.6,86.6,6.1,29.1,0.74,0.83,60.0,72.5,53.0,HIGH,HIGH
12.0,64.9,89.6,28.3,78.2,5.4,9.9,0.62,0.46,60.0,70.5,52.0,LOW,MEDIUM
8.0,79.1,26.3,30.9,51.6,5.8,6.3,0.91,0.51,90.0,18.0,57.0,MEDIUM,HIGH
16.0,33.0,55.2,36.1,65.9,1.9,10.0,0.29,0.36,90.0,91.3,86.0,LOW,LOW
16.0,34.7,26.5,41.6,72.6,2.4,19.2,0.84,0.51,90.0,78.6,79.0,HIGH,HIGH
12.0,64.1,58.4,32.6,57.1,2.2,7.2,0.37,0.37,60.0,91.5,58.0,LOW,MEDIUM
16.0,77.9,59.6,36.6,53.9,3.0,27.4,0.54,0.68,60.0,81.3,55.0,MEDIUM,HIGH
12.0,50.3,47.2,33.7,68.8,3.7,13.5,0.39,0.56,90.0,87.0,85.0,LOW,MEDIUM
12.0,51.6,34.1,29.7,61.1,4.6,25.8,0.76,0.77,120.0,88.6,114.0,LOW,HIGH
8.0,65.4,51.0,43.8,68.7,4.0,9.0,0.75,0.43,90.0,41.1,59.0,HIGH,HIGH
12.0,47.4,71.4,42.1,65.9,5.8,10.8,0.65,0.56,60.0,67.6,47.0,HIGH,HIGH
8.0,33.5,79.0,29.3,75.3,5.9,3.7,0.76,0.39,60.0,78.2,54.0,LOW,MEDIUM
16.0,73.2,61.6,39.9,68.6,2.5,9.2,0.72,0.87,60.0,76.7,54.0,HIGH,HIGH
12.0,67.0,65.7,33.7,57.7,5.6,15.7,0.82,0.58,90.0,57.9,73.0,MEDIUM,HIGH
12.0,64.5,38.8,44.4,72.0,3.9,28.5,0.42,0.32,60.0,62.3,42.0,HIGH,MEDIUM
8.0,73.5,44.8,33.0,51.6,3.8,12.9,0.56,0.4,60.0,62.8,50.0,MEDIUM,MEDIUM
12.0,69.8,36.2,31.9,33.3,5.3,19.9,0.36,0.26,90.0,64.3,76.0,LOW,MEDIUM
12.0,43.5,42.2,37.4,12.1,2.2,14.0,0.56,0.22,60.0,81.2,55.0,MEDIUM,HIGH
12.0,51.7,40.5,41.8,61.3,5.7,3.3,0.76,0.58,90.0,72.5,76.0,HIGH,HIGH
8.0,39.1,60.8,31.2,64.0,4.8,16.1,0.75,0.44,90.0,74.8,80.0,LOW,HIGH
16.0,39.3,63.8,39.7,97.5,5.7,3.8,0.77,0.89,60.0,76.4,54.0,HIGH,HIGH
12.0,69.9,90.2,29.0,43.8,6.2,26.7,0.48,0.32,120.0,45.0,90.0,LOW,MEDIUM
12.0,80.1,38.5,43.2,46.7,4.1,23.1,0.73,0.77,90.0,40.7,60.0,HIGH,HIGH
12.0,85.9,69.3,29.3,29.8,2.2,12.6,0.52,0.43,60.0,79.6,54.0,LOW,HIGH
12.0,67.2,81.4,43.1,18.2,2.5,19.9,0.94,0.36,90.0,65.4,70.0,HIGH,HIGH
12.0,42.3,63.7,36.1,80.0,3.2,5.1,0.5,0.9,90.0,87.8,85.0,MEDIUM,MEDIUM
12.0,37.9,42.6,35.4,34.0,2.3,21.7,0.69,0.78,90.0,81.2,82.0,MEDIUM,HIGH
16.0,77.5,43.1,44.1,65.6,5.4,25.0,0.8,0.65,90.0,30.9,55.0,HIGH,HIGH
12.0,64.4,27.7,44.3,72.5,3.1,25.0,0.91,0.7,60.0,55.3,40.0,HIGH,HIGH
16.0,66.6,46.1,38.7,53.5,6.1,10.0,0.57,0.91,60.0,72.7,53.0,HIGH,HIGH
16.0,75.8,76.4,30.1,89.1,4.9,9.4,0.51,0.63,90.0,70.0,78.0,LOW,MEDIUM
8.0,71.4,28.3,36.4,51.1,2.6,16.6,0.56,0.27,60.0,85.3,56.0,MEDIUM,MEDIUM
16.0,78.7,40.1,36.7,37.1,3.9,29.1,0.49,0.25,90.0,82.4,83.0,MEDIUM,MEDIUM
8.0,35.1,73.7,36.5,90.8,3.9,27.8,0.73,0.68,60.0,81.0,55.0,HIGH,MEDIUM
16.0,73.9,79.0,37.4,87.8,4.0,12.1,0.93,0.67,90.0,76.4,80.0,HIGH,HIGH
12.0,79.6,56.4,28.3,26.4,4.2,23.8,0.34,0.74,60.0,56.7,48.0,LOW,HIGH
16.0,48.0,73.2,39.7,14.3,1.9,27.8,0.66,0.28,90.0,78.0,81.0,MEDIUM,HIGH
16.0,67.9,51.8,39.8,19.9,4.8,9.3,0.91,0.88,90.0,68.5,77.0,HIGH,HIGH
16.0,49.6,36.0,29.9,37.2,3.9,25.2,0.32,0.6,90.0,91.6,87.0,LOW,HIGH
12.0,85.6,52.5,37.4,97.6,5.3,9.5,0.61,0.67,60.0,28.8,41.0,MEDIUM,MEDIUM
12.0,33.9,65.0,37.4,61.1,5.4,11.6,0.88,0.23,60.0,84.6,56.0,MEDIUM,HIGH
8.0,64.5,90.4,39.3,44.8,2.8,7.6,0.91,0.89,90.0,69.2,78.0,HIGH,HIGH
12.0,41.3,29.7,29.4,90.2,2.0,16.2,0.63,0.61,120.0,84.4,112.0,LOW,MEDIUM
8.0,71.9,60.0,38.3,51.9,4.9,25.6,0.27,0.61,60.0,47.8,46.0,MEDIUM,MEDIUM
12.0,41.8,47.7,32.6,39.7,6.1,16.8,0.33,0.88,60.0,86.1,56.0,MEDIUM,HIGH
12.0,45.2,60.1,36.4,94.8,3.8,5.5,0.68,0.87,60.0,83.6,56.0,MEDIUM,MEDIUM
16.0,59.7,26.7,40.8,86.8,2.9,9.0,0.34,0.36,120.0,77.5,106.0,MEDIUM,LOW
12.0,83.2,46.6,39.6,86.2,2.5,17.8,0.36,0.87,60.0,76.5,54.0,MEDIUM,MEDIUM
16.0,43.9,81.6,30.0,57.1,3.1,18.3,0.81,0.73,60.0,85.2,56.0,MEDIUM,HIGH
8.0,40.1,63.2,37.8,81.5,3.2,18.2,0.8,0.21,60.0,85.4,56.0,MEDIUM,MEDIUM
16.0,74.5,56.1,44.0,27.8,3.7,4.2,0.87,0.37,90.0,56.8,65.0,HIGH,HIGH
16.0,60.0,44.7,30.6,62.4,4.7,23.1,0.33,0.5,120.0,91.7,116.0,LOW,MEDIUM
12.0,83.1,45.6,42.1,98.6,3.0,27.5,0.39,0.62,60.0,64.4,47.0,HIGH,LOW
12.0,40.2,51.4,39.6,37.6,2.0,16.3,0.86,0.7,60.0,78.8,54.0,HIGH,HIGH
12.0,68.2,82.7,40.8,81.9,3.4,22.1,0.78,0.35,90.0,73.3,78.0,HIGH,MEDIUM
8.0,45.0,91.7,32.7,55.2,5.6,27.6,0.84,0.8,60.0,64.1,50.0,MEDIUM,HIGH
12.0,40.8,55.3,32.8,15.5,4.0,20.0,0.97,0.81,60.0,78.4,54.0,MEDIUM,HIGH
12.0,70.3,52.1,42.9,79.1,6.0,20.9,0.88,0.66,120.0,25.7,75.0,HIGH,HIGH
8.0,65.2,83.4,33.9,26.8,4.0,22.2,0.63,0.86,120.0,62.2,100.0,MEDIUM,HIGH
12.0,74.3,54.5,29.0,67.6,3.0,9.3,0.48,0.79,120.0,77.2,108.0,LOW,MEDIUM
8.0,49.3,63.1,37.9,19.5,2.7,18.3,0.67,0.36,60.0,85.0,56.0,MEDIUM,HIGH
8.0,57.1,40.9,30.1,95.3,4.9,25.6,0.72,0.78,60.0,58.2,49.0,LOW,MEDIUM
8.0,54.7,76.3,41.1,37.7,4.2,10.3,0.49,0.89,90.0,80.2,80.0,HIGH,HIGH
16.0,87.1,61.7,38.6,31.9,4.5,27.1,0.81,0.3,60.0,47.3,46.0,HIGH,HIGH
12.0,48.4,80.8,42.4,23.4,5.1,19.4,0.32,0.9,60.0,73.8,49.0,HIGH,HIGH
16.0,48.5,78.9,40.9,95.2,5.0,13.8,0.82,0.22,60.0,76.5,52.0,HIGH,MEDIUM
12.0,51.9,39.8,29.8,74.6,2.0,19.4,0.27,0.58,120.0,85.5,112.0,LOW,MEDIUM
12.0,63.6,74.4,34.3,77.3,5.3,13.3,0.61,0.76,90.0,72.7,79.0,MEDIUM,MEDIUM
12.0,46.1,80.2,40.8,55.9,4.1,25.5,0.88,0.77,60.0,69.3,50.0,HIGH,HIGH
12.0,83.3,48.9,34.9,53.8,3.5,15.5,0.31,0.73,60.0,65.2,51.0,LOW,MEDIUM
8.0,46.9,36.9,44.0,21.7,4.2,27.2,0.63,0.58,90.0,50.3,63.0,HIGH,HIGH
12.0,82.2,25.2,40.1,61.3,4.5,16.3,0.37,0.67,90.0,42.1,66.0,MEDIUM,MEDIUM
8.0,37.8,56.1,28.3,33.7,2.5,20.5,0.9,0.7,90.0,86.2,84.0,MEDIUM,HIGH
12.0,68.8,49.3,42.5,98.0,3.6,29.9,0.86,0.56,60.0,61.3,45.0,HIGH,MEDIUM
12.0,82.8,63.3,29.7,82.1,3.3,6.1,0.93,0.63,60.0,63.9,50.0,LOW,HIGH
8.0,41.4,38.0,30.3,48.3,3.3,22.6,0.89,0.81,90.0,84.4,84.0,MEDIUM,HIGH
8.0,86.2,84.3,40.1,25.3,2.2,5.9,0.79,0.43,120.0,62.0,99.0,HIGH,HIGH
12.0,57.4,42.8,42.3,81.1,2.5,25.5,0.38,0.58,60.0,78.5,50.0,HIGH,MEDIUM
12.0,85.0,40.6,36.8,22.7,2.5,18.7,0.47,0.21,90.0,79.7,82.0,MEDIUM,HIGH
8.0,69.9,58.2,32.8,28.7,3.4,28.3,0.61,0.69,60.0,68.1,51.0,MEDIUM,HIGH
16.0,48.9,59.4,33.8,30.6,5.7,26.2,0.68,0.34,60.0,91.6,58.0,MEDIUM,HIGH
8.0,42.5,39.8,33.7,61.0,2.7,4.1,0.82,0.55,60.0,81.5,55.0,MEDIUM,HIGH
12.0,49.0,43.8,33.4,81.3,3.6,5.8,0.42,0.35,90.0,92.1,87.0,LOW,LOW
16.0,37.2,36.7,32.0,39.7,3.2,18.8,0.34,0.22,60.0,91.3,58.0,LOW,MEDIUM
8.0,40.1,74.6,38.0,19.5,5.3,16.5,0.6,0.55,60.0,80.1,55.0,MEDIUM,HIGH
8.0,37.9,78.1,42.9,52.9,2.0,6.7,0.37,0.51,60.0,76.0,48.0,HIGH,MEDIUM
8.0,55.7,56.9,33.1,77.8,2.7,5.6,0.76,0.51,120.0,84.8,112.0,MEDIUM,MEDIUM
12.0,76.6,74.3,31.1,31.5,2.7,17.8,0.67,0.35,90.0,77.8,81.0,LOW,HIGH
8.0,39.9,75.8,41.8,31.4,6.2,3.4,0.79,0.88,60.0,54.3,44.0,HIGH,HIGH
12.0,39.3,34.5,40.2,95.4,4.3,26.5,0.3,0.2,60.0,80.3,54.0,MEDIUM,LOW
8.0,68.0,91.7,43.4,96.0,2.4,24.6,0.95,0.84,90.0,51.4,64.0,HIGH,HIGH
12.0,43.0,81.7,30.7,99.2,3.0,24.0,0.25,0.73,60.0,89.5,57.0,LOW,LOW
16.0,37.5,39.1,30.4,83.1,2.5,2.4,0.49,0.32,60.0,90.4,57.0,LOW,LOW
16.0,41.3,37.8,36.9,28.6,2.3,3.3,0.75,0.54,90.0,86.6,85.0,MEDIUM,HIGH
12.0,83.7,33.7,38.1,30.7,5.3,17.4,0.28,0.91,60.0,29.5,41.0,MEDIUM,HIGH
12.0,78.0,34.5,35.9,41.9,4.0,29.8,0.31,0.66,120.0,66.0,102.0,MEDIUM,MEDIUM
12.0,51.8,76.6,37.9,40.0,4.6,11.6,0.31,0.29,60.0,89.3,57.0,MEDIUM,MEDIUM
12.0,68.7,57.4,31.0,96.2,3.3,11.6,0.67,0.53,60.0,78.6,54.0,LOW,MEDIUM
12.0,62.1,79.0,35.9,81.4,4.2,5.8,0.9,0.54,60.0,76.4,54.0,MEDIUM,HIGH
8.0,69.9,76.5,38.9,75.7,2.9,20.9,0.66,0.78,90.0,73.7,79.0,HIGH,HIGH
16.0,70.2,66.7,35.1,28.4,3.2,20.1,0.69,0.86,60.0,87.5,57.0,MEDIUM,HIGH
12.0,67.2,72.4,39.2,92.0,4.7,4.8,0.5,0.26,90.0,71.2,78.0,MEDIUM,LOW
8.0,46.9,26.3,35.4,84.9,2.5,15.1,0.26,0.43,60.0,87.9,57.0,LOW,LOW
12.0,34.2,46.5,33.5,26.4,4.5,20.7,0.27,0.41,60.0,89.1,57.0,LOW,MEDIUM
12.0,57.5,69.0,33.0,88.7,5.5,15.8,0.9,0.92,120.0,75.8,107.0,HIGH,HIGH
16.0,81.9,25.6,34.8,36.0,2.3,20.9,0.32,0.6,120.0,87.2,113.0,MEDIUM,HIGH
12.0,63.9,27.3,28.4,19.1,5.7,24.9,0.98,0.83,90.0,58.6,73.0,MEDIUM,HIGH
12.0,78.6,83.8,39.0,69.8,2.1,21.2,0.37,0.51,90.0,76.8,81.0,MEDIUM,MEDIUM
8.0,87.5,72.2,41.9,69.5,3.3,19.3,0.74,0.72,60.0,37.1,40.0,HIGH,HIGH
12.0,41.2,43.3,33.9,20.4,4.5,25.9,0.94,0.41,60.0,85.2,56.0,MEDIUM,HIGH
12.0,70.7,72.5,28.8,40.1,4.3,27.2,0.51,0.86,60.0,76.1,54.0,LOW,HIGH
8.0,69.8,79.7,44.3,99.4,2.2,12.9,0.79,0.53,120.0,56.1,89.0,HIGH,MEDIUM
12.0,86.9,46.2,32.4,71.7,5.3,6.9,0.51,0.78,90.0,23.9,59.0,MEDIUM,MEDIUM
12.0,87.2,27.5,30.1,76.2,6.1,24.9,0.47,0.38,60.0,18.0,38.0,LOW,MEDIUM
8.0,70.5,89.4,34.1,30.7,2.6,8.0,0.4,0.7,60.0,79.1,54.0,MEDIUM,HIGH
12.0,45.6,48.8,40.2,18.9,5.7,28.0,0.85,0.49,60.0,71.7,52.0,HIGH,HIGH
8.0,76.7,32.3,32.8,36.4,4.2,2.6,0.44,0.22,60.0,49.7,46.0,LOW,MEDIUM
8.0,38.0,58.9,37.5,33.9,5.9,27.8,0.46,0.5,60.0,72.3,53.0,MEDIUM,HIGH
8.0,75.7,78.0,34.9,32.6,2.6,18.5,0.98,0.6,60.0,71.4,52.0,HIGH,HIGH
16.0,83.0,40.3,29.9,29.0,5.3,23.7,0.49,0.31,60.0,53.7,47.0,LOW,HIGH
16.0,53.4,43.6,33.4,62.6,2.1,13.2,0.56,0.33,60.0,87.4,57.0,MEDIUM,MEDIUM
16.0,67.3,41.7,40.0,40.9,5.7,29.8,0.97,0.53,90.0,71.8,79.0,HIGH,HIGH
12.0,56.1,93.4,38.1,84.2,4.8,8.4,0.52,0.45,90.0,76.4,80.0,MEDIUM,MEDIUM
8.0,56.5,38.6,30.0,28.2,3.4,9.4,0.52,0.52,60.0,84.6,56.0,LOW,HIGH
12.0,49.4,64.7,30.7,52.9,2.6,3.4,0.85,0.53,90.0,85.6,84.0,MEDIUM,HIGH
12.0,74.7,88.8,38.6,13.2,5.4,28.3,0.48,0.3,60.0,43.7,45.0,MEDIUM,HIGH
16.0,84.4,35.1,41.4,54.4,4.5,14.8,0.42,0.33,60.0,53.5,45.0,MEDIUM,MEDIUM
8.0,84.7,92.0,33.8,16.9,3.4,20.9,0.56,0.81,90.0,46.7,68.0,MEDIUM,HIGH
12.0,41.8,90.4,37.8,98.0,3.8,21.2,0.76,0.32,60.0,84.3,56.0,MEDIUM,MEDIUM
8.0,81.0,86.0,30.8,81.6,5.4,26.5,0.28,0.68,60.0,24.7,40.0,LOW,MEDIUM
12.0,73.3,39.8,33.1,55.1,3.3,20.6,0.52,0.5,120.0,84.0,111.0,LOW,MEDIUM
12.0,46.2,68.7,28.3,19.6,2.2,17.7,0.5,0.9,60.0,84.9,56.0,LOW,HIGH
12.0,35.8,77.5,40.7,64.1,5.8,21.9,0.43,0.25,60.0,79.9,53.0,MEDIUM,MEDIUM
12.0,47.0,93.0,34.6,78.8,3.5,23.0,0.73,0.8,120.0,81.5,110.0,MEDIUM,HIGH
12.0,83.1,37.4,41.5,28.8,3.3,7.2,0.46,0.55,60.0,62.9,47.0,HIGH,HIGH
12.0,67.5,77.9,39.7,62.0,2.7,5.1,0.69,0.2,90.0,77.9,81.0,MEDIUM,MEDIUM
12.0,72.4,48.4,41.7,83.7,5.7,4.1,0.62,0.39,60.0,44.7,42.0,HIGH,MEDIUM
16.0,46.4,37.1,32.7,79.6,2.8,12.5,0.41,0.49,60.0,91.6,58.0,LOW,MEDIUM
16.0,72.3,54.1,31.1,82.7,4.6,15.9,0.44,0.43,90.0,82.5,83.0,LOW,MEDIUM
12.0,33.6,79.8,44.0,89.4,5.7,19.2,0.37,0.46,60.0,69.0,44.0,HIGH,LOW
12.0,53.0,57.1,39.8,94.5,2.0,28.8,0.29,0.86,90.0,84.4,84.0,MEDIUM,LOW
12.0,67.1,62.1,41.8,47.7,5.4,11.3,0.7,0.46,120.0,55.1,93.0,HIGH,HIGH
12.0,40.2,93.7,28.2,62.1,3.6,23.3,0.74,0.5,60.0,78.3,54.0,LOW,HIGH
12.0,78.1,52.5,33.8,81.6,4.7,16.9,0.37,0.75,90.0,57.0,73.0,MEDIUM,MEDIUM
16.0,45.2,67.5,40.3,73.3,3.4,8.2,0.7,0.77,60.0,73.9,52.0,HIGH,HIGH
8.0,68.5,50.2,29.3,99.6,4.9,19.2,0.97,0.26,60.0,46.5,46.0,LOW,MEDIUM
16.0,54.7,52.1,37.4,13.2,2.9,29.1,0.3,0.71,120.0,80.2,109.0,MEDIUM,HIGH
12.0,65.4,73.0,35.1,43.3,1.9,5.5,0.61,0.55,60.0,86.8,56.0,MEDIUM,HIGH
12.0,38.0,89.7,28.3,36.7,6.0,16.2,0.79,0.3,60.0,87.1,57.0,LOW,HIGH
12.0,32.9,62.4,31.9,35.1,1.9,3.4,0.28,0.39,90.0,91.3,86.0,LOW,MEDIUM
16.0,82.9,78.0,32.7,31.6,5.4,11.0,0.82,0.23,60.0,45.9,45.0,MEDIUM,HIGH
12.0,47.1,31.2,29.8,74.4,2.5,19.4,0.97,0.46,60.0,83.5,56.0,LOW,HIGH
12.0,77.9,39.6,38.4,19.5,3.5,25.5,0.31,0.38,90.0,74.5,80.0,MEDIUM,HIGH
8.0,88.0,59.6,32.0,77.3,5.4,22.4,0.85,0.48,120.0,18.0,76.0,MEDIUM,HIGH
12.0,43.8,26.4,32.6,73.0,2.7,15.0,0.53,0.62,60.0,86.9,56.0,LOW,MEDIUM
8.0,46.8,42.4,42.8,34.1,5.6,27.5,0.36,0.73,60.0,50.0,41.0,HIGH,HIGH
12.0,69.1,60.7,35.7,34.2,4.0,10.5,0.61,0.64,60.0,81.4,55.0,MEDIUM,HIGH
12.0,86.1,26.0,34.5,67.3,3.4,23.1,0.3,0.69,60.0,60.3,49.0,LOW,MEDIUM
12.0,83.3,43.3,39.9,79.1,4.7,15.3,0.63,0.82,120.0,34.2,84.0,HIGH,HIGH
8.0,60.2,60.5,43.0,89.1,3.3,27.2,0.26,0.83,120.0,74.9,101.0,HIGH,MEDIUM
8.0,76.5,64.5,28.4,87.0,3.3,24.3,0.78,0.82,90.0,64.5,76.0,LOW,HIGH
12.0,39.6,88.9,35.4,96.9,5.0,27.2,0.61,0.31,90.0,89.0,86.0,MEDIUM,LOW
8.0,86.7,69.5,38.1,63.2,3.2,8.0,0.59,0.38,90.0,58.0,73.0,MEDIUM,MEDIUM
8.0,86.0,53.6,33.3,92.0,2.7,20.7,0.39,0.56,60.0,66.7,51.0,LOW,LOW
8.0,41.2,89.2,40.7,83.1,5.4,22.7,0.51,0.46,60.0,65.6,49.0,HIGH,MEDIUM
16.0,48.8,79.2,44.0,90.7,5.3,22.8,0.38,0.29,60.0,65.6,43.0,HIGH,LOW
12.0,37.6,38.8,43.6,13.0,4.0,16.1,0.79,0.41,90.0,60.5,68.0,HIGH,HIGH
12.0,47.2,34.0,32.4,97.0,4.1,2.3,0.4,0.9,60.0,86.2,56.0,LOW,MEDIUM
12.0,77.7,71.6,31.7,53.7,4.9,9.3,0.7,0.45,90.0,49.3,69.0,LOW,HIGH
12.0,53.2,63.6,43.8,82.2,4.0,11.1,0.45,0.5,60.0,66.6,44.0,HIGH,MEDIUM
12.0,37.0,79.5,35.6,23.2,3.6,25.9,0.73,0.2,90.0,84.3,84.0,MEDIUM,HIGH
12.0,51.2,76.0,31.4,46.8,6.2,25.5,0.64,0.72,120.0,80.8,110.0,MEDIUM,HIGH
8.0,87.0,68.1,39.7,35.9,2.4,4.9,0.56,0.5,60.0,57.0,48.0,HIGH,HIGH
8.0,67.3,93.1,32.7,37.7,4.4,28.6,0.74,0.27,90.0,53.6,71.0,MEDIUM,HIGH
8.0,55.3,61.8,32.4,22.8,5.7,7.1,0.55,0.9,60.0,51.8,47.0,MEDIUM,HIGH
12.0,41.3,32.8,42.5,82.9,4.8,13.6,0.85,0.76,90.0,70.8,74.0,HIGH,HIGH
12.0,87.2,82.2,30.7,12.8,5.7,8.0,0.78,0.72,60.0,18.0,38.0,MEDIUM,HIGH
12.0,78.0,42.4,29.1,39.5,3.3,26.1,0.64,0.89,60.0,71.8,52.0,LOW,HIGH
8.0,47.8,78.6,32.4,27.3,3.0,23.0,0.89,0.49,60.0,85.6,56.0,MEDIUM,HIGH
8.0,35.9,91.0,38.0,63.8,5.5,11.9,0.86,0.72,60.0,72.2,52.0,HIGH,HIGH
16.0,35.2,73.1,30.0,34.4,3.5,21.1,0.64,0.35,120.0,88.9,114.0,LOW,HIGH
12.0,38.7,66.1,35.8,34.8,4.9,7.2,0.3,0.7,120.0,88.6,114.0,MEDIUM,HIGH
12.0,64.5,56.8,38.4,55.0,2.5,12.7,0.66,0.21,60.0,86.6,56.0,MEDIUM,MEDIUM
12.0,84.0,50.1,42.0,69.4,5.1,12.6,0.51,0.29,60.0,30.5,38.0,HIGH,MEDIUM
12.0,59.8,49.4,31.8,22.7,4.2,8.7,0.64,0.51,90.0,81.1,82.0,LOW,HIGH
8.0,79.2,68.9,41.5,27.4,3.0,26.5,0.72,0.21,60.0,63.7,48.0,HIGH,HIGH
8.0,57.0,76.8,31.9,33.8,4.0,21.0,0.72,0.53,60.0,76.5,54.0,LOW,HIGH
12.0,71.7,71.8,39.2,97.7,4.9,9.8,0.74,0.58,60.0,63.5,50.0,HIGH,MEDIUM
12.0,73.0,38.7,35.1,46.9,1.9,8.8,0.75,0.65,120.0,82.6,111.0,MEDIUM,HIGH
12.0,41.7,59.1,29.9,64.7,4.6,2.5,0.33,0.27,90.0,89.9,86.0,LOW,LOW
12.0,52.2,79.6,39.8,33.3,4.2,11.7,0.39,0.33,90.0,82.9,83.0,MEDIUM,MEDIUM
8.0,67.7,57.8,31.6,55.2,2.8,16.7,0.71,0.64,60.0,79.5,54.0,MEDIUM,HIGH
16.0,36.0,62.0,30.9,18.5,5.1,9.8,0.55,0.67,90.0,87.0,85.0,LOW,HIGH
12.0,52.2,78.2,33.9,15.1,3.1,21.6,0.81,0.22,90.0,82.1,83.0,MEDIUM,HIGH
12.0,61.9,70.6,38.8,53.2,3.0,13.5,0.34,0.59,60.0,80.9,55.0,MEDIUM,MEDIUM
16.0,87.8,53.2,31.9,47.1,3.9,10.9,0.39,0.77,90.0,58.3,73.0,LOW,HIGH
12.0,58.6,86.8,31.0,24.0,4.8,28.3,0.66,0.25,120.0,78.6,108.0,LOW,HIGH
12.0,77.7,36.2,28.2,72.5,5.9,9.4,0.62,0.5,120.0,35.4,85.0,LOW,MEDIUM
12.0,56.2,93.7,35.8,99.4,2.4,13.2,0.44,0.44,90.0,85.1,84.0,LOW,LOW
16.0,76.6,33.2,35.1,46.8,3.5,12.7,0.55,0.86,90.0,77.8,81.0,MEDIUM,HIGH
12.0,65.3,26.0,31.9,67.0,2.1,8.8,0.28,0.33,90.0,90.0,86.0,LOW,LOW
8.0,81.6,86.4,28.9,96.7,5.1,8.1,0.28,0.43,120.0,36.1,85.0,LOW,LOW
12.0,55.0,41.9,35.1,85.2,3.8,10.5,0.32,0.85,60.0,82.8,55.0,MEDIUM,MEDIUM
16.0,65.8,75.3,41.0,52.8,4.9,26.2,0.67,0.44,60.0,79.5,53.0,HIGH,HIGH
8.0,67.3,81.0,39.8,76.9,3.2,23.5,0.88,0.58,90.0,66.0,76.0,HIGH,HIGH
12.0,55.4,84.3,42.2,23.3,5.5,21.1,0.44,0.22,120.0,81.8,106.0,HIGH,HIGH
12.0,40.1,93.4,28.2,57.1,4.2,14.8,0.27,0.91,60.0,81.1,55.0,LOW,MEDIUM
12.0,37.2,45.3,43.9,36.6,6.0,16.2,0.77,0.79,90.0,61.1,67.0,HIGH,HIGH
12.0,32.9,74.0,33.6,26.2,2.1,9.5,0.87,0.66,60.0,82.9,55.0,MEDIUM,HIGH
16.0,80.9,33.0,44.3,49.5,4.1,4.1,0.35,0.24,120.0,49.1,85.0,HIGH,MEDIUM
8.0,45.2,53.1,32.2,23.5,5.2,11.3,0.53,0.25,90.0,76.4,80.0,LOW,HIGH
8.0,43.8,83.5,35.8,73.5,4.4,15.9,0.37,0.59,90.0,81.1,82.0,MEDIUM,MEDIUM
8.0,73.2,50.4,33.8,52.1,1.9,3.6,0.33,0.41,90.0,86.1,84.0,LOW,MEDIUM
16.0,49.9,65.8,33.9,58.7,6.1,4.5,0.72,0.65,90.0,86.3,84.0,MEDIUM,HIGH
12.0,60.3,59.8,41.9,24.9,3.1,9.4,0.96,0.63,120.0,74.6,103.0,HIGH,HIGH
12.0,41.1,69.6,40.3,24.3,2.9,12.3,0.75,0.8,120.0,76.8,107.0,HIGH,HIGH
16.0,85.7,92.1,44.4,63.3,3.9,13.0,0.97,0.4,60.0,32.2,34.0,HIGH,HIGH
16.0,79.7,28.8,38.1,98.7,4.2,5.3,0.57,0.62,60.0,72.6,53.0,MEDIUM,MEDIUM
16.0,80.4,64.6,35.6,20.5,5.2,8.3,0.91,0.76,90.0,51.0,70.0,HIGH,HIGH
16.0,54.8,84.5,29.5,37.1,3.5,9.3,0.4,0.55,120.0,85.5,112.0,LOW,HIGH
12.0,74.7,58.2,44.4,88.5,3.7,3.9,0.34,0.8,60.0,50.6,39.0,HIGH,MEDIUM
12.0,40.1,30.4,37.1,18.4,4.2,11.1,0.76,0.29,60.0,87.5,57.0,MEDIUM,HIGH
12.0,32.5,63.7,39.6,89.1,3.5,4.0,0.52,0.73,60.0,81.8,55.0,MEDIUM,MEDIUM
16.0,33.1,47.9,34.7,58.1,5.8,21.7,0.48,0.88,60.0,86.3,56.0,MEDIUM,HIGH
12.0,64.8,35.7,37.0,47.9,5.5,12.8,0.74,0.44,90.0,71.3,78.0,MEDIUM,HIGH
12.0,57.5,83.6,43.6,39.3,3.8,11.1,0.49,0.46,60.0,69.7,45.0,HIGH,HIGH
12.0,61.0,61.0,30.7,38.1,1.8,5.5,0.67,0.26,60.0,90.7,57.0,LOW,HIGH
8.0,32.4,89.4,32.8,38.9,5.8,8.3,0.47,0.66,120.0,79.1,109.0,LOW,HIGH
12.0,55.7,80.6,30.5,89.9,2.3,8.5,0.82,0.6,60.0,84.5,56.0,LOW,MEDIUM
16.0,72.2,72.8,41.1,75.7,2.9,29.6,0.48,0.23,90.0,90.5,84.0,MEDIUM,LOW
16.0,56.8,25.3,29.0,70.9,2.5,25.4,0.64,0.74,60.0,85.2,56.0,LOW,HIGH
8.0,73.0,54.5,29.3,82.3,2.6,2.4,0.27,0.8,90.0,81.3,82.0,LOW,MEDIUM
8.0,45.0,38.6,32.9,34.6,5.3,19.3,0.83,0.85,60.0,69.3,52.0,MEDIUM,HIGH
8.0,77.5,87.8,36.5,66.4,4.3,9.2,0.7,0.59,60.0,42.1,44.0,MEDIUM,HIGH
12.0,65.0,37.0,34.7,52.5,6.0,4.9,0.39,0.53,60.0,60.4,49.0,MEDIUM,MEDIUM
16.0,43.8,44.7,28.7,80.9,2.8,21.8,0.41,0.83,120.0,87.1,113.0,LOW,MEDIUM
8.0,45.3,60.7,43.8,39.2,3.9,5.7,0.44,0.49,90.0,63.0,68.0,HIGH,HIGH
12.0,67.2,43.2,43.7,68.6,6.1,14.4,0.67,0.67,60.0,27.9,34.0,HIGH,HIGH
16.0,78.5,39.5,32.6,89.6,5.4,19.7,0.65,0.64,90.0,49.7,70.0,MEDIUM,MEDIUM
12.0,55.3,66.3,40.1,47.4,5.0,17.5,0.45,0.47,60.0,74.8,53.0,MEDIUM,MEDIUM
12.0,46.5,31.1,37.5,17.9,2.6,29.4,0.76,0.26,120.0,86.3,113.0,MEDIUM,HIGH
12.0,80.6,29.0,31.9,57.4,5.2,24.0,0.9,0.22,60.0,42.7,45.0,LOW,HIGH
12.0,69.5,50.7,32.3,42.4,3.3,23.7,0.28,0.51,60.0,82.2,55.0,LOW,MEDIUM
12.0,57.1,74.7,36.1,71.2,4.1,12.0,0.55,0.55,60.0,87.2,57.0,MEDIUM,MEDIUM
12.0,59.3,63.3,34.9,95.7,4.5,2.2,0.68,0.79,90.0,81.7,83.0,MEDIUM,MEDIUM
12.0,43.4,54.2,32.8,54.7,4.5,22.6,0.68,0.5,60.0,88.2,57.0,MEDIUM,HIGH
16.0,67.1,64.0,41.3,53.0,5.0,30.0,0.26,0.4,60.0,79.7,52.0,MEDIUM,MEDIUM
12.0,52.1,50.2,35.9,69.6,4.7,13.4,0.4,0.53,60.0,86.0,56.0,MEDIUM,MEDIUM
12.0,87.8,89.6,38.8,21.1,2.1,29.6,0.3,0.37,120.0,75.7,107.0,MEDIUM,HIGH
8.0,58.9,28.8,31.1,34.3,3.8,6.0,0.67,0.27,90.0,83.1,83.0,LOW,HIGH
12.0,59.2,71.5,36.8,92.9,4.7,10.3,0.72,0.28,90.0,80.2,82.0,MEDIUM,MEDIUM
8.0,63.7,86.5,33.2,71.0,3.1,6.8,0.37,0.43,90.0,85.1,84.0,LOW,MEDIUM
8.0,83.3,80.5,36.7,13.2,3.2,15.3,0.49,0.21,90.0,51.7,70.0,MEDIUM,HIGH
12.0,76.8,37.7,40.9,30.0,2.3,24.3,0.49,0.36,60.0,72.6,51.0,MEDIUM,HIGH
16.0,57.3,45.4,40.7,72.1,3.6,11.5,0.85,0.77,120.0,72.6,104.0,HIGH,HIGH
8.0,72.2,74.5,33.8,79.3,6.1,27.4,0.39,0.37,60.0,27.0,40.0,LOW,LOW
12.0,64.8,30.8,39.5,85.9,3.1,17.3,0.65,0.28,90.0,79.3,82.0,HIGH,MEDIUM
16.0,59.6,81.0,43.5,37.7,4.1,15.0,0.82,0.88,90.0,62.2,68.0,HIGH,HIGH
8.0,42.8,74.6,38.3,93.9,5.1,24.0,0.86,0.65,90.0,73.0,79.0,HIGH,HIGH
12.0,58.0,75.3,30.4,60.7,1.9,4.8,0.74,0.24,120.0,89.5,114.0,LOW,MEDIUM
12.0,45.8,31.9,39.2,73.3,5.8,23.7,0.47,0.24,60.0,80.4,55.0,MEDIUM,MEDIUM
12.0,83.2,74.5,29.7,64.5,3.5,8.8,0.85,0.64,90.0,59.2,73.0,MEDIUM,HIGH
8.0,50.8,71.9,42.4,22.8,5.6,9.9,0.79,0.59,90.0,47.6,64.0,HIGH,HIGH
12.0,85.3,82.3,36.5,96.8,2.0,18.8,0.76,0.25,60.0,82.8,55.0,MEDIUM,MEDIUM
12.0,61.9,27.9,34.4,22.8,2.4,27.3,0.3,0.36,60.0,95.7,59.0,LOW,MEDIUM
12.0,67.4,26.6,28.9,34.4,3.2,18.2,0.28,0.87,90.0,86.3,84.0,LOW,HIGH
8.0,62.4,50.7,34.3,83.6,3.3,20.2,0.76,0.61,60.0,80.2,55.0,MEDIUM,MEDIUM
12.0,39.2,35.3,42.9,66.4,5.5,23.7,0.94,0.52,60.0,69.8,47.0,HIGH,HIGH
8.0,53.0,63.5,28.3,85.8,1.8,9.3,0.81,0.38,60.0,80.8,55.0,LOW,MEDIUM
12.0,37.6,88.3,35.8,57.4,4.6,25.2,0.86,0.3,90.0,86.9,85.0,MEDIUM,HIGH
8.0,66.9,52.0,43.4,45.2,2.4,13.7,0.65,0.49,120.0,62.5,94.0,HIGH,HIGH
16.0,57.0,83.3,34.5,93.1,5.4,6.9,0.47,0.86,60.0,86.0,56.0,MEDIUM,MEDIUM
12.0,75.6,25.0,35.1,15.2,5.2,11.8,0.74,0.24,90.0,48.1,69.0,MEDIUM,HIGH
12.0,44.3,36.6,37.5,87.3,4.0,8.9,0.77,0.91,60.0,84.9,56.0,HIGH,HIGH
8.0,41.2,27.1,35.6,32.3,2.7,8.4,0.74,0.35,60.0,85.9,56.0,MEDIUM,HIGH
12.0,54.8,47.6,30.8,86.7,4.6,9.9,0.94,0.49,120.0,82.6,111.0,MEDIUM,HIGH
16.0,83.9,87.7,28.3,24.2,2.5,7.1,0.52,0.23,60.0,82.3,55.0,LOW,HIGH
16.0,71.8,31.7,38.1,63.1,2.6,20.7,0.28,0.62,60.0,90.0,57.0,MEDIUM,MEDIUM
12.0,55.5,66.8,43.2,90.2,4.6,18.2,0.91,0.55,90.0,63.3,69.0,HIGH,HIGH
12.0,61.0,56.2,29.8,53.7,6.2,20.2,0.37,0.68,60.0,65.1,51.0,LOW,MEDIUM
12.0,36.7,89.8,31.5,77.7,5.7,11.6,0.76,0.59,90.0,85.5,84.0,MEDIUM,HIGH
16.0,87.1,33.5,34.1,82.8,4.4,23.6,0.89,0.49,90.0,48.9,69.0,MEDIUM,HIGH
12.0,69.3,39.6,41.3,76.8,4.2,5.6,0.48,0.73,60.0,73.8,51.0,HIGH,MEDIUM
12.0,48.0,27.0,32.4,93.4,6.2,18.0,0.86,0.22,60.0,79.8,55.0,LOW,MEDIUM
12.0,64.8,54.9,42.6,51.3,4.2,9.7,0.49,0.59,60.0,67.8,47.0,HIGH,HIGH
12.0,38.1,44.2,28.9,27.2,3.6,16.8,0.83,0.28,60.0,89.0,57.0,LOW,HIGH
8.0,86.1,85.0,43.5,16.2,5.8,11.1,0.3,0.51,60.0,18.0,32.0,HIGH,HIGH
12.0,41.8,66.7,37.3,33.7,2.8,24.1,0.73,0.77,120.0,83.8,111.0,HIGH,HIGH
12.0,68.3,67.4,38.9,24.6,2.2,27.0,0.74,0.3,90.0,81.0,82.0,HIGH,HIGH
12.0,45.7,61.7,34.1,61.1,4.6,22.8,0.61,0.87,60.0,83.5,56.0,MEDIUM,HIGH
8.0,72.2,31.3,40.9,28.3,2.2,6.9,0.75,0.84,120.0,68.1,101.0,HIGH,HIGH
12.0,75.5,55.7,30.7,15.4,3.4,9.7,0.92,0.5,60.0,73.2,53.0,MEDIUM,HIGH
12.0,69.7,94.0,28.8,15.2,3.7,27.7,0.79,0.2,90.0,77.3,81.0,LOW,HIGH
12.0,66.4,82.6,34.5,85.2,4.2,14.2,0.95,0.77,60.0,82.7,55.0,HIGH,HIGH
8.0,82.0,86.6,42.1,64.0,6.2,28.4,0.58,0.83,60.0,18.0,34.0,HIGH,HIGH
12.0,36.4,81.8,40.5,43.5,2.8,13.0,0.64,0.33,90.0,77.6,80.0,MEDIUM,HIGH
12.0,50.5,32.1,36.5,90.7,3.5,28.6,0.44,0.86,60.0,89.1,57.0,MEDIUM,MEDIUM
12.0,45.9,40.7,37.4,18.2,2.4,27.9,0.97,0.86,90.0,76.9,81.0,HIGH,HIGH
12.0,87.3,25.2,30.1,98.3,4.5,20.5,0.29,0.54,60.0,43.3,45.0,LOW,LOW
12.0,53.8,45.9,41.9,66.2,5.0,2.2,0.51,0.77,60.0,75.5,50.0,HIGH,HIGH
16.0,73.0,32.5,41.0,28.1,3.9,13.2,0.47,0.52,90.0,74.6,78.0,HIGH,HIGH
12.0,70.3,57.6,38.8,71.8,2.9,27.5,0.53,0.61,90.0,81.4,82.0,MEDIUM,MEDIUM
16.0,43.9,71.7,35.7,79.2,4.5,26.8,0.92,0.43,60.0,84.3,56.0,HIGH,HIGH
12.0,45.4,85.3,43.9,49.8,4.2,7.2,0.52,0.31,60.0,65.0,44.0,HIGH,MEDIUM
8.0,47.8,76.7,42.5,87.8,2.6,13.2,0.92,0.74,90.0,77.0,76.0,HIGH,HIGH
8.0,55.0,89.8,38.6,25.3,3.6,25.4,0.56,0.2,90.0,76.0,80.0,MEDIUM,HIGH
12.0,45.1,28.7,34.1,36.5,3.7,18.2,0.87,0.62,90.0,85.5,84.0,MEDIUM,HIGH
12.0,33.1,25.8,38.2,20.2,6.1,25.7,0.63,0.82,90.0,80.0,82.0,MEDIUM,HIGH
12.0,81.2,70.6,37.5,30.6,5.5,25.1,0.48,0.36,120.0,34.6,85.0,MEDIUM,HIGH
12.0,86.1,45.0,34.5,33.0,5.0,27.4,0.58,0.44,60.0,35.1,42.0,MEDIUM,HIGH
12.0,51.1,42.5,33.1,92.8,5.7,5.3,0.56,0.62,90.0,75.9,80.0,MEDIUM,MEDIUM
12.0,51.0,47.8,34.7,18.9,5.0,6.1,0.44,0.38,90.0,87.0,85.0,LOW,HIGH
8.0,32.4,43.6,37.5,49.6,5.8,4.3,0.46,0.81,90.0,79.1,82.0,MEDIUM,HIGH
12.0,70.1,60.3,35.1,58.9,2.0,28.2,0.39,0.46,60.0,86.9,56.0,LOW,MEDIUM
12.0,78.2,55.4,32.3,91.1,3.8,15.3,0.5,0.62,90.0,66.7,77.0,LOW,MEDIUM
8.0,40.2,60.4,40.6,99.8,5.1,3.8,0.71,0.36,90.0,76.6,80.0,HIGH,MEDIUM
8.0,40.9,71.4,36.8,78.3,4.4,11.0,0.53,0.23,90.0,84.1,84.0,MEDIUM,MEDIUM
12.0,76.2,51.7,29.1,97.4,2.6,11.8,0.77,0.33,60.0,78.3,54.0,LOW,MEDIUM
12.0,66.5,42.3,34.1,81.3,3.3,24.7,0.97,0.23,90.0,83.9,83.0,MEDIUM,MEDIUM
16.0,34.5,36.5,42.6,96.8,3.2,22.6,0.53,0.54,120.0,76.6,103.0,HIGH,MEDIUM
16.0,66.9,49.1,40.5,74.2,2.9,21.3,0.59,0.62,120.0,77.1,107.0,HIGH,MEDIUM
12.0,49.3,76.2,33.3,19.0,3.3,2.6,0.37,0.23,90.0,91.9,87.0,LOW,HIGH
12.0,52.6,77.2,43.5,47.4,4.1,27.5,0.54,0.27,90.0,71.4,72.0,HIGH,MEDIUM
12.0,75.1,71.0,29.3,68.9,5.6,8.0,0.78,0.55,60.0,46.1,45.0,LOW,HIGH
12.0,77.4,41.1,43.9,42.9,5.1,19.6,0.41,0.78,60.0,25.2,33.0,HIGH,HIGH
8.0,54.4,65.6,32.1,36.1,5.5,3.7,0.38,0.65,60.0,56.3,48.0,LOW,HIGH
12.0,85.0,64.4,28.2,62.8,5.7,4.3,0.52,0.28,90.0,23.0,59.0,LOW,MEDIUM
16.0,54.8,58.4,35.2,94.1,3.6,2.3,0.85,0.84,60.0,81.7,55.0,HIGH,HIGH
12.0,75.2,62.9,33.9,15.1,3.3,17.8,0.71,0.86,90.0,73.9,79.0,MEDIUM,HIGH
12.0,59.1,58.9,36.9,79.7,2.1,19.6,0.95,0.43,90.0,84.0,84.0,MEDIUM,HIGH
12.0,82.3,64.0,41.1,75.6,5.9,3.4,0.91,0.64,120.0,22.2,76.0,HIGH,HIGH
8.0,82.8,74.4,41.9,96.8,2.1,10.1,0.36,0.55,90.0,74.0,76.0,HIGH,LOW
12.0,36.9,32.6,34.6,93.9,5.1,25.8,0.28,0.88,90.0,87.0,85.0,LOW,MEDIUM
12.0,84.4,76.7,35.1,79.1,3.5,4.8,0.54,0.57,90.0,61.6,74.0,MEDIUM,MEDIUM
8.0,78.2,34.4,30.4,57.8,6.0,8.1,0.63,0.89,60.0,18.0,38.0,LOW,HIGH
8.0,76.3,29.6,28.8,30.0,3.6,13.9,0.63,0.34,60.0,64.7,50.0,LOW,HIGH
16.0,43.3,92.3,38.6,60.0,5.4,25.6,0.35,0.45,60.0,80.2,55.0,MEDIUM,MEDIUM
12.0,77.1,91.0,29.1,79.4,3.0,9.1,0.34,0.76,60.0,78.0,54.0,LOW,MEDIUM
12.0,79.6,29.2,40.1,90.8,3.1,29.9,0.28,0.76,120.0,71.8,105.0,MEDIUM,LOW
12.0,48.2,55.6,36.9,81.5,4.4,11.9,0.87,0.73,60.0,84.2,56.0,HIGH,HIGH
16.0,85.3,37.9,31.3,29.2,6.2,12.8,0.94,0.82,90.0,24.6,59.0,MEDIUM,HIGH
12.0,34.8,58.5,36.9,64.8,4.1,5.4,0.33,0.71,60.0,89.8,57.0,MEDIUM,MEDIUM
12.0,40.4,82.3,31.0,41.2,5.9,21.0,0.41,0.66,120.0,87.7,113.0,LOW,HIGH
16.0,62.1,90.6,35.2,12.8,5.3,8.8,0.32,0.53,60.0,79.8,55.0,LOW,HIGH
16.0,64.2,68.8,41.2,29.6,5.3,19.6,0.89,0.54,60.0,80.1,52.0,HIGH,HIGH
8.0,68.1,49.4,35.6,22.0,3.7,8.2,0.95,0.49,60.0,64.1,50.0,HIGH,HIGH
16.0,33.0,66.6,30.5,86.2,3.5,12.9,0.44,0.65,90.0,89.8,86.0,LOW,MEDIUM
12.0,85.8,46.5,39.9,34.7,2.6,26.0,0.47,0.49,60.0,66.0,51.0,MEDIUM,HIGH
12.0,34.5,87.8,31.1,37.1,6.0,22.7,0.51,0.31,90.0,87.1,85.0,LOW,HIGH
8.0,40.0,85.1,40.2,96.5,6.0,6.3,0.62,0.28,90.0,61.3,74.0,MEDIUM,LOW
8.0,32.8,63.5,35.9,45.4,5.1,19.0,0.75,0.87,60.0,76.7,54.0,MEDIUM,HIGH
12.0,63.7,47.4,35.5,12.8,3.1,19.6,0.62,0.22,60.0,81.9,55.0,MEDIUM,HIGH
12.0,84.2,45.2,42.0,37.0,2.9,4.5,0.94,0.28,90.0,63.6,72.0,HIGH,HIGH
12.0,69.3,27.3,39.7,22.5,6.1,15.0,0.32,0.52,60.0,40.6,44.0,MEDIUM,HIGH
12.0,78.1,81.3,28.5,21.0,2.1,9.3,0.83,0.39,120.0,78.9,109.0,LOW,HIGH
12.0,32.7,56.1,32.9,18.8,5.5,15.1,0.49,0.49,60.0,88.6,57.0,LOW,HIGH
8.0,62.4,47.4,42.4,64.2,3.4,23.8,0.53,0.28,90.0,72.2,74.0,HIGH,MEDIUM
12.0,57.7,57.5,28.3,28.7,3.6,6.4,0.77,0.29,90.0,89.1,86.0,LOW,HIGH
8.0,59.9,81.5,37.0,43.8,5.5,5.5,0.93,0.78,90.0,47.5,69.0,HIGH,HIGH
12.0,36.0,33.6,40.0,87.9,2.2,9.5,0.77,0.75,60.0,74.4,53.0,HIGH,HIGH
12.0,70.3,84.2,38.3,49.3,3.4,28.7,0.82,0.28,120.0,78.8,109.0,MEDIUM,HIGH
16.0,60.2,86.9,40.5,92.6,6.0,22.9,0.8,0.68,90.0,69.9,77.0,HIGH,MEDIUM
8.0,74.8,90.3,40.0,55.8,4.9,2.5,0.48,0.64,90.0,31.9,62.0,MEDIUM,HIGH
8.0,59.2,52.4,39.4,47.1,5.1,13.2,0.8,0.71,90.0,48.6,69.0,HIGH,HIGH
12.0,40.4,40.0,41.6,78.0,5.1,9.2,0.82,0.54,90.0,80.0,79.0,HIGH,HIGH
12.0,68.3,50.8,38.7,18.4,2.1,19.9,0.64,0.39,120.0,82.7,111.0,MEDIUM,HIGH
8.0,41.7,48.0,34.6,19.9,2.7,14.9,0.64,0.68,120.0,82.8,111.0,MEDIUM,HIGH
16.0,80.9,37.2,35.8,69.4,4.0,29.0,0.8,0.47,60.0,68.0,51.0,MEDIUM,HIGH
8.0,66.3,66.9,39.8,54.9,3.4,8.1,0.85,0.36,60.0,68.7,52.0,HIGH,HIGH
12.0,40.8,57.9,42.5,81.6,3.6,18.5,0.5,0.49,120.0,74.5,102.0,HIGH,MEDIUM
12.0,85.9,84.7,32.5,92.6,5.2,21.6,0.84,0.75,60.0,28.3,41.0,MEDIUM,HIGH
12.0,61.0,27.2,33.6,46.2,1.9,25.1,0.84,0.54,120.0,83.6,111.0,MEDIUM,HIGH
12.0,36.1,69.4,43.4,64.5,4.7,13.4,0.42,0.42,90.0,67.4,71.0,HIGH,MEDIUM
8.0,67.1,77.6,37.5,56.1,1.8,21.2,0.77,0.8,60.0,80.6,55.0,HIGH,HIGH
12.0,46.2,77.4,31.0,98.4,2.1,10.5,0.39,0.83,60.0,91.7,58.0,LOW,MEDIUM
8.0,77.0,86.1,39.0,85.1,3.6,14.2,0.32,0.51,60.0,57.1,48.0,MEDIUM,LOW
8.0,77.8,75.3,44.3,92.2,5.5,27.1,0.67,0.47,90.0,18.0,49.0,HIGH,MEDIUM
16.0,86.8,89.0,41.6,34.4,2.4,28.6,0.91,0.64,60.0,71.7,50.0,HIGH,HIGH
8.0,60.1,48.0,40.3,80.0,4.2,22.1,0.28,0.24,60.0,63.4,50.0,MEDIUM,LOW
12.0,57.5,59.7,31.4,35.4,4.8,12.5,0.85,0.7,120.0,80.9,110.0,MEDIUM,HIGH
12.0,74.2,26.0,42.5,30.4,2.8,25.0,0.62,0.76,60.0,66.9,47.0,HIGH,HIGH
12.0,39.4,25.5,36.7,95.1,4.1,2.7,0.88,0.49,90.0,82.0,83.0,MEDIUM,MEDIUM
16.0,62.6,41.6,42.7,13.7,5.8,4.9,0.87,0.33,90.0,59.1,69.0,HIGH,HIGH
8.0,62.6,32.0,33.4,97.0,4.1,20.5,0.89,0.22,60.0,68.9,52.0,MEDIUM,MEDIUM
12.0,37.0,43.0,29.0,25.1,2.5,10.2,0.81,0.66,60.0,86.1,56.0,LOW,HIGH
16.0,55.4,37.2,35.9,84.1,4.6,28.6,0.87,0.39,60.0,84.0,56.0,MEDIUM,MEDIUM
12.0,79.8,27.0,32.5,36.3,4.4,14.2,0.38,0.53,60.0,62.9,50.0,LOW,HIGH
16.0,79.9,87.7,39.8,42.9,1.9,14.0,0.47,0.48,60.0,78.3,54.0,MEDIUM,HIGH
8.0,37.6,25.6,43.8,31.1,2.2,21.0,0.43,0.33,90.0,68.6,70.0,HIGH,HIGH
12.0,37.1,75.8,39.4,63.5,2.5,23.5,0.79,0.57,90.0,75.9,80.0,HIGH,HIGH
12.0,46.7,35.5,42.6,42.6,2.4,15.3,0.36,0.53,90.0,75.6,75.0,HIGH,MEDIUM
12.0,81.0,87.9,35.5,69.9,2.9,8.0,0.38,0.65,60.0,76.6,54.0,MEDIUM,MEDIUM
16.0,39.2,86.6,40.7,13.4,3.8,23.7,0.89,0.38,60.0,67.1,50.0,HIGH,HIGH
12.0,72.3,70.1,41.9,17.7,3.4,11.0,0.77,0.35,60.0,78.9,51.0,HIGH,HIGH
12.0,37.7,71.4,39.7,20.8,5.7,6.9,0.89,0.79,60.0,78.0,54.0,HIGH,HIGH
8.0,66.9,25.4,36.4,48.9,4.5,19.7,0.35,0.71,120.0,57.9,97.0,MEDIUM,MEDIUM
12.0,51.9,93.0,38.3,83.7,5.7,4.5,0.54,0.76,60.0,73.6,53.0,MEDIUM,MEDIUM
12.0,76.2,85.6,39.6,90.2,4.1,29.2,0.46,0.29,60.0,62.3,50.0,MEDIUM,LOW
16.0,45.1,86.8,32.2,33.5,2.2,19.7,0.26,0.36,90.0,92.5,87.0,LOW,MEDIUM
12.0,67.8,70.5,41.4,62.5,3.8,29.6,0.46,0.61,90.0,78.9,79.0,MEDIUM,MEDIUM
12.0,45.2,48.8,43.7,79.6,5.4,11.5,0.53,0.82,120.0,65.1,95.0,HIGH,MEDIUM
8.0,72.0,86.7,35.7,37.4,2.7,29.2,0.32,0.84,60.0,81.4,55.0,MEDIUM,HIGH
8.0,80.9,45.1,39.6,48.0,2.2,6.1,0.66,0.8,60.0,65.4,51.0,HIGH,HIGH
8.0,39.1,63.8,40.2,58.1,3.2,3.1,0.53,0.23,60.0,84.9,56.0,MEDIUM,MEDIUM
12.0,80.5,31.9,38.9,23.9,3.5,2.9,0.28,0.79,60.0,65.9,51.0,MEDIUM,HIGH
16.0,65.2,88.6,37.0,14.3,3.1,15.0,0.76,0.85,90.0,79.4,82.0,HIGH,HIGH
12.0,39.1,34.7,42.5,25.4,2.4,4.3,0.78,0.24,120.0,76.4,103.0,HIGH,HIGH
12.0,55.9,40.5,35.4,67.2,2.9,16.3,0.86,0.5,90.0,87.2,85.0,MEDIUM,HIGH
8.0,41.0,63.5,29.0,18.5,4.8,11.2,0.6,0.59,60.0,81.8,55.0,LOW,HIGH
16.0,71.2,77.7,41.9,28.7,3.5,11.4,0.96,0.37,60.0,74.7,50.0,HIGH,HIGH
12.0,74.5,67.7,39.1,41.7,4.6,19.8,0.92,0.57,120.0,60.8,99.0,HIGH,HIGH
8.0,37.9,41.0,42.0,18.9,4.2,6.6,0.65,0.84,60.0,69.7,48.0,HIGH,HIGH
12.0,60.3,25.1,30.3,28.9,4.2,23.5,0.57,0.82,120.0,78.5,108.0,MEDIUM,HIGH
12.0,77.6,77.2,28.5,92.2,2.9,18.3,0.25,0.88,90.0,84.7,84.0,LOW,LOW
8.0,84.4,93.0,43.4,13.7,4.1,27.6,0.77,0.55,120.0,18.0,70.0,HIGH,HIGH
12.0,60.8,80.9,30.4,69.5,1.9,12.2,0.66,0.5,120.0,85.5,112.0,LOW,MEDIUM
12.0,85.2,56.8,41.4,45.8,3.7,29.5,0.93,0.68,60.0,51.0,44.0,HIGH,HIGH
8.0,62.0,87.4,41.6,71.2,4.3,18.1,0.68,0.5,90.0,61.9,72.0,HIGH,MEDIUM
16.0,54.1,53.3,39.7,63.8,2.6,29.3,0.97,0.23,60.0,79.6,54.0,HIGH,HIGH
16.0,79.5,61.2,30.2,31.7,2.9,2.8,0.87,0.72,60.0,77.1,54.0,MEDIUM,HIGH
12.0,59.6,57.9,39.0,86.6,2.8,22.4,0.95,0.4,60.0,81.2,55.0,HIGH,HIGH
12.0,58.4,55.9,42.7,55.3,2.1,24.9,0.49,0.24,60.0,75.1,48.0,HIGH,MEDIUM
12.0,59.5,78.5,35.0,84.4,3.3,3.5,0.36,0.21,60.0,87.0,56.0,LOW,LOW
12.0,79.4,61.3,34.8,47.7,6.1,18.2,0.83,0.87,60.0,25.6,40.0,MEDIUM,HIGH
12.0,78.6,46.9,35.3,98.7,3.4,24.5,0.82,0.38,90.0,75.0,80.0,MEDIUM,MEDIUM
8.0,54.6,42.8,29.4,79.8,3.8,17.7,0.4,0.52,120.0,85.2,112.0,LOW,MEDIUM
12.0,50.7,27.6,42.7,97.0,4.7,3.8,0.81,0.88,90.0,64.5,71.0,HIGH,HIGH
16.0,59.5,65.2,42.3,57.3,4.7,21.4,0.67,0.54,60.0,74.3,49.0,HIGH,HIGH
12.0,64.1,40.9,44.5,53.7,6.0,3.7,0.33,0.26,60.0,38.4,35.0,HIGH,MEDIUM
8.0,45.3,35.2,37.7,78.5,5.6,24.9,0.62,0.6,60.0,64.1,50.0,MEDIUM,MEDIUM
12.0,76.5,70.1,40.4,89.5,5.3,3.2,0.93,0.26,90.0,39.4,65.0,HIGH,MEDIUM
8.0,59.2,72.0,31.3,96.8,6.0,5.8,0.62,0.27,90.0,43.7,67.0,LOW,LOW
12.0,50.7,76.9,39.0,40.6,2.8,9.7,0.83,0.81,60.0,79.9,55.0,HIGH,HIGH
8.0,38.0,59.7,38.7,82.3,4.5,19.7,0.27,0.41,90.0,81.1,82.0,MEDIUM,LOW
12.0,45.4,86.7,42.9,30.5,5.7,29.3,0.78,0.69,90.0,63.7,70.0,HIGH,HIGH
12.0,85.2,89.6,41.7,60.0,4.5,5.3,0.94,0.57,60.0,34.4,39.0,HIGH,HIGH
12.0,49.1,80.7,43.5,27.8,6.1,6.0,0.61,0.36,60.0,61.4,43.0,HIGH,HIGH
8.0,41.5,68.9,42.3,42.6,2.2,12.3,0.5,0.57,90.0,78.4,77.0,HIGH,HIGH
16.0,57.8,46.0,42.3,94.0,3.7,25.4,0.72,0.25,90.0,78.9,77.0,HIGH,MEDIUM
16.0,49.2,92.8,29.1,24.9,6.1,15.1,0.92,0.45,60.0,81.2,55.0,LOW,HIGH
16.0,34.0,43.9,42.0,67.7,3.5,11.0,0.38,0.58,60.0,83.0,52.0,HIGH,MEDIUM
8.0,50.1,39.0,38.0,64.2,5.1,17.7,0.54,0.36,90.0,69.9,78.0,MEDIUM,MEDIUM
12.0,62.5,55.5,34.3,22.6,1.9,9.3,0.36,0.68,60.0,91.2,58.0,LOW,HIGH
16.0,62.9,28.9,28.9,40.7,4.9,13.2,0.61,0.24,90.0,90.5,86.0,LOW,HIGH
12.0,52.0,92.5,39.2,61.5,5.9,11.3,0.64,0.55,60.0,76.3,54.0,HIGH,HIGH
8.0,57.0,65.6,33.4,28.5,3.5,24.5,0.94,0.71,60.0,81.7,55.0,MEDIUM,HIGH
8.0,86.1,63.4,35.7,82.5,1.9,27.9,0.55,0.51,60.0,72.4,53.0,MEDIUM,MEDIUM
12.0,53.1,70.2,39.2,97.5,1.9,23.3,0.66,0.83,120.0,80.9,110.0,HIGH,MEDIUM
16.0,46.5,59.3,43.0,30.9,5.7,14.3,0.9,0.66,90.0,71.2,73.0,HIGH,HIGH
12.0,45.6,27.2,41.6,28.4,5.0,16.1,0.48,0.89,120.0,78.4,105.0,HIGH,HIGH
12.0,57.6,67.2,35.4,52.0,2.3,5.5,0.74,0.4,60.0,88.7,57.0,MEDIUM,HIGH
8.0,74.5,74.4,34.4,77.8,2.0,22.9,0.8,0.88,90.0,82.3,83.0,MEDIUM,HIGH
12.0,43.5,53.8,32.0,36.8,5.3,18.7,0.49,0.64,120.0,86.5,113.0,LOW,HIGH
16.0,71.7,77.3,34.1,13.7,5.4,27.3,0.37,0.74,60.0,66.8,51.0,MEDIUM,HIGH
12.0,33.2,40.7,29.8,59.6,2.3,7.6,0.62,0.85,120.0,83.4,111.0,LOW,HIGH
12.0,55.5,40.3,44.0,96.2,3.1,23.3,0.51,0.6,120.0,64.6,94.0,HIGH,MEDIUM
16.0,75.4,36.1,37.5,46.4,5.2,21.2,0.44,0.82,120.0,67.5,102.0,MEDIUM,HIGH
8.0,51.0,50.7,30.1,49.0,4.1,9.4,0.96,0.59,120.0,81.1,110.0,MEDIUM,HIGH
12.0,63.6,83.4,33.8,97.3,6.0,20.7,0.62,0.63,90.0,59.0,73.0,MEDIUM,MEDIUM
12.0,43.5,82.1,37.0,73.1,3.9,27.9,0.88,0.52,120.0,82.3,110.0,MEDIUM,HIGH
12.0,73.6,51.4,36.8,75.3,4.8,27.7,0.39,0.3,60.0,64.5,50.0,MEDIUM,LOW
12.0,34.9,65.6,28.6,61.5,4.0,22.1,0.94,0.6,90.0,83.0,83.0,LOW,HIGH
12.0,79.7,74.7,43.7,97.8,5.9,3.3,0.83,0.9,60.0,18.0,31.0,HIGH,HIGH
12.0,43.1,41.6,32.5,72.6,3.6,26.4,0.84,0.77,90.0,82.9,83.0,MEDIUM,HIGH
12.0,81.0,36.6,28.3,90.8,2.8,20.4,0.53,0.74,90.0,77.3,81.0,LOW,MEDIUM
16.0,51.7,92.1,29.3,73.5,3.2,10.7,0.6,0.66,90.0,82.3,83.0,LOW,MEDIUM
12.0,72.5,67.6,37.6,76.7,5.6,7.2,0.68,0.45,90.0,51.5,70.0,MEDIUM,MEDIUM
8.0,49.9,92.7,30.3,37.6,4.0,5.3,0.83,0.32,60.0,76.0,54.0,LOW,HIGH
12.0,82.7,48.3,28.7,38.7,3.4,3.4,0.87,0.36,90.0,64.3,76.0,LOW,HIGH
12.0,39.1,73.5,34.3,80.9,4.2,23.1,0.31,0.2,60.0,92.5,58.0,LOW,LOW
12.0,42.0,40.4,38.3,38.1,2.4,8.6,0.91,0.68,60.0,86.5,56.0,HIGH,HIGH
16.0,59.6,43.0,29.8,61.5,1.8,2.7,0.93,0.78,90.0,84.0,84.0,MEDIUM,HIGH
16.0,36.6,60.3,33.2,33.9,3.0,13.1,0.68,0.39,90.0,89.6,86.0,MEDIUM,HIGH
12.0,43.0,47.1,34.9,83.9,4.5,15.5,0.39,0.27,60.0,88.9,57.0,LOW,LOW
16.0,84.9,36.6,30.6,21.7,4.9,6.7,0.85,0.44,60.0,43.7,45.0,MEDIUM,HIGH
8.0,86.7,43.1,36.4,85.0,5.4,3.2,0.65,0.41,60.0,18.0,38.0,MEDIUM,MEDIUM
8.0,53.1,27.5,29.4,65.0,5.9,7.3,0.85,0.52,90.0,50.9,70.0,LOW,HIGH
8.0,83.7,73.6,28.8,28.4,3.6,21.0,0.84,0.39,90.0,51.1,70.0,LOW,HIGH
16.0,62.5,59.0,36.6,59.7,5.1,4.3,0.31,0.44,60.0,86.5,56.0,LOW,MEDIUM
12.0,47.1,31.5,32.1,36.9,2.1,17.5,0.69,0.85,90.0,84.2,84.0,MEDIUM,HIGH
8.0,71.3,36.8,29.6,40.5,2.1,6.1,0.6,0.44,60.0,83.1,55.0,LOW,HIGH
12.0,68.9,32.1,35.0,42.9,2.3,7.5,0.94,0.77,90.0,83.3,83.0,MEDIUM,HIGH
12.0,87.4,67.3,43.1,17.6,3.8,13.0,0.47,0.65,60.0,32.5,36.0,HIGH,HIGH
8.0,46.8,31.5,39.9,98.8,2.7,4.8,0.4,0.44,120.0,82.9,111.0,MEDIUM,LOW
16.0,69.6,77.0,41.5,14.8,3.1,6.8,0.9,0.79,60.0,72.7,50.0,HIGH,HIGH
16.0,34.9,26.4,42.4,70.3,4.7,11.8,0.36,0.63,90.0,74.9,76.0,HIGH,MEDIUM
12.0,38.4,42.2,44.0,44.7,3.4,11.2,0.75,0.21,90.0,59.7,66.0,HIGH,HIGH
16.0,32.2,86.5,40.6,68.8,4.3,23.0,0.47,0.25,60.0,80.2,54.0,MEDIUM,MEDIUM
12.0,88.0,74.6,38.0,43.3,3.6,4.1,0.66,0.74,60.0,52.4,47.0,MEDIUM,HIGH
16.0,76.9,30.0,34.0,71.3,2.5,26.1,0.7,0.52,60.0,87.5,57.0,MEDIUM,MEDIUM
12.0,76.1,81.7,31.0,76.2,2.1,24.9,0.55,0.49,90.0,86.9,85.0,LOW,MEDIUM
12.0,60.5,59.0,39.3,72.8,2.8,23.4,0.96,0.3,60.0,83.8,56.0,HIGH,HIGH
8.0,48.8,83.4,44.4,22.0,2.1,10.7,0.35,0.31,90.0,63.3,67.0,HIGH,HIGH
16.0,40.5,66.5,35.7,69.8,4.5,25.0,0.54,0.77,90.0,86.0,84.0,MEDIUM,HIGH
12.0,47.9,72.0,39.9,36.6,5.3,7.1,0.56,0.8,60.0,80.5,55.0,HIGH,HIGH
8.0,53.1,93.6,36.2,14.5,3.3,5.5,0.71,0.6,60.0,69.4,52.0,MEDIUM,HIGH
8.0,74.4,41.0,35.1,48.5,3.5,3.3,0.55,0.41,120.0,62.3,100.0,MEDIUM,HIGH
12.0,62.2,68.1,34.8,50.2,5.4,28.3,0.32,0.87,60.0,73.0,53.0,MEDIUM,HIGH
12.0,36.3,56.8,36.3,53.1,2.8,10.6,0.94,0.65,60.0,82.5,55.0,HIGH,HIGH
12.0,33.0,27.7,34.1,74.0,2.3,27.7,0.55,0.77,90.0,86.1,84.0,MEDIUM,MEDIUM
16.0,37.7,26.0,40.4,39.2,4.0,9.6,0.5,0.2,60.0,79.6,54.0,MEDIUM,MEDIUM
8.0,55.0,33.2,42.4,39.7,4.6,27.4,0.58,0.52,60.0,60.0,45.0,HIGH,HIGH
12.0,84.3,69.8,42.6,17.3,4.4,27.3,0.41,0.83,60.0,30.2,37.0,HIGH,HIGH
8.0,67.7,64.1,31.8,72.4,4.9,27.9,0.32,0.44,120.0,54.8,96.0,LOW,LOW
16.0,76.9,63.2,42.8,62.0,2.0,15.9,0.36,0.72,60.0,71.1,47.0,HIGH,MEDIUM
16.0,58.1,27.2,33.6,42.7,3.7,26.2,0.37,0.67,120.0,87.8,113.0,LOW,HIGH
12.0,52.3,57.4,33.1,74.1,2.8,28.6,0.39,0.31,60.0,89.2,57.0,LOW,LOW
12.0,38.1,88.8,40.0,59.3,5.1,11.1,0.56,0.76,60.0,77.3,54.0,HIGH,HIGH
12.0,81.1,52.4,33.0,53.3,5.6,13.7,0.71,0.28,120.0,35.7,85.0,LOW,HIGH
12.0,75.9,68.1,28.9,57.0,3.0,22.1,0.71,0.72,60.0,83.3,55.0,LOW,HIGH
16.0,41.4,78.8,34.2,68.0,2.2,10.4,0.25,0.91,60.0,87.5,57.0,MEDIUM,MEDIUM
12.0,60.7,79.1,39.9,70.1,2.9,23.1,0.92,0.89,60.0,77.1,54.0,HIGH,HIGH
12.0,59.3,60.8,33.4,37.4,2.3,4.1,0.85,0.78,120.0,85.4,112.0,MEDIUM,HIGH
12.0,67.0,84.2,38.4,24.4,3.2,16.7,0.95,0.58,60.0,79.7,55.0,HIGH,HIGH
16.0,85.0,52.0,38.9,25.8,4.2,5.4,0.51,0.69,90.0,56.3,72.0,MEDIUM,HIGH
12.0,64.5,86.3,40.1,68.3,6.1,10.2,0.74,0.72,90.0,48.9,69.0,HIGH,HIGH
8.0,62.3,41.6,42.8,88.8,3.6,9.2,0.37,0.21,60.0,64.1,45.0,HIGH,LOW
12.0,34.8,44.3,35.1,48.0,2.8,25.5,0.85,0.27,60.0,85.6,56.0,MEDIUM,HIGH
16.0,35.5,28.7,30.7,26.9,2.5,7.4,0.37,0.63,120.0,89.2,114.0,LOW,HIGH
8.0,42.5,79.9,33.3,78.6,2.6,24.6,0.49,0.2,90.0,89.1,86.0,LOW,LOW
8.0,33.8,53.8,35.1,85.3,2.6,24.2,0.61,0.85,90.0,84.5,84.0,MEDIUM,MEDIUM
8.0,73.6,40.8,39.8,89.5,5.2,16.0,0.68,0.55,60.0,32.1,42.0,HIGH,MEDIUM
12.0,72.5,41.0,28.2,65.4,2.1,8.5,0.66,0.39,60.0,88.2,57.0,LOW,MEDIUM
12.0,39.6,87.2,33.2,87.7,6.2,8.4,0.32,0.48,90.0,88.3,85.0,LOW,LOW
12.0,78.8,82.5,40.9,13.4,4.1,15.0,0.56,0.81,90.0,43.7,66.0,HIGH,HIGH
12.0,40.7,63.2,39.1,21.4,4.2,2.2,0.92,0.87,90.0,75.5,80.0,HIGH,HIGH
12.0,48.9,67.5,40.1,20.1,3.4,16.9,0.89,0.28,60.0,80.5,55.0,HIGH,HIGH
12.0,45.9,57.7,41.4,74.7,4.8,28.7,0.68,0.76,120.0,80.2,107.0,HIGH,HIGH
16.0,52.8,52.0,40.9,18.1,3.9,6.3,0.67,0.62,60.0,72.4,51.0,HIGH,HIGH
12.0,46.3,88.2,39.3,55.7,3.2,18.1,0.33,0.62,60.0,80.5,55.0,MEDIUM,MEDIUM
16.0,59.4,33.7,35.3,53.6,3.0,28.9,0.4,0.76,120.0,89.9,115.0,MEDIUM,HIGH
12.0,54.8,53.9,44.2,39.3,5.9,26.1,0.43,0.36,90.0,56.8,65.0,HIGH,MEDIUM
8.0,87.2,48.8,37.4,88.6,3.1,25.8,0.61,0.58,60.0,54.4,48.0,MEDIUM,MEDIUM
12.0,35.1,59.4,31.3,27.0,3.7,25.0,0.78,0.43,90.0,87.5,85.0,MEDIUM,HIGH
12.0,40.0,56.6,32.8,43.0,3.3,10.7,0.59,0.27,60.0,88.5,57.0,LOW,HIGH
12.0,35.0,60.8,39.4,80.1,2.2,26.9,0.34,0.28,60.0,87.8,57.0,MEDIUM,LOW
8.0,67.0,34.7,43.3,14.7,2.6,28.4,0.57,0.3,90.0,55.3,66.0,HIGH,HIGH
8.0,35.1,60.4,30.9,71.2,2.6,15.9,0.37,0.64,60.0,85.9,56.0,LOW,MEDIUM
16.0,78.8,41.7,29.4,83.8,4.9,11.9,0.8,0.28,60.0,60.8,49.0,LOW,MEDIUM
8.0,60.7,37.7,42.5,94.0,3.6,13.6,0.37,0.61,60.0,69.9,47.0,HIGH,LOW
16.0,61.5,29.5,43.1,89.1,5.2,11.4,0.6,0.62,60.0,68.8,46.0,HIGH,MEDIUM
12.0,63.4,77.6,32.6,40.1,4.9,7.9,0.76,0.85,60.0,74.3,53.0,MEDIUM,HIGH
12.0,41.6,54.5,34.2,63.6,2.6,19.3,0.42,0.65,120.0,87.3,113.0,MEDIUM,MEDIUM
12.0,43.1,68.2,38.9,18.8,4.3,17.8,0.31,0.91,90.0,86.0,84.0,MEDIUM,HIGH
12.0,49.9,75.2,33.4,34.7,5.1,15.0,0.66,0.22,60.0,84.9,56.0,MEDIUM,HIGH
12.0,65.2,71.9,42.5,20.3,4.6,4.7,0.29,0.71,90.0,70.9,74.0,HIGH,HIGH
8.0,43.8,57.5,29.8,39.7,4.4,24.3,0.68,0.22,90.0,78.6,81.0,LOW,HIGH
8.0,38.5,51.8,28.6,89.0,5.1,6.9,0.8,0.73,90.0,84.5,84.0,LOW,HIGH
12.0,86.3,50.9,31.4,42.6,2.0,5.2,0.49,0.48,60.0,83.0,55.0,LOW,HIGH
12.0,33.2,69.2,32.7,61.4,5.0,19.4,0.61,0.64,60.0,83.2,55.0,LOW,HIGH
16.0,77.0,59.1,29.9,50.1,3.0,13.2,0.93,0.42,120.0,80.7,110.0,MEDIUM,HIGH
16.0,76.1,83.6,29.1,52.4,4.3,3.7,0.59,0.31,60.0,75.7,53.0,LOW,MEDIUM
12.0,48.6,85.4,40.5,97.3,2.9,12.0,0.98,0.72,60.0,75.9,53.0,HIGH,HIGH
12.0,39.6,36.8,30.7,38.1,5.5,23.6,0.36,0.85,90.0,91.7,87.0,LOW,HIGH
12.0,40.2,34.4,43.1,67.2,3.9,19.2,0.77,0.33,60.0,65.3,45.0,HIGH,MEDIUM
12.0,71.1,68.5,34.1,49.0,4.6,12.2,0.73,0.86,120.0,62.4,100.0,MEDIUM,HIGH
16.0,68.0,45.8,39.1,17.4,5.3,7.4,0.89,0.3,120.0,77.6,108.0,HIGH,HIGH
12.0,75.8,26.3,31.7,55.1,5.7,19.7,0.32,0.73,90.0,42.8,67.0,LOW,MEDIUM
12.0,84.5,86.3,32.0,83.6,5.0,26.9,0.45,0.89,90.0,33.9,63.0,MEDIUM,MEDIUM
8.0,70.7,40.7,37.5,20.7,2.5,20.1,0.35,0.31,60.0,84.7,56.0,MEDIUM,HIGH
12.0,40.7,89.1,37.3,18.1,5.6,24.8,0.93,0.51,90.0,81.0,82.0,HIGH,HIGH
12.0,45.6,74.5,40.7,25.5,4.5,16.6,0.56,0.44,90.0,80.4,81.0,HIGH,HIGH
16.0,79.2,77.6,40.5,79.3,4.5,22.1,0.91,0.48,60.0,63.8,49.0,HIGH,HIGH
12.0,43.7,38.9,39.1,75.7,5.9,27.1,0.46,0.74,120.0,84.0,111.0,MEDIUM,MEDIUM
12.0,36.1,41.2,35.4,61.7,2.9,23.6,0.34,0.68,120.0,85.5,112.0,MEDIUM,MEDIUM
16.0,71.4,61.0,42.7,53.2,2.9,27.5,0.47,0.9,120.0,72.5,100.0,HIGH,HIGH
8.0,54.5,36.9,38.3,90.2,4.1,14.1,0.69,0.33,90.0,81.0,82.0,MEDIUM,MEDIUM
12.0,83.5,46.1,44.3,79.5,5.1,27.3,0.87,0.59,60.0,18.0,30.0,HIGH,HIGH
8.0,68.4,47.2,41.5,83.5,3.8,19.4,0.53,0.52,60.0,65.3,48.0,HIGH,MEDIUM
12.0,37.1,36.0,28.7,83.6,4.6,26.4,0.92,0.86,60.0,84.0,56.0,MEDIUM,HIGH
16.0,85.1,39.2,33.3,68.6,3.8,3.1,0.43,0.21,60.0,70.5,52.0,LOW,MEDIUM
12.0,46.5,79.4,37.4,52.3,4.5,20.4,0.76,0.91,60.0,85.3,56.0,HIGH,HIGH
16.0,50.9,36.5,39.9,88.1,5.4,25.7,0.79,0.55,90.0,79.3,82.0,HIGH,MEDIUM
12.0,54.5,27.0,37.1,93.5,2.6,6.9,0.45,0.65,90.0,86.2,84.0,MEDIUM,MEDIUM
16.0,34.9,68.4,41.0,14.1,4.9,20.5,0.27,0.46,60.0,72.2,51.0,MEDIUM,HIGH
12.0,59.8,92.3,32.7,16.5,5.3,25.1,0.52,0.81,90.0,72.3,79.0,MEDIUM,HIGH
16.0,38.9,47.9,31.0,96.4,3.8,10.1,0.28,0.6,60.0,88.3,57.0,LOW,LOW
8.0,54.5,33.2,28.9,36.4,3.2,13.3,0.91,0.68,90.0,77.5,81.0,MEDIUM,HIGH
16.0,51.6,64.4,37.5,88.9,1.9,17.9,0.95,0.67,120.0,85.8,112.0,HIGH,HIGH
12.0,75.3,87.5,39.4,46.2,5.3,16.5,0.79,0.46,90.0,45.1,68.0,HIGH,HIGH
12.0,77.0,79.1,33.4,22.5,3.2,3.1,0.78,0.25,60.0,76.6,54.0,LOW,HIGH
16.0,40.6,68.0,38.1,19.1,3.4,4.8,0.43,0.78,60.0,85.4,56.0,MEDIUM,HIGH
12.0,52.5,46.7,28.9,25.8,3.3,4.8,0.3,0.41,90.0,89.2,86.0,LOW,MEDIUM
16.0,52.9,62.4,29.6,34.0,4.0,9.3,0.84,0.81,90.0,84.1,84.0,LOW,HIGH
8.0,40.5,31.3,39.6,55.0,4.9,8.9,0.66,0.64,120.0,73.3,106.0,HIGH,HIGH
12.0,76.7,71.8,34.1,73.7,5.2,22.8,0.75,0.45,60.0,44.5,45.0,MEDIUM,MEDIUM
12.0,71.6,75.0,39.1,98.8,3.5,18.0,0.82,0.63,60.0,78.7,54.0,HIGH,MEDIUM
8.0,42.7,91.6,41.7,50.9,4.7,23.4,0.55,0.66,60.0,76.6,51.0,HIGH,HIGH
8.0,52.5,43.0,42.1,57.6,5.0,4.0,0.36,0.71,90.0,60.9,70.0,HIGH,MEDIUM
8.0,37.9,26.3,30.8,57.9,3.1,15.6,0.83,0.79,90.0,85.1,84.0,MEDIUM,HIGH
12.0,67.2,62.6,36.0,59.5,2.2,11.1,0.58,0.32,60.0,88.8,57.0,MEDIUM,MEDIUM
12.0,38.8,73.8,40.1,57.6,5.7,25.8,0.85,0.88,60.0,78.3,54.0,HIGH,HIGH
12.0,87.2,79.5,40.8,12.8,4.8,21.8,0.57,0.5,90.0,23.3,58.0,HIGH,HIGH
12.0,75.7,38.4,40.9,12.2,4.7,26.3,0.41,0.82,120.0,40.9,86.0,HIGH,HIGH
12.0,53.9,43.1,31.8,20.6,2.1,3.3,0.37,0.36,60.0,91.8,58.0,LOW,HIGH
12.0,64.4,60.4,31.2,20.9,5.4,22.2,0.79,0.22,60.0,70.2,52.0,LOW,HIGH
8.0,83.0,47.8,37.7,74.0,4.3,17.1,0.67,0.61,60.0,44.5,45.0,MEDIUM,MEDIUM
16.0,63.0,84.4,40.2,30.0,5.5,25.1,0.55,0.43,60.0,72.7,52.0,HIGH,HIGH
16.0,41.8,57.7,33.3,90.7,6.1,16.2,0.61,0.91,90.0,84.5,84.0,MEDIUM,MEDIUM
12.0,53.2,80.2,29.7,93.7,6.0,17.1,0.65,0.28,60.0,79.4,54.0,LOW,MEDIUM
12.0,79.2,65.1,39.8,97.9,5.6,3.4,0.42,0.23,90.0,32.4,63.0,MEDIUM,LOW
16.0,68.1,78.3,32.9,94.6,1.8,20.7,0.53,0.23,120.0,90.1,115.0,LOW,LOW
8.0,68.4,48.0,30.7,35.9,5.7,9.6,0.46,0.36,60.0,38.8,43.0,LOW,HIGH
8.0,80.5,82.4,30.4,56.9,2.1,2.6,0.53,0.62,90.0,79.1,82.0,LOW,HIGH
8.0,82.1,43.9,33.2,27.4,5.5,3.9,0.62,0.56,120.0,22.1,78.0,MEDIUM,HIGH
12.0,83.5,62.7,37.8,82.9,3.0,28.8,0.38,0.45,60.0,71.9,52.0,MEDIUM,LOW
8.0,37.3,39.8,33.9,90.2,4.5,11.7,0.54,0.26,60.0,83.8,56.0,LOW,LOW
12.0,62.5,57.8,28.3,86.9,2.0,26.3,0.53,0.37,90.0,86.3,84.0,LOW,MEDIUM
16.0,73.5,47.0,29.6,50.1,5.2,28.9,0.46,0.33,90.0,72.6,79.0,LOW,MEDIUM
16.0,74.4,43.4,32.8,78.8,2.3,28.4,0.98,0.74,60.0,82.5,55.0,MEDIUM,HIGH
12.0,66.0,91.7,38.9,20.6,3.6,26.7,0.3,0.76,60.0,76.4,54.0,MEDIUM,HIGH
8.0,41.3,36.0,29.6,15.5,5.4,27.1,0.72,0.76,90.0,71.4,78.0,LOW,HIGH
16.0,76.7,79.3,37.3,78.3,4.9,10.1,0.38,0.9,60.0,70.2,52.0,MEDIUM,MEDIUM
12.0,72.3,92.9,30.0,49.4,1.8,6.2,0.86,0.84,90.0,81.7,83.0,MEDIUM,HIGH
8.0,36.8,26.4,31.5,99.6,3.6,19.9,0.92,0.56,90.0,82.0,83.0,MEDIUM,MEDIUM
8.0,58.0,73.2,30.8,20.6,2.0,15.7,0.54,0.5,120.0,87.1,113.0,LOW,HIGH
16.0,41.7,42.5,29.1,87.3,4.8,4.8,0.85,0.86,90.0,81.1,82.0,MEDIUM,HIGH
12.0,50.9,27.8,39.1,54.2,6.1,21.0,0.43,0.64,90.0,84.1,84.0,MEDIUM,MEDIUM
16.0,33.0,52.8,35.6,84.8,4.7,17.8,0.35,0.41,90.0,88.6,85.0,LOW,LOW
16.0,54.4,89.5,41.7,83.9,2.8,26.2,0.48,0.61,60.0,81.7,52.0,HIGH,MEDIUM
12.0,62.8,25.8,29.6,92.6,3.4,19.1,0.5,0.91,90.0,88.2,85.0,LOW,MEDIUM
12.0,66.7,65.6,30.4,38.2,6.1,18.1,0.54,0.81,90.0,53.2,71.0,LOW,HIGH
12.0,69.2,59.6,33.1,95.6,2.8,14.3,0.52,0.4,90.0,87.0,85.0,LOW,LOW
12.0,78.8,85.3,40.6,25.3,4.3,15.0,0.55,0.89,90.0,48.4,68.0,HIGH,HIGH
12.0,44.1,30.8,33.0,19.2,3.6,28.7,0.77,0.91,90.0,82.1,83.0,MEDIUM,HIGH
12.0,38.7,72.0,34.7,50.0,5.2,5.9,0.43,0.37,60.0,88.4,57.0,LOW,MEDIUM
12.0,79.7,71.9,33.0,84.9,5.6,14.5,0.26,0.84,120.0,36.9,86.0,LOW,MEDIUM
16.0,40.8,71.2,29.3,53.7,3.3,20.4,0.61,0.84,60.0,89.2,57.0,LOW,HIGH
12.0,86.6,90.0,43.5,85.0,4.7,14.1,0.58,0.23,120.0,18.0,69.0,HIGH,LOW
12.0,79.2,81.8,37.1,76.2,4.2,9.9,0.29,0.68,60.0,61.7,50.0,MEDIUM,MEDIUM
12.0,60.0,27.9,41.0,30.4,3.0,10.0,0.35,0.42,60.0,80.8,53.0,MEDIUM,MEDIUM
12.0,87.0,57.5,38.9,95.5,3.0,8.5,0.62,0.69,120.0,59.4,98.0,HIGH,MEDIUM
12.0,37.5,52.5,36.5,17.3,4.2,11.6,0.42,0.86,90.0,85.5,84.0,MEDIUM,HIGH
8.0,49.0,46.4,29.5,91.0,2.5,26.4,0.89,0.56,90.0,81.1,82.0,LOW,HIGH
12.0,67.7,56.1,38.6,38.8,5.4,16.1,0.38,0.5,60.0,65.9,51.0,MEDIUM,MEDIUM
8.0,51.6,51.5,30.6,56.0,2.1,8.7,0.26,0.86,120.0,90.4,115.0,LOW,MEDIUM
12.0,84.0,54.8,34.8,49.2,2.2,12.8,0.58,0.9,90.0,80.2,82.0,MEDIUM,HIGH
12.0,35.7,92.6,38.4,27.1,3.3,5.0,0.97,0.24,60.0,77.7,54.0,HIGH,HIGH
12.0,62.8,31.1,40.9,43.5,2.3,27.3,0.71,0.86,120.0,75.7,105.0,HIGH,HIGH
16.0,65.1,88.6,39.3,29.0,3.9,13.4,0.51,0.26,90.0,80.0,82.0,MEDIUM,HIGH
12.0,68.6,58.1,39.1,29.9,3.6,29.5,0.26,0.44,60.0,77.4,54.0,MEDIUM,MEDIUM
12.0,46.3,68.0,30.5,28.5,5.0,11.7,0.6,0.75,90.0,85.6,84.0,LOW,HIGH
12.0,52.4,82.3,33.7,55.0,6.0,25.4,0.4,0.76,90.0,86.2,84.0,LOW,HIGH
12.0,79.2,49.9,28.7,82.2,5.1,9.2,0.72,0.72,120.0,44.3,90.0,LOW,HIGH
8.0,42.9,54.7,39.9,62.1,2.6,4.1,0.68,0.23,60.0,80.1,55.0,MEDIUM,MEDIUM
12.0,78.3,53.3,43.7,90.6,5.9,2.9,0.44,0.3,90.0,18.0,50.0,HIGH,LOW
12.0,63.5,50.9,32.4,68.0,3.5,19.0,0.3,0.87,90.0,85.2,84.0,LOW,MEDIUM
12.0,74.7,88.9,29.4,72.7,3.9,10.7,0.8,0.26,60.0,71.5,52.0,LOW,MEDIUM
8.0,72.0,82.2,35.8,70.7,3.7,14.4,0.68,0.26,60.0,65.1,51.0,MEDIUM,MEDIUM
8.0,43.6,32.5,42.1,51.6,3.0,24.9,0.86,0.8,90.0,78.1,77.0,HIGH,HIGH
12.0,63.9,32.5,37.1,72.7,5.7,8.9,0.44,0.66,90.0,64.9,76.0,MEDIUM,MEDIUM
16.0,80.6,54.5,28.8,18.1,3.3,10.6,0.73,0.45,90.0,77.3,81.0,LOW,HIGH
12.0,56.2,31.8,44.1,87.7,4.3,25.7,0.34,0.32,90.0,62.9,68.0,HIGH,LOW
12.0,86.1,67.7,41.7,80.4,2.9,15.8,0.46,0.84,90.0,63.0,72.0,HIGH,MEDIUM
8.0,57.3,34.9,30.2,33.6,5.3,25.2,0.73,0.91,90.0,54.3,71.0,MEDIUM,HIGH
12.0,40.0,61.0,43.2,79.6,5.2,12.5,0.85,0.24,60.0,68.5,46.0,HIGH,MEDIUM
12.0,53.8,25.5,35.4,13.1,3.1,13.2,0.48,0.6,60.0,81.3,55.0,MEDIUM,HIGH
8.0,85.3,46.8,34.1,31.1,4.8,6.7,0.83,0.39,90.0,23.5,59.0,MEDIUM,HIGH
12.0,49.9,71.7,35.6,17.7,4.9,27.7,0.74,0.8,90.0,82.0,83.0,HIGH,HIGH
8.0,80.6,58.4,41.8,80.7,4.3,27.1,0.5,0.45,90.0,37.8,62.0,HIGH,MEDIUM
8.0,81.4,92.5,38.9,78.5,4.4,29.6,0.89,0.71,90.0,29.3,61.0,HIGH,HIGH
8.0,51.6,85.3,29.0,83.6,4.3,13.3,0.62,0.59,90.0,80.1,82.0,LOW,MEDIUM
8.0,36.7,49.8,43.8,12.4,2.2,24.9,0.72,0.59,60.0,59.9,42.0,HIGH,HIGH
8.0,72.6,28.1,30.4,56.1,4.7,13.6,0.61,0.82,90.0,42.3,67.0,MEDIUM,HIGH
12.0,49.4,83.3,40.3,74.0,3.9,14.7,0.58,0.54,60.0,76.2,53.0,MEDIUM,MEDIUM
16.0,75.8,87.9,38.5,25.7,3.7,25.2,0.87,0.81,90.0,71.0,78.0,HIGH,HIGH
12.0,56.8,81.6,31.1,69.2,5.6,7.0,0.47,0.46,90.0,80.5,82.0,LOW,MEDIUM
12.0,59.2,33.8,30.8,19.4,1.9,8.2,0.28,0.33,90.0,88.6,85.0,LOW,MEDIUM
12.0,75.6,93.9,42.4,28.0,2.9,10.8,0.89,0.53,60.0,63.3,46.0,HIGH,HIGH
16.0,53.4,42.8,34.9,53.9,2.3,24.1,0.85,0.56,60.0,85.0,56.0,MEDIUM,HIGH
12.0,56.8,75.0,38.8,69.5,2.0,12.4,0.52,0.54,60.0,89.1,57.0,MEDIUM,MEDIUM
8.0,53.1,87.7,36.3,24.8,3.0,12.0,0.39,0.78,90.0,82.6,83.0,MEDIUM,HIGH
12.0,52.6,41.3,40.0,28.3,6.1,30.0,0.74,0.61,60.0,68.5,51.0,HIGH,HIGH
8.0,61.5,87.7,35.9,30.0,3.0,12.7,0.31,0.84,60.0,76.6,54.0,MEDIUM,HIGH
12.0,77.3,46.4,32.7,33.0,4.7,8.9,0.56,0.57,120.0,57.4,97.0,LOW,HIGH
12.0,52.3,92.4,34.0,31.9,2.3,19.4,0.31,0.36,60.0,83.4,56.0,LOW,MEDIUM
16.0,61.4,44.4,42.2,46.8,4.4,24.5,0.69,0.29,60.0,79.4,51.0,HIGH,HIGH
12.0,69.6,90.8,35.7,69.5,6.1,3.9,0.27,0.83,90.0,44.2,67.0,MEDIUM,MEDIUM
12.0,47.1,28.7,31.5,50.5,3.1,19.3,0.71,0.24,90.0,85.6,84.0,LOW,HIGH
16.0,47.5,73.9,43.4,80.3,5.5,3.0,0.74,0.28,90.0,70.9,72.0,HIGH,MEDIUM
8.0,84.3,61.7,41.1,75.3,6.2,16.7,0.61,0.25,90.0,18.0,55.0,HIGH,MEDIUM
12.0,72.5,58.0,28.9,23.1,4.4,9.2,0.38,0.51,60.0,69.7,52.0,LOW,HIGH
12.0,64.3,40.4,44.5,16.3,3.2,10.6,0.32,0.58,60.0,57.5,40.0,HIGH,HIGH
12.0,68.3,73.7,39.5,89.3,4.8,15.1,0.48,0.21,60.0,68.2,51.0,MEDIUM,LOW
12.0,33.6,38.2,30.6,19.0,5.5,28.0,0.59,0.57,60.0,90.9,58.0,LOW,HIGH
16.0,66.6,63.1,31.9,25.1,2.6,21.9,0.72,0.48,90.0,88.6,85.0,MEDIUM,HIGH
12.0,60.5,42.5,39.4,13.9,3.8,28.2,0.25,0.76,60.0,75.7,53.0,MEDIUM,HIGH
12.0,62.6,90.9,40.9,67.3,3.2,20.5,0.77,0.8,90.0,69.4,76.0,HIGH,HIGH
12.0,52.1,27.0,31.9,63.2,3.0,2.2,0.77,0.69,90.0,80.2,82.0,MEDIUM,HIGH
16.0,36.6,38.8,32.2,98.8,5.6,9.4,0.57,0.54,60.0,87.4,57.0,LOW,MEDIUM
16.0,42.8,41.7,33.1,90.1,3.7,27.4,0.5,0.36,60.0,87.2,57.0,LOW,LOW
16.0,85.2,53.6,37.9,48.2,3.3,20.0,0.86,0.81,60.0,68.5,51.0,HIGH,HIGH
8.0,54.9,41.1,30.8,44.7,4.5,29.5,0.82,0.45,60.0,67.7,51.0,LOW,HIGH
12.0,58.1,58.9,29.7,38.1,2.8,6.4,0.97,0.46,90.0,84.3,84.0,MEDIUM,HIGH
8.0,35.0,85.2,39.2,25.4,2.8,10.3,0.52,0.86,90.0,85.2,84.0,MEDIUM,HIGH
12.0,34.1,74.1,40.9,24.2,4.1,12.1,0.91,0.9,90.0,72.4,77.0,HIGH,HIGH
8.0,72.2,65.0,36.3,23.6,3.6,11.1,0.31,0.85,90.0,63.9,75.0,MEDIUM,HIGH
12.0,62.1,31.1,34.0,22.0,3.1,9.1,0.55,0.92,60.0,85.2,56.0,MEDIUM,HIGH
12.0,60.5,72.9,35.1,33.2,2.0,14.4,0.59,0.83,90.0,85.3,84.0,MEDIUM,HIGH
8.0,45.6,36.5,34.4,39.0,4.1,20.0,0.57,0.71,90.0,84.5,84.0,MEDIUM,HIGH
12.0,73.7,79.3,43.8,96.6,5.4,10.7,0.71,0.41,60.0,27.5,34.0,HIGH,MEDIUM
12.0,41.4,42.3,40.7,62.9,5.5,4.2,0.37,0.89,120.0,74.9,105.0,MEDIUM,MEDIUM
12.0,42.6,53.8,31.4,98.9,2.8,21.8,0.88,0.83,60.0,83.0,55.0,MEDIUM,HIGH
8.0,57.8,49.2,34.3,44.8,4.4,14.9,0.65,0.37,90.0,70.9,78.0,MEDIUM,HIGH
12.0,48.0,84.3,37.0,52.3,5.6,17.6,0.91,0.55,90.0,81.8,83.0,MEDIUM,HIGH
12.0,45.9,33.7,38.1,40.6,3.6,14.8,0.25,0.25,90.0,92.7,87.0,MEDIUM,MEDIUM
8.0,68.1,64.0,35.7,28.1,5.9,26.9,0.71,0.89,120.0,34.7,85.0,MEDIUM,HIGH
8.0,68.5,34.8,41.4,24.6,5.8,17.6,0.55,0.61,120.0,30.7,80.0,HIGH,HIGH
12.0,78.2,73.6,40.7,95.2,2.7,27.9,0.62,0.38,90.0,75.3,79.0,HIGH,MEDIUM
16.0,55.4,87.5,36.3,98.8,2.9,16.3,0.79,0.41,90.0,80.5,82.0,MEDIUM,MEDIUM
12.0,36.1,55.0,42.1,16.0,2.6,10.2,0.42,0.91,60.0,75.9,50.0,HIGH,HIGH
12.0,47.3,58.7,40.4,25.2,2.7,12.0,0.4,0.64,60.0,77.7,53.0,HIGH,HIGH
12.0,86.9,89.0,40.8,49.3,5.8,16.6,0.76,0.5,120.0,18.0,74.0,HIGH,HIGH
12.0,65.4,60.9,43.8,28.4,5.9,16.8,0.63,0.56,60.0,35.3,36.0,HIGH,HIGH
8.0,71.7,58.6,32.4,44.0,2.0,21.2,0.42,0.27,60.0,87.0,56.0,LOW,MEDIUM
12.0,32.4,64.9,32.4,23.4,4.4,8.3,0.6,0.25,60.0,85.4,56.0,LOW,HIGH
16.0,61.0,72.6,42.7,52.2,4.3,20.4,0.59,0.63,60.0,75.5,49.0,HIGH,HIGH
12.0,34.1,32.4,40.7,35.9,3.5,23.8,0.75,0.57,60.0,77.9,53.0,HIGH,HIGH
16.0,63.9,81.7,43.3,43.0,4.6,20.9,0.25,0.46,60.0,73.2,47.0,HIGH,MEDIUM
12.0,83.6,55.0,29.0,20.3,6.0,15.5,0.68,0.61,60.0,19.5,38.0,LOW,HIGH
8.0,86.2,30.0,38.4,49.7,2.5,29.8,0.69,0.25,60.0,64.5,50.0,MEDIUM,HIGH
16.0,62.3,79.2,30.4,98.5,2.3,13.3,0.79,0.88,60.0,83.7,56.0,MEDIUM,HIGH
8.0,57.7,51.0,36.3,40.9,1.9,5.0,0.9,0.41,120.0,81.1,110.0,HIGH,HIGH
12.0,84.9,31.9,30.6,89.1,3.4,25.0,0.57,0.25,90.0,66.8,77.0,LOW,LOW
8.0,69.7,68.7,30.1,86.2,3.3,7.9,0.5,0.32,90.0,74.4,80.0,LOW,LOW
8.0,35.6,85.7,28.2,95.8,3.7,22.0,0.32,0.27,90.0,93.6,87.0,LOW,LOW
12.0,58.1,86.3,38.4,81.5,4.0,7.0,0.5,0.33,60.0,85.4,56.0,MEDIUM,MEDIUM
12.0,45.5,91.1,33.9,70.0,5.1,2.5,0.3,0.5,90.0,88.2,85.0,LOW,MEDIUM
12.0,58.3,84.9,29.7,87.4,3.5,6.5,0.84,0.73,120.0,82.0,110.0,LOW,HIGH
12.0,57.5,25.1,33.3,18.7,3.3,12.6,0.84,0.4,60.0,85.1,56.0,MEDIUM,HIGH
8.0,64.6,51.2,30.8,52.7,5.4,5.0,0.55,0.51,60.0,46.1,45.0,LOW,HIGH
8.0,52.0,81.5,43.5,99.1,5.5,7.5,0.44,0.87,90.0,38.3,59.0,HIGH,MEDIUM
12.0,41.2,50.3,33.3,79.7,2.8,23.4,0.34,0.41,60.0,88.0,57.0,LOW,LOW
12.0,60.2,66.5,33.5,96.7,3.2,23.6,0.87,0.77,120.0,76.6,107.0,MEDIUM,HIGH
12.0,78.5,66.8,41.9,80.6,5.4,24.9,0.89,0.31,90.0,31.4,59.0,HIGH,MEDIUM
12.0,69.2,50.2,38.7,89.0,2.1,25.6,0.44,0.33,60.0,88.6,57.0,MEDIUM,LOW
16.0,50.9,87.4,39.7,74.2,3.2,13.8,0.7,0.53,60.0,75.6,53.0,HIGH,MEDIUM
12.0,84.4,59.7,38.5,78.9,3.8,26.3,0.44,0.37,90.0,54.5,72.0,MEDIUM,MEDIUM
12.0,83.1,57.1,43.6,58.0,2.6,16.7,0.41,0.85,60.0,53.2,41.0,HIGH,HIGH
12.0,43.7,93.8,31.4,93.3,2.6,15.2,0.27,0.24,120.0,86.6,113.0,LOW,LOW
12.0,34.2,59.1,44.3,84.6,3.7,22.1,0.67,0.63,60.0,57.3,41.0,HIGH,MEDIUM
12.0,73.5,37.3,41.7,86.3,5.1,8.0,0.36,0.64,120.0,54.4,92.0,HIGH,MEDIUM
12.0,78.3,60.4,37.7,71.2,5.5,24.1,0.26,0.25,60.0,46.7,46.0,MEDIUM,LOW
12.0,86.2,81.2,38.9,38.8,6.1,14.0,0.33,0.73,90.0,18.0,57.0,MEDIUM,HIGH
12.0,81.8,78.6,38.7,15.1,2.1,5.6,0.48,0.54,60.0,74.3,53.0,MEDIUM,HIGH
16.0,65.6,79.4,29.0,94.3,2.8,5.3,0.74,0.72,60.0,83.1,55.0,LOW,MEDIUM
16.0,61.7,73.9,31.6,63.6,5.1,6.6,0.4,0.8,90.0,84.1,84.0,LOW,MEDIUM
16.0,33.6,42.5,43.9,38.2,4.2,26.9,0.9,0.43,60.0,63.7,43.0,HIGH,HIGH
12.0,45.8,84.5,36.8,25.1,3.2,29.7,0.46,0.55,60.0,90.1,57.0,MEDIUM,HIGH
12.0,57.7,86.6,34.2,85.0,2.7,12.0,0.49,0.39,60.0,89.3,57.0,MEDIUM,MEDIUM
12.0,67.2,38.4,40.6,85.6,3.0,10.2,0.41,0.35,60.0,77.5,53.0,MEDIUM,LOW
12.0,63.2,34.0,36.7,83.7,3.7,8.1,0.44,0.2,90.0,86.0,84.0,LOW,LOW
12.0,73.6,92.3,28.2,68.8,2.6,25.1,0.3,0.89,90.0,76.7,81.0,LOW,MEDIUM
12.0,47.7,84.9,40.1,44.2,6.0,7.9,0.47,0.52,60.0,75.6,53.0,MEDIUM,HIGH
12.0,63.6,86.6,40.1,38.8,2.3,27.9,0.88,0.21,60.0,73.9,53.0,HIGH,HIGH
12.0,36.9,86.2,30.7,12.8,6.1,20.7,0.75,0.21,60.0,76.2,54.0,LOW,HIGH
8.0,55.2,62.4,43.8,85.4,5.5,27.1,0.89,0.41,120.0,27.9,74.0,HIGH,MEDIUM
12.0,74.0,69.6,31.7,19.7,3.7,17.5,0.33,0.21,120.0,77.4,108.0,LOW,MEDIUM
8.0,70.8,62.6,35.6,67.5,5.1,21.3,0.58,0.47,90.0,46.9,68.0,MEDIUM,MEDIUM
16.0,87.5,28.5,29.9,56.4,4.8,19.3,0.42,0.25,120.0,47.8,92.0,LOW,MEDIUM
12.0,47.6,76.4,38.0,58.3,2.7,25.3,0.78,0.23,90.0,84.6,84.0,MEDIUM,HIGH
8.0,59.9,59.9,34.2,93.6,3.3,25.4,0.96,0.68,60.0,81.6,55.0,MEDIUM,HIGH
8.0,50.5,69.7,33.8,14.8,4.1,18.5,0.85,0.85,60.0,80.7,55.0,HIGH,HIGH
12.0,56.7,59.7,41.6,80.1,4.6,19.7,0.28,0.49,60.0,81.6,52.0,HIGH,LOW
12.0,80.0,58.9,28.2,16.6,4.2,27.8,0.48,0.8,60.0,59.8,49.0,LOW,HIGH
12.0,70.3,36.9,41.2,15.4,3.9,28.0,0.27,0.22,90.0,81.1,80.0,MEDIUM,MEDIUM
8.0,81.4,44.2,37.4,49.8,3.7,20.6,0.28,0.76,90.0,50.7,70.0,MEDIUM,MEDIUM
12.0,43.4,36.0,44.3,17.6,4.0,2.2,0.31,0.25,90.0,60.5,66.0,HIGH,MEDIUM
12.0,80.9,38.5,37.7,81.4,3.7,4.9,0.45,0.8,60.0,64.0,50.0,MEDIUM,MEDIUM
12.0,35.3,92.1,28.9,58.6,4.2,26.0,0.47,0.84,90.0,84.1,84.0,LOW,HIGH
12.0,81.8,35.6,28.8,14.6,5.7,4.4,0.54,0.77,60.0,25.7,40.0,LOW,HIGH
12.0,50.4,43.6,42.6,15.6,4.6,8.0,0.55,0.79,60.0,69.1,47.0,HIGH,HIGH
8.0,49.6,65.8,41.9,65.9,5.0,8.5,0.81,0.6,120.0,65.3,98.0,HIGH,HIGH
16.0,60.7,67.1,33.7,82.9,4.4,18.8,0.35,0.39,60.0,91.0,58.0,LOW,LOW
12.0,84.7,35.6,38.2,50.5,4.6,18.1,0.37,0.66,60.0,42.6,45.0,MEDIUM,MEDIUM
12.0,34.7,79.8,36.1,60.8,4.3,10.1,0.71,0.52,90.0,84.5,84.0,MEDIUM,HIGH
8.0,51.7,79.2,44.0,82.4,1.9,7.8,0.67,0.2,120.0,64.0,93.0,HIGH,MEDIUM
12.0,80.0,41.4,43.7,65.7,6.2,23.4,0.36,0.54,60.0,18.0,31.0,HIGH,MEDIUM
8.0,54.2,44.9,44.2,31.8,1.9,28.2,0.87,0.67,90.0,56.3,65.0,HIGH,HIGH
12.0,43.2,89.7,42.3,65.9,3.5,3.5,0.49,0.21,120.0,73.8,102.0,HIGH,MEDIUM
16.0,55.8,82.0,43.0,67.3,2.3,5.7,0.52,0.65,60.0,69.9,46.0,HIGH,MEDIUM
12.0,53.6,73.1,31.6,76.6,2.2,20.0,0.56,0.67,60.0,86.5,56.0,LOW,MEDIUM
8.0,83.3,30.7,41.7,66.6,5.3,24.5,0.49,0.31,90.0,23.2,56.0,HIGH,MEDIUM
8.0,74.7,53.9,39.7,97.3,3.7,24.2,0.66,0.51,60.0,51.8,47.0,HIGH,MEDIUM
12.0,60.3,63.6,43.9,29.4,5.3,22.2,0.53,0.89,60.0,54.0,41.0,HIGH,HIGH
8.0,87.3,37.9,37.4,95.7,3.0,26.8,0.44,0.84,120.0,54.2,95.0,MEDIUM,MEDIUM
8.0,58.1,55.9,29.4,59.4,2.9,8.1,0.91,0.5,90.0,78.7,81.0,LOW,HIGH
12.0,35.3,66.5,37.9,71.1,2.9,5.0,0.48,0.45,60.0,91.9,58.0,MEDIUM,MEDIUM
12.0,46.7,47.6,39.3,20.8,4.5,19.2,0.76,0.29,60.0,82.5,55.0,HIGH,HIGH
12.0,56.4,78.9,31.6,45.5,5.4,25.0,0.5,0.23,90.0,85.0,84.0,LOW,MEDIUM
16.0,40.8,83.0,34.5,79.7,3.8,18.3,0.57,0.41,60.0,89.9,57.0,MEDIUM,MEDIUM
8.0,85.1,47.3,37.9,74.2,3.5,29.0,0.42,0.88,90.0,52.0,71.0,MEDIUM,MEDIUM
16.0,74.9,82.9,34.2,15.5,6.1,24.3,0.8,0.89,90.0,44.3,67.0,MEDIUM,HIGH
12.0,47.0,32.1,34.2,60.1,2.3,21.6,0.79,0.79,60.0,81.4,55.0,MEDIUM,HIGH
16.0,65.1,82.8,30.2,19.8,3.9,3.7,0.27,0.45,120.0,90.9,115.0,LOW,HIGH
12.0,72.4,35.5,43.5,99.6,3.6,5.0,0.29,0.3,120.0,66.0,95.0,HIGH,LOW
16.0,84.7,30.7,40.4,91.0,2.2,24.0,0.92,0.63,60.0,67.4,51.0,HIGH,HIGH
16.0,81.4,69.3,28.0,13.9,3.0,7.6,0.9,0.67,60.0,72.7,53.0,MEDIUM,HIGH
12.0,60.9,57.6,40.6,87.6,1.9,2.8,0.62,0.51,60.0,76.4,52.0,HIGH,MEDIUM
16.0,75.4,87.6,40.2,92.9,5.7,27.5,0.61,0.7,60.0,50.1,46.0,HIGH,MEDIUM
12.0,63.5,50.1,28.2,43.1,4.5,26.9,0.84,0.74,60.0,84.9,56.0,LOW,HIGH
12.0,63.0,44.8,34.1,75.3,5.4,8.1,0.35,0.76,60.0,72.0,52.0,LOW,MEDIUM
12.0,38.4,59.6,38.0,50.9,4.1,23.8,0.73,0.56,60.0,81.7,55.0,MEDIUM,HIGH
12.0,39.1,56.5,35.5,69.7,4.4,3.3,0.6,0.77,60.0,84.8,56.0,MEDIUM,HIGH
8.0,61.7,48.8,40.8,41.9,4.9,10.0,0.79,0.22,60.0,48.5,45.0,HIGH,HIGH
12.0,47.1,72.9,35.0,40.4,5.8,19.5,0.27,0.69,60.0,86.6,56.0,LOW,MEDIUM
12.0,33.2,77.4,30.5,49.4,2.2,23.4,0.68,0.37,60.0,86.0,56.0,LOW,HIGH
12.0,72.5,83.9,44.1,24.8,3.3,2.3,0.66,0.39,60.0,58.1,41.0,HIGH,HIGH
16.0,33.8,92.1,32.0,85.1,4.9,11.1,0.86,0.27,120.0,79.1,109.0,LOW,MEDIUM
12.0,65.3,43.4,39.8,42.7,6.0,8.0,0.74,0.34,60.0,51.1,47.0,MEDIUM,HIGH
12.0,62.2,74.4,30.4,47.2,6.1,30.0,0.89,0.91,120.0,56.6,97.0,MEDIUM,HIGH
12.0,86.3,52.2,33.4,90.7,4.6,20.8,0.9,0.5,60.0,40.3,44.0,MEDIUM,MEDIUM
8.0,59.1,71.7,35.3,55.7,2.7,13.4,0.55,0.87,90.0,78.2,81.0,MEDIUM,HIGH
8.0,35.6,57.8,31.2,59.9,2.3,4.1,0.35,0.32,60.0,91.2,58.0,LOW,MEDIUM
12.0,62.9,93.6,35.4,96.2,6.0,18.8,0.71,0.35,90.0,57.3,73.0,MEDIUM,MEDIUM
12.0,79.1,75.3,30.6,90.0,3.7,20.0,0.89,0.6,60.0,68.3,51.0,MEDIUM,HIGH
16.0,87.8,90.7,37.2,26.9,2.7,24.9,0.3,0.45,120.0,73.3,106.0,MEDIUM,HIGH
12.0,56.1,82.6,39.0,53.6,5.9,10.1,0.66,0.66,60.0,73.1,53.0,HIGH,HIGH
12.0,49.9,87.3,29.0,97.5,2.3,29.5,0.33,0.5,60.0,86.1,56.0,LOW,LOW
12.0,82.8,81.2,42.4,44.8,5.0,14.3,0.27,0.78,60.0,30.7,37.0,HIGH,MEDIUM
8.0,42.7,56.7,31.1,44.7,4.6,10.3,0.75,0.51,90.0,76.9,81.0,LOW,HIGH
12.0,66.5,42.4,31.7,29.2,2.2,11.8,0.75,0.61,120.0,84.4,112.0,MEDIUM,HIGH
12.0,54.7,50.6,38.9,22.1,3.3,16.5,0.69,0.43,60.0,79.2,54.0,MEDIUM,HIGH
12.0,34.3,26.4,35.7,77.1,2.5,28.2,0.88,0.71,90.0,84.6,84.0,MEDIUM,HIGH
12.0,51.4,61.2,36.2,79.8,4.5,22.6,0.31,0.67,90.0,86.3,84.0,MEDIUM,MEDIUM
16.0,46.9,59.8,30.1,97.3,3.9,18.2,0.33,0.49,90.0,87.1,85.0,LOW,LOW
16.0,70.4,61.2,41.3,80.1,1.8,6.6,0.88,0.4,90.0,79.6,79.0,HIGH,HIGH
12.0,85.1,92.2,38.2,33.4,6.1,6.2,0.62,0.64,60.0,18.0,38.0,MEDIUM,HIGH
12.0,47.0,87.9,30.2,15.5,3.3,16.1,0.45,0.88,60.0,82.1,55.0,LOW,HIGH
12.0,77.4,36.2,34.2,98.7,2.9,22.4,0.79,0.3,90.0,84.0,84.0,MEDIUM,MEDIUM
8.0,35.1,50.5,41.4,42.0,2.8,23.0,0.9,0.78,60.0,81.6,53.0,HIGH,HIGH
12.0,62.1,54.3,37.4,39.5,2.5,8.3,0.75,0.59,120.0,83.1,111.0,MEDIUM,HIGH
8.0,36.0,49.9,29.8,91.7,6.2,4.8,0.83,0.58,90.0,68.1,77.0,LOW,MEDIUM
12.0,84.3,80.1,34.2,63.5,3.1,12.8,0.46,0.89,120.0,65.4,101.0,MEDIUM,HIGH
12.0,74.9,61.2,32.0,30.9,3.6,27.7,0.46,0.64,60.0,80.5,55.0,LOW,HIGH
8.0,68.8,64.5,36.5,90.2,5.6,17.3,0.88,0.8,60.0,33.8,42.0,HIGH,HIGH
16.0,78.1,83.9,41.9,99.4,4.6,11.0,0.7,0.57,60.0,59.1,46.0,HIGH,MEDIUM
16.0,68.3,80.6,35.2,19.6,3.4,11.1,0.42,0.38,120.0,91.3,115.0,LOW,HIGH
12.0,86.3,34.1,35.2,87.9,5.8,5.7,0.63,0.7,60.0,21.2,39.0,MEDIUM,MEDIUM
12.0,72.0,74.3,42.9,46.4,5.1,15.3,0.75,0.86,60.0,37.5,38.0,HIGH,HIGH
16.0,83.8,55.0,37.5,58.1,2.8,24.2,0.41,0.81,60.0,80.0,55.0,MEDIUM,HIGH
8.0,61.0,45.3,37.3,92.5,4.6,29.1,0.73,0.34,60.0,59.9,49.0,MEDIUM,MEDIUM
12.0,38.6,28.5,32.3,97.7,5.9,16.0,0.28,0.43,60.0,93.9,58.0,LOW,LOW
8.0,61.6,58.6,38.0,35.1,4.0,6.7,0.47,0.57,60.0,70.9,52.0,MEDIUM,HIGH
12.0,39.1,49.5,37.5,30.7,5.0,21.1,0.74,0.61,60.0,89.5,57.0,HIGH,HIGH
12.0,65.2,42.4,34.5,19.1,6.1,23.2,0.36,0.34,120.0,56.7,97.0,LOW,HIGH
16.0,59.0,72.9,44.3,61.4,4.8,4.0,0.41,0.37,90.0,60.1,66.0,HIGH,MEDIUM
16.0,66.9,78.1,42.6,13.2,2.3,25.8,0.89,0.75,90.0,67.4,72.0,HIGH,HIGH
8.0,32.6,41.9,40.4,48.2,2.9,25.2,0.74,0.73,60.0,78.4,54.0,HIGH,HIGH
12.0,42.9,28.4,36.9,18.5,4.4,15.2,0.61,0.8,90.0,85.3,84.0,MEDIUM,HIGH
16.0,59.5,83.6,35.6,47.7,3.0,17.7,0.4,0.87,120.0,88.2,114.0,MEDIUM,HIGH
12.0,85.2,25.7,31.1,15.5,6.0,22.0,0.5,0.42,120.0,18.0,76.0,LOW,HIGH
16.0,53.5,89.7,33.0,85.5,3.6,20.9,0.67,0.82,60.0,83.8,56.0,MEDIUM,HIGH
12.0,55.8,68.3,40.8,30.5,3.8,2.5,0.36,0.68,120.0,79.0,107.0,MEDIUM,HIGH
12.0,72.0,47.2,35.5,40.9,4.9,5.4,0.6,0.89,60.0,59.7,49.0,MEDIUM,HIGH
12.0,65.8,42.0,42.6,88.6,4.1,6.6,0.55,0.4,60.0,75.9,49.0,HIGH,MEDIUM
8.0,48.7,25.6,30.4,77.7,3.5,23.2,0.6,0.39,60.0,86.0,56.0,LOW,MEDIUM
12.0,55.0,41.2,36.4,31.3,2.1,14.3,0.33,0.71,90.0,89.2,86.0,MEDIUM,HIGH
12.0,44.2,34.5,38.7,18.3,4.4,17.3,0.33,0.87,90.0,78.9,81.0,MEDIUM,HIGH
12.0,86.1,67.2,36.5,75.0,5.6,23.6,0.95,0.79,60.0,21.3,39.0,HIGH,HIGH
12.0,39.3,36.5,42.7,46.4,4.8,11.5,0.96,0.72,90.0,71.3,74.0,HIGH,HIGH
12.0,52.8,61.5,44.3,79.4,3.5,23.0,0.56,0.48,60.0,60.1,41.0,HIGH,MEDIUM
16.0,33.4,65.7,29.9,51.2,2.4,14.4,0.83,0.72,60.0,84.3,56.0,LOW,HIGH
16.0,44.4,45.6,30.1,42.4,5.4,12.6,0.73,0.78,60.0,84.8,56.0,LOW,HIGH
12.0,75.7,27.4,30.2,51.7,5.9,11.3,0.34,0.74,90.0,35.2,64.0,LOW,MEDIUM
16.0,43.3,27.6,39.2,77.9,3.5,29.0,0.47,0.69,60.0,82.0,55.0,MEDIUM,MEDIUM
12.0,36.5,26.8,34.1,91.4,5.0,23.6,0.48,0.23,60.0,88.9,57.0,LOW,LOW
12.0,58.6,76.0,40.1,16.4,3.6,2.6,0.68,0.67,120.0,74.9,106.0,HIGH,HIGH
16.0,32.6,46.9,34.7,58.1,4.0,28.8,0.67,0.54,120.0,85.1,112.0,MEDIUM,HIGH
8.0,36.7,79.9,38.4,14.9,5.5,23.7,0.92,0.89,60.0,71.6,52.0,HIGH,HIGH
8.0,77.2,54.8,40.7,53.2,2.2,6.2,0.83,0.64,90.0,67.7,76.0,HIGH,HIGH
16.0,75.2,56.3,37.0,89.9,4.1,4.1,0.88,0.64,60.0,83.4,56.0,HIGH,HIGH
12.0,83.2,60.4,36.9,43.8,2.7,10.6,0.9,0.92,90.0,71.9,79.0,HIGH,HIGH
16.0,79.9,74.2,29.5,94.1,3.3,19.5,0.83,0.27,60.0,88.3,57.0,LOW,MEDIUM
16.0,70.3,43.9,34.8,67.5,4.6,19.3,0.49,0.4,60.0,84.9,56.0,MEDIUM,MEDIUM
8.0,34.9,33.4,37.0,94.2,1.9,9.7,0.41,0.67,60.0,91.6,58.0,MEDIUM,MEDIUM
16.0,75.8,63.4,35.6,78.6,4.4,14.5,0.67,0.43,60.0,75.6,53.0,MEDIUM,MEDIUM
12.0,79.3,47.6,42.9,21.1,3.0,7.9,0.75,0.45,60.0,62.9,45.0,HIGH,HIGH
12.0,76.7,55.5,43.0,32.3,4.7,3.4,0.53,0.84,120.0,37.3,81.0,HIGH,HIGH
12.0,60.5,69.6,41.6,46.7,2.4,16.5,0.87,0.62,120.0,87.0,110.0,HIGH,HIGH
16.0,45.0,59.1,34.2,27.0,5.0,11.7,0.95,0.27,120.0,86.8,113.0,MEDIUM,HIGH
8.0,79.3,67.8,39.8,55.6,4.6,17.2,0.67,0.42,120.0,35.9,85.0,HIGH,HIGH
12.0,72.7,62.5,34.5,53.5,6.1,28.5,0.58,0.25,60.0,44.8,45.0,LOW,MEDIUM
12.0,86.9,76.0,31.8,96.2,5.8,6.0,0.87,0.6,90.0,18.0,57.0,MEDIUM,MEDIUM
12.0,40.7,73.7,33.7,50.2,3.0,2.1,0.27,0.32,60.0,89.2,57.0,LOW,MEDIUM
12.0,44.6,61.9,29.2,81.1,1.9,4.2,0.34,0.82,120.0,86.0,112.0,LOW,MEDIUM
8.0,43.9,71.8,33.5,94.9,4.7,15.0,0.87,0.62,90.0,80.3,82.0,MEDIUM,MEDIUM
12.0,76.4,85.3,35.6,89.2,4.5,21.8,0.78,0.24,60.0,61.8,50.0,MEDIUM,MEDIUM
12.0,42.5,54.8,43.8,30.4,1.9,18.3,0.55,0.42,60.0,67.0,44.0,HIGH,HIGH
16.0,35.7,53.5,33.2,55.7,2.3,15.9,0.9,0.64,60.0,78.1,54.0,MEDIUM,HIGH
12.0,87.9,77.7,42.9,42.6,4.4,11.9,0.51,0.44,60.0,25.9,35.0,HIGH,HIGH
8.0,33.4,65.2,31.8,47.2,5.8,10.7,0.71,0.57,120.0,77.0,108.0,LOW,HIGH
16.0,78.8,29.9,31.2,43.8,5.8,12.5,0.71,0.85,120.0,49.0,92.0,MEDIUM,HIGH
8.0,52.5,86.6,36.6,84.7,2.5,19.1,0.38,0.45,60.0,89.6,57.0,MEDIUM,LOW
16.0,79.1,27.1,39.1,51.8,3.5,6.7,0.46,0.44,60.0,82.0,55.0,MEDIUM,MEDIUM
12.0,63.1,76.6,28.7,58.1,2.0,23.6,0.92,0.79,60.0,83.3,55.0,MEDIUM,HIGH
16.0,82.5,77.4,31.6,98.5,3.9,18.1,0.38,0.43,120.0,68.6,103.0,LOW,LOW
12.0,83.9,90.8,35.5,17.3,5.1,9.5,0.38,0.26,120.0,35.4,85.0,LOW,HIGH
8.0,32.5,28.7,33.5,54.9,5.3,16.0,0.6,0.33,90.0,79.7,82.0,LOW,MEDIUM
12.0,36.2,66.2,39.8,80.1,4.0,29.0,0.32,0.88,90.0,79.5,82.0,MEDIUM,MEDIUM
16.0,46.0,54.5,36.4,25.3,2.2,2.6,0.9,0.87,90.0,85.4,84.0,HIGH,HIGH
12.0,69.5,47.8,30.6,65.8,3.5,7.6,0.32,0.36,60.0,83.8,56.0,LOW,MEDIUM
8.0,81.7,31.2,42.8,33.1,5.9,14.6,0.7,0.6,120.0,18.0,71.0,HIGH,HIGH
12.0,57.8,63.8,32.8,88.3,2.8,19.9,0.5,0.3,90.0,87.8,85.0,LOW,LOW
12.0,66.0,58.1,40.1,40.8,3.2,7.9,0.84,0.69,60.0,75.4,53.0,HIGH,HIGH
12.0,42.6,32.2,40.9,41.0,5.1,28.1,0.68,0.33,60.0,78.0,52.0,HIGH,HIGH
12.0,77.1,67.3,43.9,64.6,5.0,20.0,0.53,0.24,90.0,29.7,55.0,HIGH,MEDIUM
16.0,86.2,75.9,36.2,28.2,5.8,26.6,0.97,0.79,60.0,22.2,39.0,HIGH,HIGH
12.0,47.0,77.9,38.2,37.1,3.5,11.2,0.3,0.43,90.0,87.2,85.0,MEDIUM,MEDIUM
8.0,59.7,87.5,33.5,48.7,4.1,25.2,0.67,0.28,120.0,71.2,104.0,LOW,HIGH
12.0,36.8,53.3,39.2,43.1,3.9,12.6,0.97,0.8,90.0,77.8,81.0,HIGH,HIGH
8.0,63.3,90.8,35.6,58.2,5.9,9.1,0.75,0.75,90.0,33.8,63.0,MEDIUM,HIGH
12.0,60.2,84.7,35.2,64.8,5.2,27.5,0.79,0.69,90.0,77.7,81.0,MEDIUM,HIGH
12.0,40.1,45.5,42.1,61.9,5.5,4.6,0.27,0.86,60.0,78.7,50.0,HIGH,MEDIUM
8.0,56.8,36.0,28.8,69.6,2.4,28.4,0.27,0.55,60.0,92.9,58.0,LOW,MEDIUM
12.0,50.7,55.0,42.6,39.1,5.3,14.8,0.28,0.29,60.0,76.5,49.0,HIGH,MEDIUM
8.0,61.2,52.7,42.1,23.1,3.7,29.8,0.97,0.24,120.0,69.9,100.0,HIGH,HIGH
16.0,64.8,64.7,36.4,79.0,1.9,17.1,0.97,0.43,120.0,85.5,112.0,MEDIUM,HIGH
16.0,32.5,65.3,36.1,86.9,2.1,23.2,0.49,0.26,60.0,89.5,57.0,MEDIUM,LOW
8.0,74.6,76.7,34.0,34.6,4.8,2.2,0.46,0.59,90.0,44.7,68.0,LOW,HIGH
16.0,71.9,60.2,44.4,47.8,3.4,15.9,0.36,0.21,90.0,63.1,67.0,HIGH,MEDIUM
12.0,52.5,32.2,29.8,55.9,5.6,22.6,0.49,0.52,120.0,81.9,110.0,LOW,MEDIUM
12.0,35.0,84.2,37.7,58.9,5.0,23.9,0.52,0.33,60.0,86.6,56.0,MEDIUM,MEDIUM
8.0,74.3,46.4,39.2,70.0,1.9,6.4,0.8,0.47,90.0,75.7,80.0,HIGH,HIGH
12.0,85.5,92.0,43.4,15.7,4.8,13.7,0.88,0.69,90.0,18.0,51.0,HIGH,HIGH
12.0,45.4,33.1,40.9,75.5,2.6,13.7,0.8,0.45,60.0,71.8,51.0,HIGH,HIGH
12.0,50.1,91.1,38.6,17.5,3.7,4.9,0.72,0.45,60.0,78.7,54.0,MEDIUM,HIGH
8.0,42.3,31.3,29.9,53.2,4.5,14.4,0.81,0.91,60.0,72.3,53.0,LOW,HIGH
8.0,64.3,40.9,34.2,84.8,5.6,24.6,0.79,0.72,60.0,38.6,43.0,MEDIUM,HIGH
12.0,40.7,28.2,30.3,51.7,3.8,10.4,0.6,0.57,60.0,86.4,56.0,LOW,HIGH
12.0,51.9,73.7,42.5,25.1,5.4,14.1,0.5,0.62,90.0,66.2,72.0,HIGH,HIGH
8.0,71.0,83.7,40.4,98.7,5.2,28.9,0.46,0.65,90.0,32.3,62.0,HIGH,LOW
12.0,63.4,55.0,40.5,90.3,3.6,2.9,0.75,0.22,120.0,75.9,106.0,HIGH,MEDIUM
16.0,53.6,89.1,38.8,79.9,4.0,18.6,0.95,0.26,60.0,82.1,55.0,HIGH,HIGH
16.0,55.5,65.7,36.4,48.2,4.9,22.8,0.67,0.67,120.0,84.6,112.0,MEDIUM,HIGH
12.0,63.5,68.5,30.5,28.2,1.9,23.3,0.92,0.46,90.0,85.3,84.0,MEDIUM,HIGH
16.0,32.3,83.3,33.4,94.8,5.7,22.0,0.26,0.24,60.0,91.3,58.0,LOW,LOW
12.0,36.4,45.5,30.3,58.8,5.2,22.3,0.83,0.41,90.0,84.8,84.0,LOW,HIGH
12.0,81.4,49.4,40.0,87.0,2.9,3.7,0.87,0.29,90.0,64.9,76.0,HIGH,MEDIUM
8.0,36.4,87.5,30.6,42.1,6.1,17.0,0.71,0.86,60.0,66.0,51.0,MEDIUM,HIGH
12.0,71.6,87.2,39.6,41.5,2.6,23.9,0.93,0.35,90.0,77.4,81.0,HIGH,HIGH
16.0,83.5,92.4,39.4,98.7,5.8,4.6,0.68,0.3,90.0,25.2,60.0,MEDIUM,MEDIUM
12.0,47.2,87.2,35.6,57.9,3.2,2.3,0.43,0.65,120.0,86.0,112.0,MEDIUM,MEDIUM
12.0,52.7,33.8,30.2,24.4,5.2,24.8,0.41,0.58,120.0,83.4,111.0,LOW,HIGH
12.0,63.9,81.8,33.2,31.3,3.8,21.9,0.66,0.61,90.0,83.8,83.0,MEDIUM,HIGH
8.0,81.4,53.3,33.3,54.4,5.0,13.5,0.91,0.51,90.0,27.7,61.0,MEDIUM,HIGH
16.0,84.7,93.4,39.6,15.7,2.5,28.3,0.3,0.54,120.0,75.5,107.0,MEDIUM,HIGH
12.0,73.4,57.6,29.9,52.7,3.0,23.5,0.69,0.76,120.0,77.9,108.0,MEDIUM,HIGH
12.0,36.9,63.2,41.7,48.9,2.2,29.1,0.81,0.36,90.0,79.7,79.0,HIGH,HIGH
12.0,69.5,61.6,40.6,80.6,5.6,28.0,0.33,0.49,90.0,46.9,67.0,MEDIUM,LOW
12.0,55.0,47.2,31.1,43.2,3.1,15.5,0.34,0.89,60.0,86.6,56.0,LOW,HIGH
8.0,58.4,30.2,39.9,98.5,4.9,23.1,0.52,0.34,90.0,58.7,73.0,MEDIUM,LOW
12.0,34.8,86.8,39.0,27.9,5.4,20.7,0.45,0.41,60.0,84.5,56.0,MEDIUM,HIGH
8.0,42.7,80.4,40.3,64.0,5.8,24.7,0.39,0.34,90.0,65.9,76.0,MEDIUM,MEDIUM
12.0,76.3,34.6,31.1,19.9,2.3,24.1,0.4,0.21,60.0,88.1,57.0,LOW,HIGH
16.0,57.4,78.6,30.6,76.6,5.7,6.3,0.35,0.39,60.0,91.8,58.0,LOW,LOW
16.0,48.9,68.2,31.9,99.5,2.7,8.5,0.7,0.23,60.0,83.4,56.0,LOW,LOW
12.0,53.5,53.2,34.0,84.1,5.0,9.4,0.75,0.31,120.0,85.8,112.0,MEDIUM,MEDIUM
12.0,79.8,42.5,41.1,60.9,5.0,24.9,0.76,0.46,90.0,44.4,66.0,HIGH,HIGH
8.0,73.9,84.3,40.2,54.7,1.8,24.7,0.64,0.21,90.0,75.0,80.0,MEDIUM,MEDIUM
12.0,47.2,73.3,43.3,85.5,2.8,15.9,0.95,0.74,90.0,66.7,71.0,HIGH,HIGH
12.0,38.6,62.8,29.0,94.4,4.0,18.3,0.89,0.77,120.0,83.2,111.0,LOW,HIGH
12.0,46.1,67.1,28.2,99.1,3.6,25.2,0.95,0.5,60.0,81.9,55.0,LOW,MEDIUM
12.0,83.6,31.3,39.5,46.9,5.8,10.8,0.53,0.91,90.0,21.3,58.0,HIGH,HIGH
8.0,64.6,57.7,32.6,99.2,3.4,3.4,0.89,0.69,90.0,73.2,79.0,MEDIUM,HIGH
12.0,61.9,38.4,33.5,25.7,5.9,15.5,0.81,0.74,120.0,60.4,99.0,MEDIUM,HIGH
8.0,65.4,39.4,37.0,34.3,3.8,27.6,0.5,0.34,60.0,71.6,52.0,MEDIUM,HIGH
12.0,52.5,70.6,29.7,19.8,6.0,24.1,0.33,0.8,120.0,81.3,110.0,LOW,HIGH
12.0,77.2,87.9,38.6,35.9,5.0,12.3,0.75,0.88,60.0,43.0,45.0,HIGH,HIGH
8.0,61.3,52.9,33.4,79.6,5.4,3.8,0.35,0.37,60.0,52.1,47.0,LOW,LOW
12.0,38.5,39.3,38.4,87.1,2.3,19.8,0.46,0.69,60.0,88.6,57.0,MEDIUM,MEDIUM
8.0,39.2,69.8,41.8,80.5,4.4,25.4,0.62,0.74,60.0,75.6,50.0,HIGH,MEDIUM
12.0,62.1,85.1,30.8,67.5,2.4,20.6,0.75,0.42,90.0,84.4,84.0,LOW,HIGH
12.0,84.4,76.6,43.4,57.2,3.1,13.9,0.93,0.54,90.0,43.8,61.0,HIGH,HIGH
8.0,49.3,84.9,36.8,74.4,4.5,5.5,0.68,0.27,60.0,79.1,54.0,MEDIUM,MEDIUM
16.0,80.7,62.0,43.2,46.4,5.0,27.5,0.74,0.32,90.0,37.8,59.0,HIGH,HIGH
8.0,74.8,76.9,31.4,86.0,2.0,9.7,0.48,0.24,90.0,80.4,82.0,LOW,LOW
8.0,45.9,34.7,38.0,71.6,4.1,8.3,0.75,0.6,90.0,75.8,80.0,MEDIUM,HIGH
12.0,34.0,49.0,34.7,73.4,4.3,24.8,0.57,0.65,90.0,87.2,85.0,MEDIUM,MEDIUM
12.0,37.7,51.9,40.8,59.2,2.1,29.5,0.88,0.86,120.0,72.1,104.0,HIGH,HIGH
8.0,72.8,60.3,38.0,89.9,4.0,20.5,0.54,0.59,90.0,55.9,72.0,MEDIUM,MEDIUM
12.0,43.2,89.1,36.2,34.2,4.9,19.5,0.59,0.39,60.0,86.5,56.0,MEDIUM,HIGH
12.0,52.8,85.3,43.1,45.5,2.0,10.9,0.57,0.24,60.0,74.0,47.0,HIGH,MEDIUM
16.0,60.1,34.3,34.2,80.4,5.1,2.6,0.84,0.84,60.0,82.7,55.0,MEDIUM,HIGH
12.0,72.6,36.9,31.6,55.4,4.3,7.4,0.95,0.54,90.0,71.1,78.0,MEDIUM,HIGH
12.0,38.3,49.7,38.0,90.3,5.5,18.4,0.49,0.73,120.0,91.6,115.0,MEDIUM,MEDIUM
16.0,54.8,45.1,38.3,42.5,2.8,6.2,0.6,0.21,90.0,88.9,86.0,MEDIUM,MEDIUM
12.0,59.2,67.4,35.2,44.5,5.5,26.7,0.77,0.55,60.0,75.4,53.0,MEDIUM,HIGH
16.0,62.3,87.3,36.0,90.2,2.2,7.3,0.9,0.43,90.0,84.2,84.0,HIGH,MEDIUM
12.0,77.8,91.4,43.8,52.9,3.6,16.6,0.61,0.22,90.0,44.8,61.0,HIGH,MEDIUM
16.0,41.6,70.1,40.1,57.4,2.7,16.3,0.33,0.76,120.0,78.8,108.0,MEDIUM,MEDIUM
8.0,77.2,82.8,29.8,41.3,5.7,18.9,0.52,0.57,60.0,22.4,39.0,LOW,HIGH
12.0,70.8,61.2,31.5,36.3,4.9,11.2,0.65,0.44,60.0,63.3,50.0,LOW,HIGH
12.0,63.1,39.4,44.1,69.7,1.9,26.5,0.55,0.78,120.0,58.5,90.0,HIGH,HIGH
12.0,71.2,61.2,40.0,22.5,1.8,14.4,0.39,0.52,120.0,83.3,111.0,MEDIUM,HIGH
12.0,55.1,63.3,43.1,89.4,3.1,21.6,0.28,0.2,60.0,73.1,47.0,HIGH,LOW
12.0,39.8,76.2,33.0,80.6,2.4,19.8,0.75,0.88,60.0,84.4,56.0,MEDIUM,HIGH
8.0,69.3,40.2,40.2,28.8,4.6,5.3,0.97,0.38,90.0,44.6,67.0,HIGH,HIGH
8.0,61.4,50.4,39.8,73.1,4.7,19.4,0.92,0.8,120.0,53.0,95.0,HIGH,HIGH
12.0,67.8,50.1,32.9,65.0,5.9,17.4,0.75,0.79,60.0,50.2,47.0,MEDIUM,HIGH
12.0,50.9,91.2,37.1,28.2,6.0,27.2,0.86,0.32,120.0,81.3,110.0,MEDIUM,HIGH
16.0,82.8,55.6,38.4,36.0,4.7,26.7,0.44,0.54,60.0,56.7,48.0,MEDIUM,HIGH
12.0,64.9,77.1,35.9,48.0,1.8,6.2,0.7,0.23,90.0,90.6,86.0,MEDIUM,HIGH
16.0,36.8,76.8,41.6,73.5,3.4,4.3,0.29,0.46,90.0,86.5,82.0,HIGH,LOW
12.0,57.2,43.3,41.7,68.2,4.1,10.2,0.77,0.73,60.0,80.6,52.0,HIGH,HIGH
12.0,74.4,64.5,42.0,58.8,4.0,29.6,0.96,0.37,60.0,58.2,45.0,HIGH,HIGH
8.0,76.5,86.7,41.3,79.6,4.5,2.6,0.88,0.28,60.0,40.3,42.0,HIGH,MEDIUM
12.0,59.7,57.8,36.1,78.7,6.0,20.8,0.64,0.57,90.0,69.7,78.0,MEDIUM,MEDIUM
12.0,82.1,90.2,34.3,66.4,5.7,19.0,0.83,0.59,60.0,26.2,40.0,MEDIUM,HIGH
8.0,47.0,39.8,41.7,81.3,2.3,20.1,0.94,0.69,90.0,77.3,78.0,HIGH,HIGH
12.0,55.0,30.1,36.1,41.4,3.0,8.1,0.41,0.75,90.0,86.4,84.0,MEDIUM,HIGH
16.0,82.3,86.5,32.1,89.5,5.5,8.3,0.83,0.7,90.0,42.7,67.0,MEDIUM,HIGH
12.0,82.2,83.5,36.4,66.1,5.4,14.1,0.45,0.81,120.0,29.7,82.0,MEDIUM,MEDIUM
12.0,70.4,93.5,30.3,84.4,3.0,4.7,0.89,0.36,90.0,77.5,81.0,LOW,MEDIUM
12.0,80.1,71.9,39.4,60.1,5.0,4.1,0.32,0.61,90.0,42.1,67.0,MEDIUM,MEDIUM
8.0,37.0,89.6,33.5,31.2,4.8,4.5,0.38,0.46,90.0,79.0,81.0,LOW,HIGH
12.0,80.4,82.1,32.3,59.7,3.9,18.0,0.78,0.89,90.0,60.0,74.0,MEDIUM,HIGH
12.0,50.0,83.3,43.8,44.7,2.7,13.1,0.38,0.52,60.0,65.8,44.0,HIGH,MEDIUM
8.0,42.0,64.3,40.8,73.4,5.7,10.2,0.37,0.89,120.0,60.0,97.0,HIGH,MEDIUM
12.0,45.4,51.4,41.0,53.9,4.8,10.8,0.66,0.75,60.0,74.7,51.0,HIGH,HIGH
12.0,55.4,89.5,38.3,85.6,2.5,7.8,0.86,0.72,90.0,81.7,83.0,HIGH,HIGH
16.0,46.1,54.8,41.8,71.7,4.9,13.5,0.45,0.55,90.0,81.7,79.0,HIGH,MEDIUM
16.0,50.0,62.2,40.5,72.2,5.1,7.7,0.86,0.52,60.0,71.8,51.0,HIGH,HIGH
8.0,39.6,55.8,37.9,31.1,5.7,21.5,0.84,0.58,60.0,67.8,51.0,HIGH,HIGH
12.0,48.6,64.0,43.9,98.6,2.8,5.5,0.67,0.41,60.0,61.8,43.0,HIGH,MEDIUM
12.0,64.0,57.5,31.2,86.1,6.2,28.6,0.72,0.85,60.0,55.8,48.0,LOW,HIGH
16.0,56.7,28.3,43.6,81.4,2.5,4.5,0.28,0.77,120.0,69.0,97.0,HIGH,MEDIUM
8.0,51.4,85.9,34.6,41.1,4.4,28.4,0.52,0.78,120.0,80.6,110.0,MEDIUM,HIGH
12.0,73.8,55.7,36.7,59.1,4.7,25.3,0.44,0.51,60.0,61.4,50.0,MEDIUM,MEDIUM
12.0,82.0,65.6,30.0,24.1,3.6,21.1,0.36,0.25,60.0,69.6,52.0,LOW,MEDIUM
12.0,74.4,34.6,36.9,59.4,3.9,27.5,0.53,0.69,120.0,69.3,103.0,MEDIUM,HIGH
8.0,50.6,25.2,38.1,24.8,5.7,5.9,0.51,0.47,60.0,59.6,49.0,MEDIUM,HIGH
12.0,73.7,41.9,44.5,60.7,4.6,6.9,0.78,0.83,120.0,32.9,76.0,HIGH,HIGH
12.0,40.5,73.6,44.1,69.1,4.0,9.1,0.69,0.76,60.0,60.8,42.0,HIGH,HIGH
12.0,39.3,31.8,43.9,46.3,2.4,8.9,0.92,0.3,90.0,61.3,67.0,HIGH,HIGH
12.0,51.4,87.7,33.7,55.9,1.8,10.7,0.36,0.63,60.0,87.1,57.0,LOW,MEDIUM
12.0,77.2,39.8,44.4,89.1,2.3,18.1,0.29,0.7,60.0,53.3,40.0,HIGH,LOW
12.0,45.8,39.1,35.5,21.6,6.0,2.8,0.64,0.61,60.0,83.2,55.0,MEDIUM,HIGH
8.0,35.5,37.5,42.1,81.7,5.2,12.7,0.25,0.57,90.0,81.7,79.0,HIGH,LOW
16.0,39.4,26.0,31.6,27.0,6.1,8.9,0.83,0.36,60.0,86.8,56.0,MEDIUM,HIGH
12.0,80.1,78.3,36.3,15.2,2.0,19.0,0.62,0.37,90.0,77.9,81.0,MEDIUM,HIGH
12.0,67.5,85.4,43.9,28.3,4.8,29.6,0.61,0.75,60.0,47.0,39.0,HIGH,HIGH
8.0,46.2,67.4,43.6,79.3,2.0,16.5,0.51,0.21,60.0,69.6,45.0,HIGH,LOW
8.0,63.1,38.0,39.3,47.7,5.2,13.9,0.52,0.76,90.0,48.7,69.0,MEDIUM,HIGH
12.0,61.5,44.7,41.2,88.8,3.5,12.3,0.56,0.58,60.0,82.2,53.0,HIGH,MEDIUM
12.0,68.7,57.8,30.9,58.2,2.2,24.0,0.26,0.87,60.0,84.7,56.0,LOW,MEDIUM
16.0,45.1,90.8,39.9,14.0,4.3,4.0,0.31,0.92,60.0,72.8,53.0,HIGH,HIGH
8.0,80.4,42.1,38.2,75.1,3.0,28.9,0.62,0.68,90.0,61.1,74.0,MEDIUM,MEDIUM
12.0,49.3,75.5,29.5,21.7,4.7,13.7,0.36,0.5,120.0,89.5,114.0,LOW,HIGH
12.0,70.9,55.3,29.9,81.5,4.7,10.8,0.82,0.54,90.0,65.8,76.0,LOW,HIGH
8.0,32.9,45.6,29.8,26.8,4.9,29.3,0.45,0.35,60.0,85.5,56.0,LOW,HIGH
8.0,52.9,56.5,40.0,42.4,6.2,28.2,0.32,0.27,60.0,45.0,45.0,MEDIUM,MEDIUM
12.0,51.7,29.9,30.3,79.0,3.5,20.0,0.42,0.62,60.0,85.3,56.0,LOW,MEDIUM
12.0,62.4,80.1,35.7,96.0,3.8,2.5,0.51,0.78,60.0,80.8,55.0,MEDIUM,MEDIUM
12.0,36.1,41.8,33.9,44.7,5.3,23.0,0.28,0.39,60.0,90.2,57.0,LOW,MEDIUM
12.0,76.2,75.1,37.1,85.0,4.3,11.4,0.35,0.5,60.0,62.5,50.0,MEDIUM,LOW
12.0,44.2,29.7,39.7,28.8,2.0,12.9,0.49,0.6,60.0,81.7,55.0,MEDIUM,HIGH
8.0,69.9,90.9,39.3,83.0,5.5,6.4,0.48,0.85,60.0,28.6,41.0,MEDIUM,MEDIUM
12.0,77.0,38.3,36.5,69.9,2.0,16.7,0.83,0.3,60.0,82.3,55.0,MEDIUM,HIGH
16.0,63.5,85.9,35.7,29.0,2.6,22.8,0.87,0.37,60.0,85.6,56.0,MEDIUM,HIGH
12.0,73.5,80.9,34.6,38.6,2.2,9.6,0.39,0.86,60.0,81.5,55.0,MEDIUM,HIGH
12.0,69.1,91.8,42.2,23.6,2.1,28.3,0.34,0.23,90.0,74.9,76.0,HIGH,MEDIUM
12.0,51.9,58.0,33.5,45.7,1.9,7.5,0.71,0.67,60.0,82.7,55.0,MEDIUM,HIGH
12.0,77.3,75.2,32.3,29.9,2.0,3.9,0.84,0.66,60.0,82.6,55.0,MEDIUM,HIGH
12.0,48.5,50.6,40.3,68.7,3.7,20.0,0.95,0.48,60.0,81.5,55.0,HIGH,HIGH
12.0,64.0,37.7,33.9,99.5,2.9,25.8,0.25,0.54,60.0,87.9,57.0,LOW,LOW
16.0,73.7,55.6,42.0,13.1,2.4,28.7,0.55,0.82,90.0,71.9,75.0,HIGH,HIGH
8.0,53.2,36.4,33.4,59.6,4.7,23.5,0.79,0.32,60.0,69.8,52.0,MEDIUM,HIGH
8.0,49.0,92.8,39.6,62.5,2.8,7.6,0.85,0.37,90.0,76.1,80.0,HIGH,HIGH
12.0,57.7,31.6,28.7,92.5,1.9,29.4,0.3,0.57,90.0,88.0,85.0,LOW,LOW
16.0,77.8,65.7,34.4,56.5,3.6,27.7,0.75,0.5,90.0,85.1,84.0,MEDIUM,HIGH
8.0,84.1,68.2,33.7,59.8,3.2,6.6,0.46,0.61,120.0,58.9,98.0,LOW,MEDIUM
12.0,62.5,62.1,41.5,53.5,3.2,17.6,0.3,0.86,120.0,81.1,107.0,HIGH,MEDIUM
8.0,69.0,70.7,44.0,35.7,3.8,17.6,0.61,0.86,60.0,41.5,37.0,HIGH,HIGH
12.0,82.6,33.0,35.6,16.9,4.7,14.4,0.37,0.37,60.0,41.0,44.0,LOW,HIGH
12.0,37.5,63.3,41.6,48.0,4.5,29.6,0.79,0.42,90.0,80.6,79.0,HIGH,HIGH
12.0,45.0,44.8,39.5,16.6,5.9,3.7,0.79,0.32,120.0,74.1,106.0,HIGH,HIGH
12.0,71.7,89.9,44.0,60.4,4.1,19.6,0.86,0.87,90.0,44.8,61.0,HIGH,HIGH
12.0,78.1,77.6,41.4,39.0,3.9,7.7,0.53,0.49,60.0,64.0,48.0,MEDIUM,HIGH
8.0,80.0,92.1,29.3,59.0,2.7,16.8,0.26,0.52,60.0,66.3,51.0,LOW,MEDIUM
12.0,55.2,27.6,39.8,23.8,5.1,23.8,0.44,0.78,90.0,73.5,79.0,HIGH,HIGH
12.0,37.0,44.7,36.8,94.1,2.4,8.9,0.59,0.57,60.0,87.4,57.0,MEDIUM,MEDIUM
16.0,56.5,38.5,28.3,90.7,4.0,13.0,0.76,0.29,90.0,87.6,85.0,LOW,MEDIUM
16.0,44.9,25.8,32.1,28.7,3.7,28.6,0.53,0.52,90.0,87.9,85.0,LOW,HIGH
8.0,48.3,41.7,43.2,42.2,4.7,23.3,0.64,0.65,60.0,58.0,43.0,HIGH,HIGH
16.0,75.2,71.8,43.3,66.0,5.8,18.0,0.63,0.72,120.0,39.8,82.0,HIGH,HIGH
12.0,36.2,40.9,41.2,20.4,6.0,8.2,0.37,0.66,120.0,90.1,113.0,MEDIUM,HIGH
12.0,78.3,60.1,44.2,43.2,2.5,13.9,0.7,0.29,60.0,51.1,39.0,HIGH,HIGH
12.0,55.9,86.3,41.3,34.1,3.0,23.7,0.57,0.42,90.0,85.0,82.0,HIGH,HIGH
12.0,65.4,72.9,28.2,92.6,5.4,25.0,0.84,0.73,90.0,63.4,75.0,LOW,HIGH
12.0,37.0,52.2,32.7,87.0,4.1,8.8,0.75,0.83,60.0,86.0,56.0,MEDIUM,HIGH
8.0,50.9,50.7,28.5,63.0,3.8,20.5,0.33,0.23,60.0,83.4,56.0,LOW,LOW
8.0,37.0,56.4,29.6,57.8,4.9,4.7,0.61,0.23,60.0,81.1,55.0,LOW,MEDIUM
8.0,85.8,37.2,31.6,93.9,4.4,2.6,0.76,0.66,120.0,32.9,84.0,MEDIUM,MEDIUM
12.0,77.2,68.7,36.3,94.1,6.1,17.4,0.31,0.59,60.0,35.0,42.0,MEDIUM,LOW
12.0,57.7,50.1,42.0,97.3,4.4,8.3,0.83,0.31,60.0,78.6,51.0,HIGH,MEDIUM
12.0,44.5,83.8,42.2,23.0,3.9,4.2,0.41,0.59,60.0,79.5,50.0,HIGH,HIGH
8.0,84.3,77.2,38.2,26.1,4.2,22.4,0.62,0.9,60.0,39.3,44.0,HIGH,HIGH
16.0,51.3,67.1,43.3,71.6,5.4,15.9,0.94,0.65,60.0,64.5,44.0,HIGH,HIGH
16.0,41.0,50.1,36.3,59.6,4.5,24.3,0.67,0.52,60.0,86.2,56.0,MEDIUM,HIGH
12.0,63.5,39.5,42.7,13.6,4.6,20.6,0.56,0.8,90.0,64.8,71.0,HIGH,HIGH
16.0,84.9,78.6,35.5,17.5,6.1,22.4,0.25,0.35,90.0,32.0,62.0,LOW,MEDIUM
12.0,32.2,58.6,32.6,90.2,4.5,10.6,0.35,0.5,90.0,86.5,85.0,LOW,LOW
16.0,45.3,40.5,43.1,88.5,3.5,9.4,0.67,0.58,90.0,69.4,72.0,HIGH,MEDIUM
8.0,84.6,38.5,34.4,43.4,4.8,18.8,0.61,0.56,60.0,30.1,41.0,MEDIUM,HIGH
12.0,41.6,36.4,36.3,90.4,4.7,7.6,0.52,0.86,90.0,85.5,84.0,MEDIUM,MEDIUM
8.0,38.3,78.6,33.4,64.2,1.9,24.8,0.92,0.41,60.0,85.8,56.0,MEDIUM,HIGH
8.0,63.9,40.8,38.9,82.9,3.9,16.6,0.49,0.24,60.0,70.5,52.0,MEDIUM,LOW
8.0,80.3,61.3,44.4,49.6,5.1,8.4,0.64,0.86,60.0,18.0,30.0,HIGH,HIGH
12.0,58.7,56.2,28.4,22.0,4.0,19.5,0.67,0.36,60.0,82.8,55.0,LOW,HIGH
12.0,87.7,65.0,42.8,50.2,5.2,28.5,0.64,0.47,60.0,18.0,33.0,HIGH,HIGH
12.0,70.0,85.5,28.1,52.2,3.8,4.3,0.6,0.58,60.0,82.9,55.0,LOW,HIGH
8.0,36.1,84.9,34.0,60.5,6.1,5.1,0.5,0.9,90.0,69.9,78.0,MEDIUM,HIGH
16.0,87.6,56.1,30.8,21.3,3.1,25.6,0.91,0.59,90.0,66.4,76.0,MEDIUM,HIGH
12.0,54.8,26.1,40.5,99.2,2.2,5.1,0.58,0.52,60.0,76.7,53.0,HIGH,MEDIUM
12.0,48.1,54.4,28.8,33.5,3.7,3.1,0.64,0.62,120.0,85.2,112.0,LOW,HIGH
12.0,63.2,66.8,37.1,29.5,4.2,11.7,0.73,0.9,90.0,77.8,81.0,MEDIUM,HIGH
12.0,49.0,63.5,32.9,58.4,3.3,15.1,0.3,0.79,120.0,89.0,114.0,LOW,MEDIUM
12.0,36.8,69.9,30.2,59.3,2.9,17.9,0.82,0.32,90.0,91.1,86.0,LOW,HIGH
16.0,32.1,35.6,40.7,50.7,4.8,16.2,0.62,0.78,60.0,74.8,52.0,HIGH,HIGH
12.0,57.2,69.6,31.6,79.9,3.5,27.6,0.73,0.81,120.0,88.0,114.0,MEDIUM,HIGH
12.0,78.9,37.6,31.7,57.5,4.6,23.5,0.81,0.7,120.0,49.7,93.0,MEDIUM,HIGH
16.0,64.0,76.8,32.5,65.7,5.2,29.5,0.89,0.67,60.0,80.1,55.0,MEDIUM,HIGH
12.0,88.0,48.4,37.7,75.7,5.1,15.3,0.54,0.52,60.0,28.7,41.0,MEDIUM,MEDIUM
8.0,48.1,74.0,38.9,14.2,3.5,4.4,0.84,0.66,60.0,72.7,53.0,HIGH,HIGH
8.0,47.7,28.3,28.3,62.2,4.3,28.8,0.44,0.73,90.0,85.4,84.0,LOW,MEDIUM
8.0,40.9,53.1,32.0,89.8,3.8,2.1,0.73,0.29,60.0,84.1,56.0,LOW,MEDIUM
12.0,41.2,73.6,35.1,13.5,5.6,23.7,0.32,0.39,90.0,86.9,85.0,LOW,HIGH
12.0,48.0,40.7,33.5,47.7,5.7,2.9,0.26,0.34,90.0,84.7,84.0,LOW,MEDIUM
8.0,76.4,79.9,42.6,93.5,3.3,23.3,0.32,0.81,60.0,53.0,43.0,HIGH,MEDIUM
16.0,82.7,68.5,41.0,43.1,2.2,28.3,0.48,0.69,90.0,73.8,78.0,HIGH,HIGH
12.0,86.6,65.5,38.3,52.4,2.5,12.9,0.27,0.52,90.0,76.8,81.0,MEDIUM,MEDIUM
8.0,45.0,49.4,33.6,98.4,3.4,8.7,0.71,0.79,60.0,85.2,56.0,MEDIUM,MEDIUM
12.0,81.4,58.3,39.6,29.5,4.3,8.3,0.48,0.72,60.0,50.0,46.0,MEDIUM,HIGH
12.0,50.4,66.2,41.9,17.7,4.7,15.8,0.79,0.86,90.0,73.0,76.0,HIGH,HIGH
8.0,38.3,57.6,37.8,87.6,3.3,6.8,0.28,0.26,90.0,89.5,86.0,MEDIUM,LOW
12.0,80.7,73.2,40.9,88.4,4.7,20.8,0.41,0.57,90.0,36.8,63.0,MEDIUM,LOW
16.0,67.6,54.9,40.4,53.5,5.9,12.3,0.55,0.71,60.0,63.5,49.0,HIGH,HIGH
12.0,41.2,39.0,37.4,57.3,4.7,11.0,0.53,0.35,60.0,88.6,57.0,MEDIUM,MEDIUM
12.0,56.1,39.8,33.2,85.6,2.5,14.9,0.35,0.44,120.0,88.1,114.0,LOW,LOW
12.0,48.1,25.4,40.3,77.0,4.4,17.2,0.98,0.5,90.0,78.6,81.0,HIGH,HIGH
8.0,73.3,45.8,31.4,35.3,4.2,6.0,0.46,0.77,60.0,52.8,47.0,LOW,HIGH
8.0,57.4,76.7,40.9,13.5,5.6,21.8,0.78,0.56,90.0,34.8,62.0,HIGH,HIGH
12.0,87.4,79.8,41.3,54.2,3.3,26.7,0.41,0.55,90.0,56.4,70.0,MEDIUM,MEDIUM
8.0,35.1,39.0,41.6,87.6,3.7,9.8,0.89,0.51,60.0,77.0,51.0,HIGH,HIGH
8.0,51.9,91.2,35.8,90.8,4.4,7.1,0.53,0.36,120.0,77.8,108.0,MEDIUM,LOW
16.0,59.0,59.7,31.2,96.1,4.1,23.3,0.91,0.86,60.0,84.1,56.0,MEDIUM,HIGH
16.0,60.2,88.3,29.6,89.4,5.0,7.1,0.5,0.43,90.0,88.2,85.0,LOW,LOW
12.0,49.7,73.8,40.3,63.0,2.0,3.2,0.26,0.61,60.0,82.8,55.0,MEDIUM,MEDIUM
16.0,72.8,74.8,42.6,51.1,4.3,19.3,0.63,0.31,60.0,65.4,46.0,HIGH,HIGH
8.0,81.0,30.9,38.7,80.2,2.3,8.7,0.63,0.51,90.0,69.6,78.0,HIGH,MEDIUM
16.0,84.6,40.2,30.4,77.1,3.2,6.8,0.34,0.85,90.0,76.9,81.0,LOW,MEDIUM
8.0,77.1,25.6,43.4,59.4,4.7,29.5,0.42,0.92,90.0,24.3,53.0,HIGH,HIGH
16.0,79.6,74.4,44.3,19.7,2.5,10.2,0.82,0.46,60.0,56.5,40.0,HIGH,HIGH
16.0,62.8,48.8,35.2,93.5,3.2,27.3,0.28,0.31,120.0,93.1,116.0,LOW,LOW
12.0,78.2,79.3,37.8,52.1,4.9,7.0,0.61,0.43,60.0,49.8,46.0,MEDIUM,HIGH
16.0,49.0,48.4,40.8,44.0,4.7,24.9,0.64,0.44,90.0,79.7,80.0,HIGH,HIGH
12.0,54.3,81.5,40.2,67.4,2.2,16.1,0.75,0.66,120.0,76.5,107.0,HIGH,HIGH
12.0,49.7,34.0,44.0,71.3,4.3,4.2,0.28,0.56,60.0,66.3,44.0,HIGH,MEDIUM
12.0,58.2,37.0,29.9,30.5,2.4,22.5,0.68,0.75,60.0,84.3,56.0,LOW,HIGH
12.0,48.0,48.5,37.6,85.7,2.9,27.0,0.25,0.7,120.0,90.9,115.0,MEDIUM,LOW
8.0,85.9,53.2,39.4,37.5,3.8,6.6,0.44,0.38,120.0,43.2,89.0,MEDIUM,MEDIUM
12.0,49.5,49.1,42.7,28.4,2.3,22.3,0.61,0.76,90.0,68.8,73.0,HIGH,HIGH
16.0,37.5,77.7,42.4,47.8,6.2,14.5,0.92,0.81,60.0,74.3,49.0,HIGH,HIGH
8.0,61.5,31.7,44.1,76.3,2.5,23.1,0.34,0.63,90.0,64.2,68.0,HIGH,MEDIUM
12.0,35.2,49.2,36.4,97.0,5.2,22.0,0.37,0.87,60.0,86.2,56.0,MEDIUM,MEDIUM
16.0,38.2,82.8,41.7,83.2,5.5,2.7,0.74,0.76,60.0,78.6,51.0,HIGH,HIGH
16.0,44.3,29.6,35.1,94.8,6.2,7.0,0.52,0.63,60.0,89.8,57.0,MEDIUM,MEDIUM
16.0,58.0,90.0,35.0,24.4,3.7,15.2,0.71,0.85,60.0,81.4,55.0,MEDIUM,HIGH
12.0,56.3,93.1,32.2,18.3,5.6,28.1,0.98,0.63,60.0,70.7,52.0,MEDIUM,HIGH
16.0,76.8,31.1,41.5,61.1,6.0,11.6,0.97,0.58,60.0,47.0,43.0,HIGH,HIGH
12.0,73.4,45.1,44.3,37.5,2.6,19.6,0.51,0.46,90.0,55.1,64.0,HIGH,HIGH
8.0,55.9,50.7,32.2,84.9,3.9,2.3,0.62,0.84,90.0,77.3,81.0,MEDIUM,MEDIUM
12.0,50.7,78.6,28.9,71.1,2.1,21.9,0.91,0.29,120.0,86.7,113.0,LOW,HIGH
12.0,49.7,66.1,41.5,97.4,4.5,18.9,0.32,0.54,60.0,82.1,53.0,MEDIUM,LOW
8.0,75.3,69.5,38.2,34.4,4.4,22.0,0.58,0.59,60.0,47.0,46.0,MEDIUM,HIGH
12.0,34.9,77.3,43.8,54.7,2.7,27.3,0.53,0.6,90.0,63.7,68.0,HIGH,HIGH
12.0,32.7,33.1,32.2,56.1,5.3,6.1,0.47,0.67,60.0,89.5,57.0,LOW,HIGH
8.0,76.6,82.5,29.2,33.0,2.0,9.3,0.98,0.56,60.0,83.8,56.0,MEDIUM,HIGH
12.0,58.7,73.7,36.1,63.9,5.3,29.9,0.79,0.38,90.0,76.2,80.0,MEDIUM,HIGH
12.0,39.3,64.8,29.4,51.0,1.9,6.4,0.53,0.82,60.0,84.4,56.0,LOW,HIGH
12.0,45.2,86.4,32.3,51.3,4.7,22.2,0.86,0.67,120.0,81.7,110.0,MEDIUM,HIGH
8.0,84.2,73.3,30.1,43.9,2.1,22.3,0.61,0.82,90.0,70.7,78.0,MEDIUM,HIGH
8.0,80.1,38.9,31.7,13.5,2.9,21.1,0.89,0.4,60.0,56.6,48.0,MEDIUM,HIGH
12.0,71.7,54.7,29.8,57.9,5.0,8.4,0.44,0.66,60.0,63.2,50.0,LOW,MEDIUM
16.0,59.0,59.1,43.7,41.5,3.0,8.0,0.41,0.71,90.0,64.1,69.0,HIGH,HIGH
8.0,61.1,28.8,32.6,12.1,4.0,20.7,0.43,0.48,90.0,68.7,77.0,LOW,HIGH
12.0,86.6,90.9,35.3,39.1,5.8,7.2,0.64,0.78,120.0,18.0,76.0,MEDIUM,HIGH
8.0,86.1,33.9,42.8,36.5,2.0,20.5,0.46,0.2,90.0,58.7,68.0,HIGH,MEDIUM
12.0,44.1,73.1,39.2,46.6,5.4,15.8,0.36,0.63,60.0,87.4,57.0,MEDIUM,MEDIUM
16.0,77.4,59.9,38.2,23.6,2.1,12.8,0.98,0.64,60.0,85.6,56.0,HIGH,HIGH
12.0,43.0,26.8,39.6,56.7,2.4,10.4,0.91,0.58,90.0,79.0,81.0,HIGH,HIGH
8.0,44.0,88.8,41.7,72.9,2.3,28.5,0.71,0.65,60.0,77.1,51.0,HIGH,HIGH
12.0,69.9,83.8,42.5,67.5,6.2,16.2,0.9,0.32,90.0,30.5,57.0,HIGH,HIGH
8.0,54.7,61.2,38.6,82.7,2.6,17.7,0.93,0.69,90.0,82.4,83.0,HIGH,HIGH
12.0,84.2,40.8,42.7,51.8,5.7,28.6,0.74,0.44,90.0,18.0,52.0,HIGH,HIGH
12.0,37.0,33.4,36.8,57.7,6.2,20.3,0.63,0.53,60.0,85.0,56.0,MEDIUM,HIGH
8.0,60.6,50.1,32.6,83.3,3.5,28.8,0.89,0.44,90.0,78.1,81.0,MEDIUM,HIGH
12.0,83.4,42.6,42.5,49.6,4.6,5.0,0.66,0.54,60.0,33.8,38.0,HIGH,HIGH
12.0,82.6,60.0,36.9,73.7,5.2,25.7,0.34,0.65,90.0,35.6,64.0,MEDIUM,MEDIUM
16.0,40.8,91.7,43.0,50.2,3.5,11.4,0.52,0.8,90.0,65.2,71.0,HIGH,HIGH
16.0,52.5,64.7,28.7,48.8,2.5,24.7,0.58,0.55,90.0,84.8,84.0,LOW,HIGH
8.0,66.7,86.4,34.6,78.9,3.7,26.0,0.93,0.43,60.0,65.0,51.0,MEDIUM,HIGH
12.0,40.9,69.9,43.6,27.4,5.2,9.6,0.73,0.55,90.0,63.1,69.0,HIGH,HIGH
12.0,86.2,57.8,32.1,41.8,5.2,13.4,0.89,0.7,90.0,28.3,61.0,MEDIUM,HIGH
12.0,83.2,84.0,43.5,31.7,2.8,22.3,0.8,0.45,60.0,48.8,40.0,HIGH,HIGH
12.0,41.3,57.5,43.7,43.6,2.6,4.8,0.48,0.5,120.0,67.2,96.0,HIGH,HIGH
16.0,38.8,84.9,42.6,32.3,5.9,23.2,0.77,0.61,90.0,73.2,75.0,HIGH,HIGH
16.0,36.8,45.1,37.3,63.0,2.0,5.1,0.39,0.41,90.0,91.5,87.0,MEDIUM,MEDIUM
12.0,82.9,33.9,38.7,82.2,5.0,27.6,0.55,0.35,60.0,38.9,44.0,MEDIUM,MEDIUM
12.0,42.8,84.0,42.3,81.2,2.0,9.7,0.84,0.3,120.0,74.6,102.0,HIGH,MEDIUM
12.0,55.3,65.5,40.8,44.1,5.5,18.1,0.7,0.45,90.0,73.0,78.0,HIGH,HIGH
12.0,57.1,86.3,38.4,99.0,5.8,5.3,0.85,0.23,90.0,76.3,80.0,HIGH,MEDIUM
12.0,65.5,89.7,44.2,64.3,3.1,9.5,0.44,0.62,90.0,59.3,66.0,HIGH,MEDIUM
12.0,36.0,28.7,39.3,47.1,2.1,13.3,0.8,0.33,60.0,80.8,55.0,HIGH,HIGH
12.0,44.7,59.6,44.1,85.5,3.9,15.6,0.4,0.47,60.0,66.3,44.0,HIGH,LOW
8.0,84.2,50.9,28.9,76.2,3.1,2.0,0.65,0.39,60.0,56.8,48.0,LOW,MEDIUM
8.0,82.9,68.2,30.3,77.9,3.6,26.9,0.57,0.65,60.0,50.3,47.0,LOW,MEDIUM
16.0,75.8,79.8,35.4,29.3,4.7,2.2,0.66,0.81,90.0,70.1,78.0,MEDIUM,HIGH
8.0,33.1,44.4,34.4,53.2,2.7,23.7,0.35,0.66,60.0,89.6,57.0,LOW,MEDIUM
12.0,50.3,63.4,40.9,87.8,3.4,15.2,0.51,0.59,90.0,75.0,78.0,HIGH,MEDIUM
8.0,67.2,73.9,30.7,56.4,5.2,16.7,0.74,0.68,90.0,42.5,67.0,LOW,HIGH
8.0,47.4,34.3,44.1,72.1,4.6,7.8,0.66,0.22,60.0,55.1,40.0,HIGH,MEDIUM
8.0,82.9,81.2,33.2,63.7,3.2,19.0,0.65,0.29,60.0,58.6,49.0,MEDIUM,MEDIUM
8.0,67.5,66.8,35.1,86.1,4.7,17.0,0.62,0.27,90.0,55.2,72.0,MEDIUM,MEDIUM
16.0,36.0,90.5,32.5,37.0,5.2,6.6,0.94,0.27,60.0,79.9,55.0,MEDIUM,HIGH
12.0,82.9,48.4,37.6,62.6,4.4,8.7,0.93,0.39,60.0,48.2,46.0,HIGH,HIGH
16.0,85.6,32.5,29.0,22.8,2.9,3.9,0.51,0.58,90.0,75.3,80.0,LOW,HIGH
12.0,36.4,59.9,30.5,72.7,1.8,3.9,0.51,0.28,90.0,94.0,88.0,LOW,MEDIUM
12.0,61.8,30.9,40.3,76.4,5.3,2.4,0.66,0.87,90.0,63.4,75.0,HIGH,HIGH
12.0,49.0,91.9,31.1,15.8,5.4,8.2,0.32,0.82,90.0,79.0,81.0,LOW,HIGH
12.0,54.0,27.7,31.9,71.5,4.9,21.0,0.47,0.9,90.0,82.6,83.0,LOW,MEDIUM
12.0,42.1,77.0,41.1,48.5,2.1,10.9,0.42,0.23,60.0,90.1,55.0,MEDIUM,MEDIUM
12.0,64.4,61.2,29.5,22.9,4.4,11.6,0.41,0.81,120.0,82.8,111.0,LOW,HIGH
12.0,85.6,50.4,35.2,49.0,5.4,5.7,0.72,0.78,60.0,27.4,40.0,MEDIUM,HIGH
16.0,60.2,29.5,28.4,29.1,3.5,18.1,0.53,0.85,90.0,85.9,84.0,LOW,HIGH
16.0,36.6,67.9,33.7,48.6,2.7,11.6,0.37,0.58,90.0,89.6,86.0,LOW,MEDIUM
16.0,66.7,65.4,39.5,45.8,4.4,20.9,0.9,0.77,90.0,75.8,80.0,HIGH,HIGH
12.0,51.1,44.4,29.5,77.0,5.4,22.8,0.89,0.24,120.0,81.2,110.0,LOW,MEDIUM
12.0,79.9,87.8,42.7,80.1,2.0,18.4,0.88,0.25,60.0,63.6,45.0,HIGH,MEDIUM
12.0,56.3,46.0,43.0,65.4,4.4,9.7,0.54,0.29,60.0,69.8,46.0,HIGH,MEDIUM
12.0,42.8,56.0,29.7,14.0,4.6,16.2,0.29,0.86,60.0,82.0,55.0,LOW,HIGH
8.0,42.7,62.5,44.3,93.9,4.5,9.1,0.33,0.24,60.0,55.1,40.0,HIGH,LOW
12.0,75.1,31.9,32.9,72.4,4.7,27.3,0.45,0.27,90.0,63.3,75.0,LOW,MEDIUM
8.0,46.9,89.3,29.4,15.0,4.6,23.5,0.41,0.87,60.0,75.6,53.0,LOW,HIGH
12.0,75.0,50.8,28.1,84.1,2.4,15.8,0.89,0.28,120.0,82.6,111.0,LOW,MEDIUM
16.0,43.5,30.6,34.7,29.6,2.8,29.0,0.97,0.83,90.0,82.0,83.0,MEDIUM,HIGH
8.0,50.0,51.7,38.4,63.0,4.5,17.3,0.85,0.77,60.0,74.7,53.0,HIGH,HIGH
8.0,58.1,66.4,33.5,53.1,1.9,11.2,0.78,0.23,60.0,87.7,57.0,LOW,HIGH
8.0,84.8,60.4,41.8,48.9,4.6,4.7,0.68,0.22,60.0,27.8,37.0,HIGH,HIGH
16.0,84.2,72.9,39.8,90.3,4.7,17.2,0.81,0.58,120.0,43.7,90.0,HIGH,MEDIUM
12.0,43.6,28.8,33.8,50.5,2.9,26.1,0.94,0.92,90.0,84.6,84.0,MEDIUM,HIGH
12.0,52.1,44.6,40.1,18.6,4.4,26.3,0.69,0.83,60.0,73.4,53.0,HIGH,HIGH
16.0,40.4,81.5,43.5,95.3,4.1,18.9,0.36,0.42,60.0,68.7,45.0,HIGH,LOW
16.0,60.6,30.5,29.5,93.0,2.9,13.0,0.37,0.48,60.0,90.0,57.0,LOW,LOW
12.0,57.8,84.0,33.1,72.2,3.8,20.2,0.68,0.48,60.0,83.2,55.0,LOW,MEDIUM
12.0,82.4,31.3,35.6,53.2,5.8,23.3,0.49,0.73,90.0,30.7,62.0,MEDIUM,HIGH
12.0,84.1,82.6,36.2,20.2,3.7,13.5,0.91,0.45,90.0,57.1,73.0,MEDIUM,HIGH
12.0,53.5,49.9,36.9,81.6,4.6,15.3,0.7,0.31,60.0,88.2,57.0,MEDIUM,MEDIUM
8.0,59.5,67.2,33.0,18.6,2.0,21.1,0.74,0.74,120.0,86.0,112.0,MEDIUM,HIGH
16.0,82.2,35.5,39.0,18.0,2.1,26.5,0.25,0.53,60.0,82.3,55.0,MEDIUM,HIGH
12.0,77.2,29.6,38.6,59.3,2.2,24.1,0.61,0.26,60.0,76.9,54.0,MEDIUM,MEDIUM
12.0,32.2,39.9,37.5,26.1,5.2,2.6,0.56,0.77,90.0,86.3,84.0,MEDIUM,HIGH
12.0,49.9,33.8,29.9,12.7,3.3,5.5,0.77,0.62,60.0,79.7,55.0,MEDIUM,HIGH
8.0,55.6,46.6,35.9,49.2,2.8,25.9,0.53,0.55,60.0,81.9,55.0,MEDIUM,HIGH
8.0,44.9,60.5,33.9,24.1,5.1,25.3,0.96,0.68,90.0,68.3,77.0,HIGH,HIGH
12.0,43.2,65.6,36.1,26.1,2.5,12.9,0.74,0.56,60.0,86.6,56.0,MEDIUM,HIGH
8.0,34.1,79.5,43.2,18.8,2.9,18.4,0.73,0.67,60.0,63.7,44.0,HIGH,HIGH
12.0,68.0,70.3,35.9,30.0,3.7,27.4,0.92,0.82,90.0,79.8,82.0,MEDIUM,HIGH
12.0,46.7,67.0,28.2,75.0,3.3,27.5,0.98,0.64,60.0,83.8,56.0,MEDIUM,HIGH
8.0,34.9,53.4,35.2,83.2,4.4,23.9,0.39,0.67,60.0,88.3,57.0,MEDIUM,MEDIUM
16.0,44.9,57.7,41.5,51.8,3.3,7.9,0.84,0.64,60.0,80.1,52.0,HIGH,HIGH
8.0,76.9,53.6,40.9,56.6,3.5,22.4,0.37,0.58,90.0,53.3,70.0,MEDIUM,MEDIUM
12.0,79.7,83.1,36.5,14.9,5.6,4.8,0.58,0.32,60.0,33.8,42.0,MEDIUM,HIGH
12.0,59.1,40.9,32.1,18.1,5.7,27.0,0.32,0.44,120.0,78.1,108.0,LOW,HIGH
8.0,55.3,25.4,35.7,34.7,5.4,6.2,0.71,0.7,90.0,50.8,70.0,MEDIUM,HIGH
8.0,86.8,69.9,37.3,59.9,5.6,20.5,0.59,0.51,60.0,18.0,38.0,MEDIUM,MEDIUM
12.0,43.2,39.0,44.5,77.1,4.3,19.1,0.71,0.49,90.0,59.8,66.0,HIGH,MEDIUM
16.0,44.1,86.4,38.6,65.2,4.6,23.8,0.74,0.75,90.0,81.2,82.0,HIGH,HIGH
8.0,48.3,84.3,39.5,46.5,4.3,17.4,0.7,0.2,60.0,80.1,55.0,MEDIUM,HIGH
12.0,41.7,30.3,36.1,22.4,5.3,3.7,0.46,0.69,90.0,86.6,85.0,MEDIUM,HIGH
12.0,53.2,32.3,33.8,80.7,4.2,21.8,0.86,0.55,90.0,85.3,84.0,MEDIUM,HIGH
16.0,83.0,59.2,41.4,44.0,2.3,12.7,0.65,0.47,60.0,80.9,52.0,HIGH,HIGH
12.0,66.5,67.0,36.2,76.8,5.4,11.0,0.61,0.45,60.0,64.8,50.0,MEDIUM,MEDIUM
12.0,55.1,44.0,44.4,57.1,5.1,29.8,0.97,0.32,60.0,47.3,38.0,HIGH,HIGH
12.0,84.3,74.5,35.5,77.0,5.4,18.5,0.46,0.44,60.0,37.7,43.0,MEDIUM,MEDIUM
12.0,34.7,66.0,29.1,91.8,2.6,21.9,0.64,0.48,60.0,88.4,57.0,LOW,MEDIUM
16.0,43.8,47.4,39.3,93.1,3.0,16.7,0.75,0.51,90.0,80.6,82.0,HIGH,MEDIUM
8.0,63.7,26.8,28.8,59.1,3.1,23.6,0.34,0.68,60.0,87.8,57.0,LOW,MEDIUM
12.0,66.5,76.8,32.1,57.0,4.0,23.1,0.51,0.53,60.0,89.6,57.0,LOW,MEDIUM
16.0,34.2,39.8,33.8,35.4,2.4,20.4,0.84,0.77,60.0,84.7,56.0,MEDIUM,HIGH
16.0,54.6,82.6,40.2,94.4,3.5,29.9,0.42,0.66,90.0,79.0,81.0,HIGH,MEDIUM
16.0,68.4,54.0,36.2,52.3,2.6,14.9,0.61,0.34,60.0,89.5,57.0,MEDIUM,MEDIUM
12.0,71.1,64.8,28.5,23.2,3.0,21.8,0.71,0.4,60.0,84.3,56.0,LOW,HIGH
12.0,67.7,85.2,38.2,50.1,4.9,24.3,0.74,0.26,60.0,66.2,51.0,MEDIUM,HIGH
12.0,50.0,84.6,34.8,23.2,5.6,12.5,0.78,0.88,90.0,78.7,81.0,MEDIUM,HIGH
12.0,37.2,50.6,43.2,56.2,1.9,14.8,0.88,0.84,60.0,65.9,45.0,HIGH,HIGH
8.0,55.9,39.4,36.2,61.4,4.3,29.1,0.54,0.26,60.0,77.4,54.0,MEDIUM,MEDIUM
12.0,39.2,78.5,39.7,41.7,2.0,2.9,0.77,0.61,60.0,79.3,54.0,HIGH,HIGH
12.0,85.1,54.9,31.6,18.3,2.2,11.4,0.78,0.89,60.0,78.5,54.0,MEDIUM,HIGH
8.0,58.6,38.3,40.6,95.0,4.9,15.6,0.47,0.74,90.0,52.1,70.0,MEDIUM,MEDIUM
12.0,49.8,87.4,39.9,80.1,5.0,2.0,0.96,0.55,60.0,74.3,53.0,HIGH,HIGH
12.0,74.9,38.7,42.9,85.8,5.4,27.2,0.88,0.37,60.0,32.9,37.0,HIGH,MEDIUM
16.0,59.9,26.8,28.6,44.3,3.9,10.0,0.46,0.4,90.0,88.5,85.0,LOW,MEDIUM
8.0,49.4,26.4,35.4,79.0,5.6,9.2,0.74,0.73,60.0,57.1,48.0,MEDIUM,HIGH
12.0,77.5,67.9,39.2,54.7,2.5,25.0,0.77,0.76,90.0,73.3,79.0,HIGH,HIGH
12.0,80.6,70.7,29.6,29.7,2.9,9.8,0.56,0.58,60.0,78.4,54.0,LOW,HIGH
12.0,69.7,46.5,34.8,22.9,2.4,20.4,0.88,0.29,120.0,85.2,112.0,MEDIUM,HIGH
12.0,34.6,47.1,43.5,42.4,5.3,25.0,0.75,0.87,120.0,63.1,94.0,HIGH,HIGH
12.0,63.7,48.4,35.2,24.1,2.8,24.2,0.73,0.81,90.0,77.3,81.0,MEDIUM,HIGH
8.0,74.7,71.9,44.3,99.8,2.5,23.9,0.41,0.3,120.0,59.0,90.0,HIGH,LOW
12.0,39.6,29.0,28.9,16.3,4.5,4.5,0.55,0.24,60.0,88.1,57.0,LOW,HIGH
12.0,44.8,89.1,39.8,50.8,2.1,4.2,0.57,0.59,90.0,75.1,80.0,HIGH,HIGH
12.0,81.4,40.4,37.6,51.8,2.0,10.6,0.79,0.4,60.0,77.9,54.0,MEDIUM,HIGH
16.0,33.1,94.0,36.3,38.5,2.3,3.0,0.7,0.4,90.0,84.6,84.0,MEDIUM,HIGH
16.0,74.2,36.8,44.0,62.3,1.8,16.0,0.31,0.26,60.0,64.2,43.0,HIGH,LOW
12.0,58.5,78.2,30.1,25.2,4.9,13.1,0.47,0.89,60.0,79.5,54.0,LOW,HIGH
12.0,57.0,40.4,42.8,81.0,4.3,17.6,0.6,0.8,120.0,68.0,98.0,HIGH,MEDIUM
12.0,32.4,30.6,39.4,41.3,2.7,10.4,0.79,0.28,60.0,82.8,55.0,HIGH,HIGH
16.0,77.9,85.4,32.3,64.0,2.8,15.6,0.79,0.83,90.0,80.2,82.0,MEDIUM,HIGH
12.0,52.2,84.3,42.9,75.0,5.4,11.4,0.61,0.69,90.0,64.6,70.0,HIGH,MEDIUM
12.0,62.3,52.8,35.1,90.2,4.0,7.5,0.34,0.43,60.0,85.8,56.0,LOW,LOW
16.0,69.9,73.5,41.4,85.5,4.9,20.2,0.46,0.83,60.0,80.9,52.0,HIGH,MEDIUM
12.0,71.3,63.4,34.4,65.5,3.8,20.9,0.44,0.63,60.0,78.2,54.0,MEDIUM,MEDIUM
16.0,85.5,83.9,42.0,46.2,2.8,25.2,0.82,0.81,120.0,64.7,97.0,HIGH,HIGH
8.0,61.8,46.7,38.5,56.3,6.1,26.5,0.38,0.54,120.0,36.6,86.0,MEDIUM,MEDIUM
12.0,54.4,61.1,30.3,79.6,4.3,21.7,0.59,0.56,90.0,83.3,83.0,LOW,MEDIUM
12.0,85.4,58.5,38.7,89.2,2.4,21.2,0.74,0.41,90.0,74.8,80.0,MEDIUM,MEDIUM
16.0,68.0,49.4,31.2,21.1,3.6,3.6,0.95,0.48,60.0,83.9,56.0,MEDIUM,HIGH
16.0,48.7,86.5,34.8,45.9,3.2,5.1,0.98,0.61,60.0,83.2,55.0,HIGH,HIGH
12.0,39.1,36.4,30.8,80.3,2.7,24.8,0.95,0.88,60.0,83.3,55.0,MEDIUM,HIGH
12.0,79.2,35.3,28.4,50.0,5.9,8.5,0.77,0.63,90.0,32.1,63.0,LOW,HIGH
12.0,52.3,64.8,31.5,41.2,5.7,12.0,0.79,0.31,60.0,79.5,54.0,LOW,HIGH
16.0,69.0,70.4,36.9,48.2,2.7,6.1,0.8,0.21,90.0,84.9,84.0,MEDIUM,HIGH
12.0,58.4,38.4,35.9,65.1,3.3,7.5,0.88,0.81,90.0,84.3,84.0,HIGH,HIGH
12.0,43.1,52.0,36.3,100.0,5.2,23.7,0.94,0.46,60.0,85.0,56.0,MEDIUM,MEDIUM
8.0,65.7,90.3,32.1,55.4,2.7,9.3,0.58,0.43,60.0,81.2,55.0,LOW,MEDIUM
12.0,35.4,42.0,39.3,30.3,4.4,14.6,0.55,0.78,60.0,81.4,55.0,HIGH,HIGH
12.0,55.1,71.1,39.6,26.3,4.9,6.2,0.59,0.88,90.0,75.4,80.0,HIGH,HIGH
12.0,62.6,76.1,33.9,15.7,4.7,21.0,0.73,0.74,60.0,78.0,54.0,MEDIUM,HIGH
8.0,56.4,55.9,42.5,61.2,4.9,22.4,0.82,0.33,60.0,51.4,42.0,HIGH,HIGH
16.0,73.9,89.7,38.6,59.9,4.9,12.1,0.89,0.48,90.0,68.0,77.0,HIGH,HIGH
8.0,78.4,75.8,39.8,30.1,6.0,24.0,0.58,0.75,60.0,18.0,38.0,HIGH,HIGH
12.0,75.2,56.6,32.6,73.2,3.3,8.7,0.52,0.85,60.0,80.7,55.0,MEDIUM,MEDIUM
16.0,34.2,64.3,28.0,77.2,5.7,21.4,0.97,0.92,90.0,83.1,83.0,MEDIUM,HIGH
12.0,42.9,72.8,42.3,34.8,1.9,22.4,0.42,0.57,90.0,77.1,77.0,HIGH,HIGH
8.0,62.1,65.9,41.6,42.3,3.1,29.1,0.41,0.79,90.0,83.9,81.0,HIGH,HIGH
12.0,84.4,85.6,30.0,99.2,2.0,8.5,0.77,0.23,60.0,86.2,56.0,LOW,MEDIUM
16.0,78.8,49.6,34.2,44.9,4.7,4.6,0.38,0.41,60.0,67.3,51.0,LOW,MEDIUM
12.0,79.2,45.7,38.9,79.0,2.2,9.4,0.54,0.47,90.0,75.9,80.0,MEDIUM,MEDIUM
16.0,49.0,39.8,38.8,51.8,5.5,5.4,0.46,0.9,60.0,84.4,56.0,MEDIUM,HIGH
8.0,56.0,27.6,42.2,81.8,4.6,6.8,0.37,0.2,120.0,61.8,95.0,HIGH,LOW
12.0,58.4,28.0,30.3,79.7,1.9,11.4,0.67,0.42,60.0,84.7,56.0,LOW,MEDIUM
12.0,40.8,85.0,35.1,70.8,4.9,13.6,0.52,0.87,60.0,89.5,57.0,MEDIUM,HIGH
16.0,33.7,71.8,29.6,87.2,5.6,27.3,0.59,0.42,60.0,85.6,56.0,LOW,MEDIUM
8.0,85.0,70.6,34.4,94.7,4.7,7.5,0.39,0.36,120.0,30.1,82.0,LOW,LOW
16.0,45.5,67.4,28.2,63.0,1.9,29.2,0.81,0.73,90.0,82.4,83.0,LOW,HIGH
12.0,45.4,83.6,42.8,32.9,5.6,24.7,0.48,0.74,60.0,71.2,47.0,HIGH,HIGH
12.0,36.7,58.1,36.7,47.1,5.0,26.7,0.5,0.54,90.0,87.9,85.0,MEDIUM,HIGH
8.0,84.0,85.1,42.0,78.7,3.5,28.0,0.43,0.88,60.0,47.4,42.0,HIGH,MEDIUM
16.0,64.5,49.8,29.0,69.3,3.2,23.1,0.57,0.35,60.0,86.6,56.0,LOW,MEDIUM
8.0,69.4,88.9,31.8,27.6,3.9,24.1,0.59,0.86,60.0,60.1,49.0,LOW,HIGH
12.0,83.0,73.2,32.3,16.5,5.6,14.3,0.64,0.74,60.0,27.9,41.0,LOW,HIGH
12.0,51.4,42.7,34.4,72.1,2.9,16.3,0.96,0.47,60.0,82.9,55.0,MEDIUM,HIGH
16.0,66.8,63.9,41.2,34.1,2.2,28.1,0.91,0.78,60.0,82.5,53.0,HIGH,HIGH
12.0,34.2,61.8,34.4,56.0,5.6,12.6,0.69,0.3,60.0,83.5,56.0,MEDIUM,HIGH
12.0,42.5,34.5,31.4,77.7,1.9,3.2,0.28,0.29,60.0,94.9,59.0,LOW,LOW
12.0,78.5,65.8,29.1,61.5,5.8,23.4,0.7,0.87,60.0,34.7,42.0,LOW,HIGH
12.0,74.9,46.7,29.3,19.3,3.1,18.0,0.32,0.27,120.0,86.6,113.0,LOW,MEDIUM
12.0,51.6,28.6,40.5,28.3,4.0,24.8,0.77,0.2,90.0,80.3,81.0,HIGH,HIGH
16.0,53.1,90.5,35.3,31.3,2.4,4.1,0.53,0.48,120.0,87.4,113.0,MEDIUM,HIGH
16.0,61.9,69.3,40.0,34.7,5.8,19.4,0.86,0.27,60.0,70.4,52.0,HIGH,HIGH
8.0,32.0,85.5,39.3,61.8,5.1,8.9,0.94,0.82,60.0,70.5,52.0,HIGH,HIGH
12.0,45.5,71.6,30.2,56.3,5.9,27.3,0.55,0.86,90.0,84.8,84.0,LOW,HIGH
8.0,43.7,49.6,30.4,29.9,4.8,5.1,0.59,0.55,90.0,82.4,83.0,LOW,HIGH
12.0,46.0,60.4,40.5,17.9,2.6,25.6,0.68,0.51,90.0,77.1,80.0,HIGH,HIGH
12.0,77.1,71.6,39.9,27.1,3.2,4.5,0.39,0.59,90.0,75.3,80.0,MEDIUM,HIGH
12.0,47.7,91.3,34.2,98.6,3.9,2.7,0.93,0.36,90.0,83.4,83.0,MEDIUM,MEDIUM
12.0,42.7,42.5,29.3,53.2,4.5,8.6,0.57,0.41,90.0,89.1,86.0,LOW,MEDIUM
12.0,60.2,85.4,28.2,88.3,5.9,11.3,0.37,0.27,90.0,72.7,79.0,LOW,LOW
12.0,80.5,88.8,32.8,86.7,3.5,19.5,0.81,0.52,120.0,60.1,98.0,MEDIUM,MEDIUM
12.0,45.5,71.3,28.2,57.0,4.9,5.7,0.41,0.64,120.0,89.4,114.0,LOW,MEDIUM
12.0,36.4,89.3,31.8,74.2,6.0,14.2,0.35,0.87,60.0,86.2,56.0,LOW,MEDIUM
8.0,52.0,52.5,34.9,29.0,2.5,7.7,0.66,0.73,60.0,82.6,55.0,MEDIUM,HIGH
12.0,73.9,90.8,30.0,72.6,5.6,25.9,0.74,0.72,60.0,39.4,44.0,LOW,HIGH
12.0,62.8,73.5,29.7,36.0,3.7,3.3,0.67,0.42,60.0,85.4,56.0,LOW,HIGH
12.0,77.7,27.9,42.8,85.2,5.0,12.0,0.73,0.84,60.0,32.6,37.0,HIGH,HIGH
12.0,85.7,87.6,37.7,19.4,3.1,19.7,0.33,0.88,60.0,58.8,49.0,MEDIUM,HIGH
12.0,76.4,58.4,43.4,80.0,3.3,27.6,0.6,0.87,60.0,57.0,42.0,HIGH,HIGH
8.0,65.8,56.8,33.7,20.8,1.9,26.3,0.51,0.23,90.0,87.4,85.0,LOW,HIGH
12.0,59.6,64.1,39.2,89.5,6.1,27.1,0.96,0.64,60.0,61.1,49.0,HIGH,HIGH
16.0,34.2,35.3,31.4,38.8,5.4,3.8,0.29,0.66,90.0,87.6,85.0,LOW,MEDIUM
12.0,87.1,57.4,38.2,69.6,2.2,25.5,0.47,0.41,60.0,77.0,54.0,MEDIUM,MEDIUM
12.0,53.5,82.3,30.1,54.9,6.2,23.8,0.94,0.91,90.0,70.2,78.0,MEDIUM,HIGH
12.0,40.5,26.1,28.0,44.2,4.5,27.3,0.97,0.41,90.0,87.5,85.0,LOW,HIGH
8.0,69.3,43.8,43.4,68.8,5.6,10.7,0.85,0.36,60.0,18.0,32.0,HIGH,HIGH
12.0,47.9,25.2,37.2,95.4,2.1,27.5,0.31,0.55,120.0,87.9,113.0,MEDIUM,LOW
12.0,64.8,53.7,43.3,15.6,3.5,13.3,0.66,0.43,60.0,59.2,43.0,HIGH,HIGH
8.0,64.9,75.3,33.5,92.9,4.7,19.8,0.54,0.87,90.0,51.9,71.0,MEDIUM,MEDIUM
12.0,57.0,80.1,33.4,65.6,2.3,13.9,0.84,0.52,90.0,89.0,86.0,MEDIUM,HIGH
12.0,78.8,90.2,34.6,83.0,4.0,14.0,0.29,0.5,60.0,63.7,50.0,LOW,LOW
12.0,46.8,67.0,39.6,45.8,3.7,17.3,0.39,0.65,60.0,81.4,55.0,MEDIUM,HIGH
16.0,57.1,42.6,37.3,53.5,2.8,12.0,0.61,0.26,60.0,88.0,57.0,MEDIUM,MEDIUM
8.0,62.1,88.8,43.3,88.5,3.1,24.2,0.37,0.74,120.0,64.5,95.0,HIGH,MEDIUM
12.0,69.2,78.5,28.4,48.5,6.1,19.7,0.76,0.75,90.0,46.5,68.0,LOW,HIGH
8.0,75.9,64.6,39.7,59.1,3.1,21.3,0.85,0.54,60.0,60.7,49.0,HIGH,HIGH
16.0,54.1,73.0,33.5,13.8,2.7,8.5,0.76,0.89,60.0,78.7,54.0,MEDIUM,HIGH
8.0,68.2,88.8,31.0,26.0,4.2,29.1,0.57,0.62,60.0,55.9,48.0,LOW,HIGH
12.0,40.4,74.2,36.4,68.5,4.8,20.5,0.89,0.7,60.0,85.6,56.0,MEDIUM,HIGH
12.0,84.2,50.4,36.3,75.1,5.0,7.5,0.35,0.87,120.0,36.4,86.0,MEDIUM,MEDIUM
12.0,53.5,74.2,30.3,63.3,5.1,23.0,0.44,0.68,60.0,80.9,55.0,LOW,MEDIUM
12.0,72.9,27.8,31.3,24.6,2.0,6.9,0.61,0.51,60.0,85.5,56.0,LOW,HIGH
12.0,33.1,51.7,34.7,51.2,3.5,3.8,0.29,0.22,120.0,89.0,114.0,LOW,MEDIUM
12.0,43.5,53.0,34.7,43.2,5.2,16.8,0.32,0.72,60.0,88.8,57.0,MEDIUM,HIGH
12.0,59.3,36.5,33.2,55.6,5.8,17.5,0.54,0.89,60.0,73.1,53.0,MEDIUM,HIGH
8.0,81.2,26.6,30.5,88.6,4.4,7.3,0.94,0.54,60.0,35.4,43.0,MEDIUM,HIGH
12.0,61.5,34.2,28.1,80.3,2.0,11.8,0.91,0.44,90.0,80.8,82.0,LOW,HIGH
12.0,84.1,70.2,44.0,19.4,3.5,28.5,0.59,0.57,90.0,33.9,56.0,HIGH,HIGH
12.0,59.1,80.4,43.6,90.3,2.1,10.0,0.35,0.72,60.0,66.4,45.0,HIGH,MEDIUM
12.0,59.5,93.2,36.0,53.5,5.1,6.4,0.38,0.2,90.0,79.4,82.0,LOW,MEDIUM
16.0,38.7,48.9,44.4,77.5,2.1,29.8,0.53,0.84,90.0,57.2,65.0,HIGH,MEDIUM
12.0,76.9,66.4,39.1,24.3,2.6,10.5,0.4,0.84,90.0,74.4,80.0,MEDIUM,HIGH
8.0,45.8,89.7,29.1,71.0,3.6,21.0,0.31,0.59,120.0,82.7,111.0,LOW,MEDIUM
8.0,82.4,36.5,29.9,32.8,3.8,8.5,0.74,0.29,60.0,45.1,45.0,LOW,HIGH
16.0,83.0,74.5,43.1,50.6,3.6,17.4,0.67,0.68,60.0,55.9,42.0,HIGH,HIGH
12.0,84.8,77.1,38.4,13.5,3.8,12.8,0.46,0.3,90.0,54.2,71.0,MEDIUM,HIGH
8.0,61.1,31.1,41.9,25.3,4.9,28.9,0.82,0.57,60.0,51.5,43.0,HIGH,HIGH
12.0,69.9,84.4,42.8,20.1,3.4,14.1,0.82,0.27,60.0,63.7,45.0,HIGH,HIGH
12.0,75.6,81.1,35.4,33.1,4.2,18.4,0.61,0.62,60.0,67.4,51.0,MEDIUM,HIGH
12.0,39.3,27.3,28.8,20.8,3.1,28.5,0.32,0.43,90.0,91.1,86.0,LOW,HIGH
12.0,65.7,31.3,31.1,72.9,3.4,29.7,0.92,0.8,60.0,79.7,55.0,MEDIUM,HIGH
8.0,33.9,28.4,29.1,14.6,4.5,4.8,0.74,0.78,60.0,77.6,54.0,LOW,HIGH
16.0,59.9,48.1,31.1,66.4,4.0,25.4,0.43,0.92,60.0,87.7,57.0,MEDIUM,HIGH
12.0,40.7,60.1,34.8,24.4,5.0,12.7,0.7,0.39,90.0,88.9,86.0,MEDIUM,HIGH
12.0,42.2,61.7,30.0,95.2,4.3,18.7,0.55,0.24,90.0,87.3,85.0,LOW,LOW
12.0,52.4,43.5,30.8,94.1,5.3,12.5,0.71,0.52,60.0,81.9,55.0,LOW,MEDIUM
12.0,56.2,87.9,35.4,31.8,3.8,13.2,0.6,0.26,90.0,90.5,86.0,MEDIUM,HIGH
12.0,66.9,50.4,33.6,66.1,4.0,6.4,0.6,0.33,90.0,81.7,83.0,LOW,MEDIUM
12.0,36.2,28.1,35.7,14.5,4.7,18.0,0.79,0.63,90.0,83.8,83.0,MEDIUM,HIGH
12.0,60.2,45.7,35.1,94.0,2.8,17.3,0.7,0.63,60.0,79.9,55.0,MEDIUM,MEDIUM
16.0,42.2,61.6,38.6,58.0,3.5,7.3,0.31,0.23,90.0,90.2,86.0,MEDIUM,MEDIUM
16.0,64.1,53.2,43.5,15.8,4.5,17.2,0.3,0.52,120.0,67.0,96.0,HIGH,HIGH
8.0,67.7,43.9,29.8,42.1,1.9,29.2,0.47,0.58,60.0,86.2,56.0,LOW,HIGH
8.0,63.2,34.1,29.6,18.8,3.7,22.0,0.56,0.39,60.0,72.2,52.0,LOW,HIGH
16.0,73.3,81.5,42.1,46.6,4.4,15.5,0.45,0.83,60.0,74.2,49.0,HIGH,HIGH
12.0,50.8,93.7,36.4,71.0,6.1,27.7,0.73,0.32,90.0,81.4,82.0,MEDIUM,MEDIUM
16.0,74.8,47.7,40.6,53.4,5.7,18.1,0.39,0.38,90.0,51.8,69.0,MEDIUM,MEDIUM
8.0,56.2,51.3,31.6,45.8,3.0,5.8,0.76,0.31,60.0,82.2,55.0,LOW,HIGH
12.0,59.1,67.6,41.7,22.5,4.0,17.3,0.81,0.28,60.0,78.8,51.0,HIGH,HIGH
12.0,68.3,74.6,43.2,33.6,2.0,7.1,0.34,0.83,120.0,69.1,97.0,HIGH,HIGH
12.0,33.0,52.1,38.5,20.8,2.9,23.5,0.73,0.4,90.0,86.2,84.0,HIGH,HIGH
12.0,68.6,87.4,29.7,83.1,5.2,29.1,0.95,0.72,120.0,55.9,96.0,MEDIUM,HIGH
8.0,66.6,63.6,42.8,23.9,2.3,12.1,0.39,0.51,90.0,66.9,72.0,HIGH,HIGH
12.0,49.4,56.1,41.1,64.4,2.9,14.2,0.91,0.66,60.0,82.7,53.0,HIGH,HIGH
12.0,36.8,69.6,40.4,42.2,6.0,13.8,0.69,0.87,60.0,73.3,52.0,HIGH,HIGH
12.0,37.1,90.7,28.6,31.9,5.4,10.0,0.68,0.81,90.0,84.0,84.0,LOW,HIGH
16.0,83.7,79.8,41.2,68.3,5.2,24.2,0.29,0.25,60.0,45.8,43.0,MEDIUM,LOW
12.0,70.6,27.8,30.3,52.2,5.6,19.3,0.8,0.81,60.0,52.3,47.0,MEDIUM,HIGH
16.0,39.1,47.9,31.7,47.2,5.1,3.8,0.6,0.53,60.0,85.1,56.0,LOW,HIGH
8.0,52.0,57.5,37.5,64.2,2.3,25.5,0.78,0.45,120.0,87.5,113.0,HIGH,HIGH
12.0,65.2,46.7,32.4,55.2,4.1,7.2,0.84,0.68,60.0,72.9,53.0,MEDIUM,HIGH
16.0,78.8,73.3,38.9,38.7,3.8,29.4,0.63,0.88,60.0,78.9,54.0,HIGH,HIGH
8.0,34.4,82.0,38.0,61.2,3.2,12.5,0.44,0.27,90.0,92.2,87.0,MEDIUM,MEDIUM
8.0,45.3,75.5,29.8,70.9,5.5,19.3,0.35,0.75,120.0,69.2,103.0,LOW,MEDIUM
12.0,81.8,93.3,38.8,14.3,3.8,4.2,0.37,0.35,120.0,49.2,93.0,MEDIUM,HIGH
8.0,32.5,43.8,43.2,53.0,2.1,11.7,0.88,0.47,90.0,68.0,71.0,HIGH,HIGH
12.0,43.3,85.4,30.7,17.1,3.0,24.5,0.34,0.83,60.0,81.6,55.0,LOW,HIGH
16.0,85.7,77.9,37.9,28.4,2.8,15.4,0.53,0.59,60.0,79.0,54.0,MEDIUM,HIGH
12.0,66.4,50.0,33.6,61.3,5.7,27.3,0.49,0.25,120.0,61.0,99.0,LOW,MEDIUM
12.0,46.7,75.7,35.6,88.2,4.6,18.1,0.88,0.57,60.0,83.9,56.0,MEDIUM,HIGH
12.0,35.8,32.2,32.7,89.7,4.3,28.0,0.6,0.77,90.0,84.3,84.0,MEDIUM,MEDIUM
12.0,33.6,79.5,33.8,18.2,4.0,29.5,0.98,0.58,60.0,80.3,55.0,MEDIUM,HIGH
8.0,45.7,61.7,28.5,48.9,4.7,14.7,0.79,0.32,60.0,85.3,56.0,LOW,HIGH
12.0,81.4,45.2,44.2,63.3,5.1,17.8,0.87,0.52,90.0,18.0,49.0,HIGH,HIGH
12.0,55.3,70.2,38.3,24.9,4.2,25.4,0.32,0.87,90.0,82.6,83.0,MEDIUM,HIGH
12.0,72.3,69.3,36.3,79.4,5.9,8.2,0.43,0.67,120.0,43.9,90.0,MEDIUM,MEDIUM
8.0,83.4,39.5,34.3,77.5,6.1,26.1,0.35,0.73,90.0,18.0,57.0,MEDIUM,MEDIUM
12.0,54.9,27.1,36.9,91.5,6.2,18.6,0.59,0.77,90.0,75.7,80.0,MEDIUM,MEDIUM
8.0,42.7,54.9,34.3,12.7,4.7,22.3,0.77,0.27,90.0,75.6,80.0,MEDIUM,HIGH
8.0,61.0,64.3,33.9,31.1,5.9,4.2,0.37,0.62,90.0,45.5,68.0,LOW,HIGH
16.0,82.9,85.5,35.7,84.8,3.6,23.5,0.35,0.47,60.0,76.4,54.0,MEDIUM,LOW
12.0,77.0,89.0,32.6,71.0,5.6,10.7,0.7,0.3,120.0,35.5,85.0,LOW,MEDIUM
8.0,35.7,61.5,31.0,90.7,5.8,24.5,0.42,0.35,90.0,78.2,81.0,LOW,LOW
8.0,70.8,77.0,37.2,17.0,5.8,16.3,0.6,0.76,120.0,28.0,81.0,MEDIUM,HIGH
8.0,64.0,55.3,41.9,64.5,5.5,9.7,0.29,0.32,90.0,42.4,63.0,HIGH,LOW
12.0,82.8,76.5,30.5,62.1,3.6,28.7,0.75,0.42,60.0,59.0,49.0,LOW,HIGH
8.0,38.9,39.1,28.5,15.1,2.5,23.4,0.65,0.41,60.0,81.7,55.0,LOW,HIGH
8.0,61.9,50.6,32.1,57.2,3.3,29.6,0.72,0.24,60.0,82.7,55.0,LOW,MEDIUM
12.0,81.2,68.8,44.2,65.6,5.2,12.2,0.45,0.53,60.0,18.0,30.0,HIGH,MEDIUM
12.0,55.0,26.3,41.7,28.8,2.8,20.2,0.45,0.75,60.0,80.4,52.0,HIGH,HIGH
12.0,59.0,74.8,37.8,36.1,3.9,19.1,0.83,0.22,90.0,85.2,84.0,MEDIUM,HIGH
12.0,35.9,82.7,43.3,68.4,4.3,21.3,0.77,0.28,60.0,68.9,46.0,HIGH,MEDIUM
8.0,47.6,52.5,35.3,53.2,4.5,3.1,0.67,0.72,60.0,85.0,56.0,MEDIUM,HIGH
16.0,50.2,55.9,44.2,87.5,5.9,10.2,0.71,0.63,120.0,61.7,92.0,HIGH,MEDIUM
16.0,84.9,83.7,32.9,42.1,4.7,27.5,0.32,0.71,60.0,54.4,48.0,LOW,HIGH
16.0,47.8,78.5,32.0,35.5,5.3,13.9,0.88,0.37,120.0,84.5,112.0,LOW,HIGH
16.0,57.8,44.9,38.5,98.7,4.4,28.9,0.81,0.78,60.0,79.8,55.0,HIGH,MEDIUM
16.0,69.6,47.4,34.2,92.2,5.5,8.0,0.68,0.55,90.0,78.3,81.0,MEDIUM,MEDIUM
12.0,41.1,71.8,38.3,14.6,3.0,29.9,0.92,0.64,60.0,78.1,54.0,HIGH,HIGH
8.0,59.2,63.9,33.0,79.8,2.7,21.5,0.37,0.27,90.0,87.3,85.0,LOW,LOW
12.0,73.4,36.2,38.2,21.7,5.9,23.7,0.75,0.35,90.0,41.3,66.0,MEDIUM,HIGH
12.0,80.5,46.4,32.5,14.4,4.9,13.1,0.95,0.76,120.0,39.5,87.0,MEDIUM,HIGH
12.0,67.1,87.1,28.8,36.1,4.8,27.4,0.48,0.36,60.0,74.5,53.0,LOW,HIGH
12.0,69.5,72.5,43.1,35.7,3.9,17.3,0.26,0.27,60.0,70.8,47.0,HIGH,MEDIUM
8.0,39.1,93.0,42.6,84.1,3.5,21.1,0.79,0.63,120.0,66.7,97.0,HIGH,HIGH
12.0,85.0,77.9,44.0,74.5,4.2,4.7,0.26,0.59,60.0,27.4,33.0,HIGH,LOW
16.0,39.4,90.0,39.8,98.4,2.3,19.7,0.89,0.64,60.0,76.3,54.0,HIGH,MEDIUM
12.0,75.4,39.9,39.3,74.6,3.8,26.6,0.29,0.65,60.0,70.2,52.0,MEDIUM,MEDIUM
12.0,46.8,78.2,37.2,48.8,3.8,7.0,0.73,0.56,60.0,86.5,56.0,MEDIUM,HIGH
12.0,84.3,26.4,30.1,73.5,4.2,22.7,0.53,0.56,60.0,51.7,47.0,LOW,MEDIUM
12.0,72.3,71.3,31.1,100.0,4.6,2.7,0.4,0.87,60.0,68.1,51.0,LOW,MEDIUM
16.0,74.2,57.4,32.8,74.5,6.0,27.9,0.91,0.58,60.0,56.1,48.0,MEDIUM,HIGH
12.0,44.3,48.9,42.7,79.0,4.7,29.5,0.79,0.64,60.0,75.2,48.0,HIGH,HIGH
12.0,56.8,84.5,30.9,94.6,5.7,11.9,0.5,0.39,60.0,79.5,54.0,LOW,LOW
12.0,66.6,83.9,43.2,22.0,4.2,5.0,0.46,0.83,90.0,68.1,71.0,HIGH,HIGH
12.0,75.1,26.5,36.6,74.0,4.6,20.4,0.79,0.22,120.0,62.3,100.0,MEDIUM,MEDIUM
8.0,37.8,67.1,39.8,86.9,2.1,2.8,0.86,0.6,60.0,75.7,53.0,HIGH,HIGH
12.0,85.9,50.4,29.8,96.0,2.4,15.5,0.77,0.48,90.0,73.3,79.0,LOW,MEDIUM
12.0,81.9,53.7,32.4,30.6,4.4,9.6,0.72,0.63,120.0,51.7,94.0,MEDIUM,HIGH
12.0,47.1,82.4,43.8,56.3,3.5,15.3,0.42,0.46,90.0,68.0,70.0,HIGH,MEDIUM
12.0,78.1,46.4,32.4,71.9,5.3,2.5,0.87,0.72,120.0,38.5,87.0,MEDIUM,HIGH
16.0,61.0,90.1,32.9,33.8,4.2,3.4,0.8,0.21,60.0,82.4,55.0,MEDIUM,HIGH
8.0,57.9,37.4,31.3,64.8,5.7,2.4,0.63,0.49,90.0,48.8,69.0,LOW,MEDIUM
16.0,49.6,70.7,30.1,34.7,6.1,19.3,0.62,0.8,90.0,83.4,83.0,LOW,HIGH
12.0,64.5,71.4,31.8,41.3,2.4,17.7,0.67,0.38,60.0,83.1,55.0,LOW,HIGH
12.0,72.9,42.4,38.6,50.9,3.5,8.5,0.85,0.24,90.0,75.0,80.0,MEDIUM,HIGH
8.0,55.0,47.4,35.5,58.6,4.7,20.1,0.79,0.56,90.0,66.4,76.0,MEDIUM,HIGH
12.0,67.2,82.6,37.1,51.5,3.1,26.8,0.88,0.9,60.0,80.3,55.0,HIGH,HIGH
12.0,71.2,77.6,30.0,55.4,3.0,9.8,0.62,0.25,60.0,84.9,56.0,LOW,MEDIUM
8.0,71.8,47.7,41.2,38.3,5.4,25.3,0.71,0.25,90.0,32.8,61.0,HIGH,HIGH
12.0,34.9,61.8,40.9,26.0,6.1,20.6,0.87,0.63,90.0,70.9,77.0,HIGH,HIGH
16.0,80.1,29.3,28.4,16.2,5.2,2.9,0.42,0.38,90.0,52.7,71.0,LOW,HIGH
8.0,57.7,39.4,34.3,29.2,4.1,12.5,0.57,0.5,90.0,75.9,80.0,MEDIUM,HIGH
12.0,46.7,58.5,29.1,63.2,3.7,16.2,0.7,0.8,60.0,86.8,56.0,MEDIUM,HIGH
12.0,45.5,30.9,41.1,81.2,4.2,22.5,0.92,0.34,60.0,86.4,54.0,HIGH,HIGH
12.0,59.0,83.2,40.2,26.9,3.8,10.0,0.26,0.72,120.0,79.5,109.0,MEDIUM,HIGH
12.0,81.7,74.5,42.9,21.6,4.0,29.5,0.41,0.56,120.0,45.2,85.0,HIGH,HIGH
8.0,53.2,90.1,31.9,77.9,2.7,21.2,0.42,0.85,90.0,80.7,82.0,LOW,MEDIUM
8.0,74.0,72.8,35.5,38.9,5.8,12.4,0.49,0.9,120.0,26.9,81.0,MEDIUM,HIGH
8.0,37.4,89.9,31.0,95.7,5.1,4.7,0.46,0.55,120.0,83.2,111.0,LOW,LOW
8.0,58.7,63.3,34.1,74.9,4.8,7.1,0.68,0.62,60.0,65.1,51.0,MEDIUM,HIGH
12.0,87.5,66.4,36.6,40.8,6.0,15.7,0.9,0.74,60.0,18.0,38.0,HIGH,HIGH
16.0,75.1,92.4,28.9,37.5,3.1,15.9,0.71,0.43,60.0,78.5,54.0,LOW,HIGH
16.0,43.8,69.3,39.8,58.1,2.2,23.5,0.43,0.36,60.0,81.4,55.0,MEDIUM,MEDIUM
12.0,60.1,27.1,37.0,19.0,5.4,22.3,0.88,0.89,90.0,70.7,78.0,HIGH,HIGH
8.0,45.1,74.9,41.7,22.4,6.2,7.6,0.71,0.51,60.0,48.5,43.0,HIGH,HIGH
12.0,54.9,87.5,32.5,27.5,4.3,18.7,0.41,0.2,120.0,87.5,113.0,LOW,MEDIUM
12.0,75.7,79.9,42.9,80.2,2.1,2.6,0.51,0.8,90.0,68.2,72.0,HIGH,MEDIUM
8.0,75.2,65.3,44.5,57.2,5.2,13.2,0.83,0.63,90.0,18.0,49.0,HIGH,HIGH
12.0,44.8,71.3,43.2,12.9,2.1,23.4,0.79,0.32,60.0,64.9,45.0,HIGH,HIGH
12.0,83.6,93.3,40.8,71.3,4.2,13.2,0.67,0.22,60.0,38.0,42.0,HIGH,MEDIUM
12.0,65.2,31.3,41.4,49.3,3.0,25.4,0.36,0.41,90.0,82.6,80.0,MEDIUM,MEDIUM
12.0,53.3,71.0,37.5,57.0,5.8,29.3,0.84,0.87,90.0,76.9,81.0,HIGH,HIGH
16.0,60.1,44.6,31.1,30.8,3.8,19.0,0.47,0.87,120.0,84.8,112.0,MEDIUM,HIGH
12.0,65.9,69.2,39.2,60.6,5.8,6.1,0.81,0.42,90.0,56.6,72.0,HIGH,HIGH
12.0,63.4,66.9,39.8,98.2,3.1,12.6,0.72,0.8,60.0,79.6,54.0,HIGH,MEDIUM
16.0,59.2,35.6,44.3,18.5,3.5,2.3,0.44,0.52,60.0,60.5,42.0,HIGH,HIGH
16.0,60.3,39.3,36.9,37.0,6.0,18.9,0.41,0.67,120.0,87.4,113.0,MEDIUM,HIGH
12.0,41.9,67.9,32.5,33.4,2.7,25.0,0.35,0.44,60.0,93.1,58.0,LOW,MEDIUM
12.0,77.5,33.8,39.3,33.9,4.3,19.6,0.43,0.57,90.0,60.1,74.0,MEDIUM,HIGH
12.0,62.3,43.3,44.2,45.3,3.5,24.0,0.37,0.41,90.0,64.6,68.0,HIGH,MEDIUM
16.0,39.3,82.6,30.9,84.0,5.2,24.4,0.7,0.24,60.0,88.8,57.0,LOW,MEDIUM
16.0,74.9,47.6,33.4,92.3,2.4,25.8,0.69,0.3,60.0,88.4,57.0,LOW,MEDIUM
8.0,84.2,58.7,36.9,29.8,3.7,9.5,0.68,0.41,120.0,43.7,90.0,MEDIUM,HIGH
12.0,85.0,89.9,30.8,59.8,4.9,26.4,0.72,0.9,120.0,29.3,82.0,MEDIUM,HIGH
12.0,52.7,40.7,28.4,68.0,3.6,20.3,0.84,0.9,120.0,82.4,110.0,LOW,HIGH
12.0,39.6,51.9,33.6,57.9,2.1,10.1,0.92,0.8,60.0,83.1,55.0,MEDIUM,HIGH
8.0,61.0,66.8,42.3,50.2,4.9,29.6,0.42,0.37,60.0,50.4,43.0,HIGH,MEDIUM
16.0,38.3,77.1,28.7,28.9,4.0,28.6,0.68,0.52,120.0,87.0,113.0,LOW,HIGH
12.0,84.3,87.2,35.1,55.0,1.8,18.1,0.31,0.52,60.0,75.4,53.0,LOW,MEDIUM
16.0,42.3,88.2,40.6,47.3,4.5,25.6,0.34,0.48,90.0,79.7,81.0,MEDIUM,MEDIUM
16.0,46.2,78.6,43.7,82.0,5.8,9.3,0.73,0.23,60.0,65.9,44.0,HIGH,MEDIUM
12.0,54.8,40.8,44.3,79.2,2.3,13.6,0.61,0.58,90.0,60.1,66.0,HIGH,MEDIUM
12.0,53.5,26.7,35.0,23.8,4.4,7.2,0.8,0.25,60.0,88.8,57.0,MEDIUM,HIGH
12.0,76.5,51.5,43.7,19.8,5.0,16.6,0.56,0.78,120.0,27.0,74.0,HIGH,HIGH
8.0,57.6,34.8,28.6,91.9,2.1,15.9,0.34,0.7,120.0,87.7,113.0,LOW,LOW
12.0,41.6,74.0,40.3,59.1,1.9,8.0,0.89,0.45,60.0,77.6,53.0,HIGH,HIGH
8.0,47.0,70.6,38.6,87.5,3.8,20.8,0.31,0.67,60.0,79.1,54.0,MEDIUM,LOW
12.0,60.5,28.0,32.1,17.1,5.3,5.3,0.39,0.37,90.0,74.3,80.0,LOW,HIGH
8.0,40.3,82.7,36.4,58.3,2.5,3.7,0.45,0.39,60.0,86.5,56.0,MEDIUM,MEDIUM
8.0,66.3,42.2,30.1,59.5,5.5,12.8,0.98,0.43,120.0,39.8,87.0,MEDIUM,HIGH
8.0,63.7,54.8,42.4,87.7,4.7,13.5,0.55,0.77,60.0,45.9,41.0,HIGH,MEDIUM
8.0,72.0,71.1,33.9,20.6,3.3,11.0,0.62,0.35,60.0,71.4,52.0,MEDIUM,HIGH
12.0,84.5,54.6,38.3,33.2,4.1,9.2,0.81,0.61,90.0,46.8,68.0,HIGH,HIGH
12.0,83.1,55.4,30.6,47.8,6.0,11.5,0.71,0.34,90.0,19.9,58.0,LOW,HIGH
12.0,85.0,29.5,31.4,88.2,2.8,6.6,0.86,0.41,60.0,70.6,52.0,MEDIUM,MEDIUM
8.0,45.7,52.7,44.4,94.6,4.0,13.3,0.61,0.37,60.0,54.6,40.0,HIGH,MEDIUM
8.0,39.4,77.8,40.4,99.4,4.5,27.3,0.96,0.66,60.0,69.9,51.0,HIGH,HIGH
8.0,48.9,88.1,43.9,96.4,2.4,8.3,0.83,0.58,60.0,58.3,42.0,HIGH,MEDIUM
8.0,82.1,53.5,32.9,12.5,2.0,21.2,0.54,0.72,60.0,67.0,51.0,MEDIUM,HIGH
16.0,86.4,54.2,30.7,16.2,1.9,6.0,0.53,0.36,120.0,73.6,106.0,LOW,HIGH
8.0,80.1,73.5,36.3,25.0,3.2,11.9,0.93,0.21,60.0,58.9,49.0,MEDIUM,HIGH
12.0,38.2,90.1,36.2,42.7,2.1,11.0,0.75,0.69,60.0,82.1,55.0,HIGH,HIGH
8.0,85.1,43.4,30.9,85.0,5.3,28.2,0.7,0.28,90.0,20.7,58.0,LOW,MEDIUM
8.0,55.7,55.4,40.1,90.6,6.2,14.0,0.8,0.38,60.0,35.2,42.0,HIGH,MEDIUM
12.0,32.5,79.9,34.0,28.4,2.1,21.3,0.66,0.42,120.0,83.6,111.0,MEDIUM,HIGH
12.0,56.8,67.1,31.1,66.5,3.7,18.9,0.37,0.74,90.0,83.6,83.0,LOW,MEDIUM
8.0,34.6,32.6,33.5,92.7,1.9,5.9,0.48,0.65,60.0,88.1,57.0,MEDIUM,MEDIUM
8.0,62.5,68.3,37.3,52.8,2.4,28.3,0.66,0.33,120.0,83.0,111.0,MEDIUM,HIGH
12.0,51.0,37.9,40.0,21.1,3.2,11.7,0.26,0.63,60.0,81.5,55.0,MEDIUM,HIGH
8.0,58.5,60.2,36.0,52.3,3.5,3.3,0.57,0.71,90.0,79.4,82.0,MEDIUM,HIGH
8.0,66.3,61.5,36.7,45.1,5.9,10.4,0.8,0.48,120.0,31.6,83.0,MEDIUM,HIGH
16.0,80.7,85.5,30.3,62.8,3.5,11.4,0.37,0.38,120.0,82.5,111.0,LOW,MEDIUM
12.0,69.1,56.9,43.1,50.6,4.0,4.6,0.3,0.69,60.0,68.2,46.0,HIGH,MEDIUM
12.0,56.3,44.3,43.3,13.5,2.9,19.4,0.86,0.64,60.0,60.1,43.0,HIGH,HIGH
12.0,77.9,40.9,39.3,99.5,1.8,11.7,0.7,0.26,60.0,83.8,56.0,MEDIUM,LOW
12.0,82.7,85.3,28.3,59.8,5.8,19.6,0.38,0.68,90.0,27.6,61.0,LOW,MEDIUM
12.0,38.7,36.8,36.9,53.7,2.2,2.2,0.84,0.55,120.0,87.7,113.0,MEDIUM,HIGH
12.0,61.8,54.4,38.4,96.0,6.0,29.5,0.73,0.74,60.0,60.5,49.0,MEDIUM,MEDIUM
12.0,47.9,37.9,44.4,25.7,2.4,6.8,0.49,0.34,60.0,61.9,42.0,HIGH,HIGH
8.0,34.6,78.4,44.4,28.7,4.5,20.5,0.52,0.39,90.0,60.0,66.0,HIGH,HIGH
12.0,69.4,57.7,42.2,83.1,6.2,22.0,0.36,0.59,60.0,37.6,39.0,HIGH,MEDIUM
12.0,80.3,49.2,29.1,35.0,2.4,6.8,0.86,0.55,60.0,83.2,55.0,LOW,HIGH
16.0,41.1,49.9,43.7,82.3,3.7,5.1,0.62,0.48,60.0,62.6,43.0,HIGH,MEDIUM
12.0,77.5,83.8,38.1,35.9,5.2,6.3,0.66,0.74,60.0,46.5,46.0,HIGH,HIGH
12.0,79.8,63.2,41.2,14.9,1.9,8.9,0.89,0.61,120.0,74.0,104.0,HIGH,HIGH
8.0,83.2,74.5,34.7,57.5,4.8,6.7,0.26,0.71,120.0,35.4,85.0,MEDIUM,MEDIUM
12.0,46.9,86.9,33.3,29.3,2.2,20.9,0.3,0.31,60.0,90.1,57.0,LOW,MEDIUM
8.0,82.6,87.2,35.6,78.7,2.8,13.8,0.37,0.72,120.0,65.7,101.0,MEDIUM,MEDIUM
12.0,50.0,47.7,30.4,68.4,2.5,17.1,0.27,0.53,60.0,88.1,57.0,LOW,MEDIUM
8.0,62.9,90.7,33.9,93.3,5.8,3.3,0.73,0.22,120.0,41.1,88.0,LOW,MEDIUM
12.0,34.8,26.7,42.2,80.9,2.6,26.1,0.71,0.37,60.0,76.9,50.0,HIGH,MEDIUM
8.0,34.5,51.0,28.6,27.9,2.0,6.8,0.4,0.22,90.0,90.4,86.0,LOW,MEDIUM
12.0,72.3,86.8,30.5,82.4,4.4,12.1,0.36,0.53,60.0,72.5,53.0,LOW,LOW
16.0,56.9,43.9,30.1,68.5,3.3,4.0,0.36,0.43,60.0,94.7,59.0,LOW,MEDIUM
8.0,46.4,43.8,34.7,70.9,3.6,5.8,0.95,0.91,120.0,80.3,109.0,MEDIUM,HIGH
12.0,42.7,45.9,44.5,85.2,2.3,20.6,0.76,0.83,60.0,58.4,41.0,HIGH,HIGH
12.0,69.5,67.2,30.9,62.5,5.1,21.4,0.68,0.79,120.0,60.7,99.0,MEDIUM,HIGH
8.0,32.0,55.2,30.4,53.0,4.4,21.0,0.49,0.56,60.0,86.7,56.0,LOW,MEDIUM
12.0,77.1,75.1,43.1,68.0,3.4,17.5,0.57,0.78,60.0,58.3,43.0,HIGH,HIGH
8.0,36.4,86.7,42.6,38.2,2.6,28.7,0.32,0.39,120.0,79.8,104.0,HIGH,MEDIUM
12.0,42.7,71.5,28.5,28.1,4.4,16.2,0.98,0.6,90.0,83.1,83.0,MEDIUM,HIGH
12.0,53.6,39.1,40.4,66.3,5.2,14.6,0.8,0.48,60.0,74.0,52.0,HIGH,HIGH
12.0,59.2,89.4,38.8,32.6,3.2,8.9,0.7,0.32,60.0,78.9,54.0,MEDIUM,HIGH
12.0,51.9,43.3,40.7,19.0,1.9,4.8,0.68,0.25,90.0,80.8,81.0,MEDIUM,HIGH
12.0,50.0,35.3,36.2,12.0,2.7,17.3,0.62,0.6,60.0,78.2,54.0,MEDIUM,HIGH
8.0,86.0,31.2,44.4,65.5,4.8,10.8,0.44,0.27,60.0,18.0,30.0,HIGH,MEDIUM
12.0,67.9,63.9,28.7,43.9,6.2,16.7,0.42,0.72,90.0,48.7,69.0,LOW,HIGH
12.0,33.3,32.8,31.9,78.2,1.9,7.8,0.65,0.86,90.0,86.1,84.0,MEDIUM,HIGH
16.0,56.1,34.6,34.5,45.0,3.1,25.5,0.3,0.32,120.0,88.6,114.0,LOW,MEDIUM
16.0,81.0,45.7,35.4,54.8,2.1,30.0,0.3,0.54,90.0,90.1,86.0,MEDIUM,MEDIUM
16.0,48.9,44.4,43.2,47.8,3.2,11.0,0.66,0.73,60.0,69.6,46.0,HIGH,HIGH
12.0,37.3,66.7,37.2,69.3,3.6,25.6,0.92,0.41,60.0,83.7,56.0,MEDIUM,HIGH
12.0,74.5,81.4,28.7,43.3,5.9,26.4,0.92,0.86,60.0,39.1,44.0,MEDIUM,HIGH
12.0,65.9,77.5,34.7,96.8,2.2,29.9,0.26,0.84,60.0,90.2,57.0,MEDIUM,LOW
12.0,63.9,43.1,34.9,94.4,5.2,11.6,0.33,0.27,60.0,74.4,53.0,LOW,LOW
8.0,35.0,41.9,43.9,86.6,3.5,23.2,0.68,0.22,90.0,62.4,68.0,HIGH,MEDIUM
16.0,39.9,91.6,37.9,93.0,5.4,8.4,0.87,0.9,120.0,76.3,107.0,HIGH,HIGH
16.0,66.9,25.6,38.5,51.5,4.1,19.5,0.95,0.89,90.0,77.7,81.0,HIGH,HIGH
12.0,43.6,85.7,39.8,59.2,2.0,21.7,0.88,0.5,90.0,75.8,80.0,HIGH,HIGH
8.0,60.2,38.8,40.7,77.3,6.0,22.8,0.74,0.24,60.0,35.5,41.0,HIGH,MEDIUM
12.0,62.5,90.4,38.5,73.3,2.2,7.8,0.4,0.65,90.0,84.4,84.0,MEDIUM,MEDIUM
16.0,47.9,48.6,31.9,90.4,4.4,25.8,0.3,0.41,90.0,86.4,84.0,LOW,LOW
16.0,85.1,55.4,42.4,75.0,5.7,13.8,0.28,0.87,90.0,22.7,54.0,HIGH,MEDIUM
8.0,79.2,73.8,40.1,99.8,2.2,8.1,0.7,0.77,60.0,67.2,51.0,HIGH,MEDIUM
8.0,72.5,65.5,40.2,42.7,4.2,17.2,0.28,0.67,90.0,50.5,70.0,MEDIUM,MEDIUM
16.0,36.4,46.9,44.4,85.3,5.4,26.2,0.79,0.4,90.0,57.6,65.0,HIGH,MEDIUM
12.0,37.9,63.2,41.2,73.4,6.1,29.1,0.77,0.7,60.0,79.3,52.0,HIGH,HIGH
12.0,59.6,75.4,41.7,72.8,5.0,22.9,0.31,0.41,60.0,82.8,52.0,HIGH,LOW
16.0,41.0,27.9,43.7,40.7,3.0,2.2,0.91,0.23,90.0,65.8,69.0,HIGH,HIGH
8.0,86.8,25.8,30.5,81.1,4.9,5.8,0.63,0.57,90.0,23.3,59.0,LOW,MEDIUM
12.0,40.9,56.6,36.2,91.2,4.9,4.1,0.91,0.55,90.0,83.7,83.0,MEDIUM,HIGH
8.0,59.3,34.1,37.6,31.2,4.9,4.8,0.91,0.75,60.0,55.2,48.0,HIGH,HIGH
12.0,52.4,70.8,33.4,67.0,5.6,12.7,0.39,0.82,60.0,82.5,55.0,MEDIUM,MEDIUM
16.0,67.8,39.8,41.9,46.5,2.2,11.5,0.53,0.46,60.0,80.3,51.0,HIGH,HIGH
12.0,39.2,54.9,40.6,99.1,2.3,5.2,0.35,0.52,60.0,78.5,53.0,MEDIUM,LOW
16.0,56.1,38.6,39.9,54.1,4.6,26.7,0.82,0.54,90.0,78.4,81.0,HIGH,HIGH
12.0,47.4,62.8,44.5,32.1,6.0,19.2,0.62,0.43,120.0,53.1,87.0,HIGH,HIGH
12.0,81.7,33.0,32.3,45.6,3.8,24.3,0.93,0.74,90.0,58.1,73.0,MEDIUM,HIGH
8.0,34.3,26.6,40.1,69.5,6.0,12.4,0.4,0.58,120.0,71.3,104.0,MEDIUM,MEDIUM
12.0,83.2,28.5,37.1,18.7,5.9,13.5,0.75,0.86,60.0,23.0,39.0,HIGH,HIGH
12.0,78.6,90.8,33.2,65.1,5.8,10.9,0.97,0.67,60.0,27.4,40.0,MEDIUM,HIGH
8.0,48.7,34.8,30.6,93.9,5.8,14.3,0.74,0.35,60.0,60.4,49.0,LOW,MEDIUM
12.0,76.2,73.9,42.8,86.8,5.8,19.1,0.3,0.32,90.0,33.4,58.0,HIGH,LOW
12.0,33.7,29.7,37.8,18.0,5.4,15.8,0.68,0.47,60.0,88.4,57.0,MEDIUM,HIGH
12.0,86.1,32.5,41.6,99.4,4.9,25.5,0.38,0.45,90.0,31.3,59.0,HIGH,LOW
12.0,61.5,60.1,37.0,73.5,1.9,27.2,0.27,0.49,60.0,91.3,58.0,MEDIUM,LOW
12.0,49.0,57.1,31.6,26.3,2.4,15.2,0.49,0.33,60.0,89.9,57.0,LOW,HIGH
8.0,52.3,90.7,33.6,13.1,2.4,8.7,0.44,0.9,60.0,79.3,54.0,MEDIUM,HIGH
8.0,35.7,90.2,34.3,27.1,1.9,28.5,0.83,0.3,60.0,86.0,56.0,MEDIUM,HIGH
12.0,87.4,78.8,44.1,85.8,2.3,22.6,0.52,0.67,90.0,47.3,61.0,HIGH,MEDIUM
12.0,34.2,66.5,28.1,13.9,5.8,19.9,0.79,0.21,90.0,80.8,82.0,LOW,HIGH
8.0,68.7,56.4,44.3,32.5,4.7,22.9,0.26,0.49,60.0,30.5,34.0,HIGH,MEDIUM
16.0,56.8,49.6,44.2,78.6,3.2,4.1,0.26,0.42,90.0,65.3,68.0,HIGH,LOW
12.0,85.1,90.3,44.4,63.6,5.3,3.9,0.27,0.48,90.0,18.0,49.0,HIGH,MEDIUM
12.0,45.8,66.6,35.9,80.9,3.9,6.3,0.41,0.56,90.0,84.8,84.0,MEDIUM,MEDIUM
8.0,61.8,65.0,43.9,77.7,2.4,6.1,0.52,0.63,60.0,61.3,43.0,HIGH,MEDIUM
12.0,59.0,41.0,34.5,16.5,5.7,13.8,0.69,0.62,90.0,72.3,79.0,MEDIUM,HIGH
12.0,71.4,28.2,28.4,90.5,3.3,6.4,0.97,0.65,60.0,72.8,53.0,LOW,HIGH
12.0,35.8,90.2,31.7,32.0,4.9,25.9,0.51,0.81,60.0,85.5,56.0,MEDIUM,HIGH
12.0,42.9,46.6,43.6,60.7,3.1,18.2,0.29,0.84,60.0,66.7,45.0,HIGH,MEDIUM
16.0,44.0,55.5,28.2,68.7,4.0,12.3,0.39,0.73,90.0,85.4,84.0,LOW,MEDIUM
12.0,73.3,32.9,37.0,26.8,5.4,3.9,0.91,0.26,90.0,49.7,70.0,MEDIUM,HIGH
8.0,42.6,82.7,29.2,97.9,2.5,18.5,0.76,0.89,120.0,80.9,110.0,LOW,HIGH
12.0,64.1,26.9,32.7,55.0,6.1,5.3,0.83,0.88,90.0,53.1,71.0,MEDIUM,HIGH
12.0,44.1,82.5,29.5,17.1,2.1,22.8,0.34,0.71,120.0,81.7,110.0,LOW,HIGH
12.0,80.3,34.7,42.2,94.5,4.1,24.5,0.35,0.57,90.0,50.8,66.0,HIGH,LOW
8.0,84.8,86.2,37.8,63.6,5.8,17.2,0.33,0.38,60.0,18.0,38.0,MEDIUM,MEDIUM
8.0,61.0,75.4,42.9,73.5,6.0,6.2,0.88,0.74,90.0,19.9,52.0,HIGH,HIGH
16.0,51.7,36.4,39.4,58.2,2.8,24.0,0.4,0.83,60.0,82.2,55.0,MEDIUM,HIGH
12.0,45.1,64.0,44.0,85.5,2.4,10.6,0.72,0.68,90.0,59.2,66.0,HIGH,MEDIUM
16.0,34.8,46.6,36.4,14.9,5.0,8.2,0.63,0.65,90.0,83.5,83.0,MEDIUM,HIGH
12.0,47.0,37.3,38.5,35.6,2.0,15.2,0.65,0.34,90.0,80.7,82.0,MEDIUM,HIGH
12.0,68.6,84.3,37.5,53.3,3.9,27.8,0.39,0.46,60.0,88.0,57.0,MEDIUM,MEDIUM
12.0,61.9,52.8,36.0,18.7,5.3,10.3,0.71,0.72,90.0,68.3,77.0,MEDIUM,HIGH
16.0,84.9,52.5,42.0,74.1,4.3,27.4,0.28,0.21,60.0,53.8,44.0,HIGH,LOW
12.0,54.2,36.7,38.6,46.6,2.6,3.5,0.98,0.66,60.0,79.3,54.0,HIGH,HIGH
12.0,70.9,51.4,41.2,36.0,3.9,4.3,0.27,0.75,90.0,78.8,79.0,MEDIUM,HIGH
8.0,59.4,85.1,41.0,12.3,5.9,21.6,0.29,0.44,90.0,28.4,59.0,MEDIUM,HIGH
12.0,60.7,50.1,31.2,75.3,4.5,7.3,0.49,0.25,60.0,86.1,56.0,LOW,MEDIUM
12.0,47.0,90.7,38.7,85.4,5.0,10.9,0.86,0.79,90.0,74.6,80.0,HIGH,HIGH
12.0,57.5,90.3,31.3,46.8,3.3,5.8,0.44,0.3,90.0,83.8,83.0,LOW,MEDIUM
8.0,58.4,35.0,37.6,61.7,2.6,11.3,0.59,0.47,60.0,87.9,57.0,MEDIUM,MEDIUM
12.0,71.6,37.2,39.2,32.0,2.9,9.9,0.26,0.71,90.0,80.4,82.0,MEDIUM,HIGH
8.0,84.7,84.5,44.5,66.8,4.1,22.6,0.31,0.79,60.0,18.0,30.0,HIGH,MEDIUM
8.0,50.4,52.1,28.5,13.1,3.0,21.7,0.69,0.82,90.0,76.9,81.0,LOW,HIGH
12.0,34.4,25.3,29.5,55.0,4.2,28.7,0.39,0.58,60.0,87.9,57.0,LOW,MEDIUM
16.0,59.8,43.9,29.3,68.7,4.9,22.3,0.76,0.54,60.0,81.9,55.0,LOW,HIGH
12.0,62.5,66.2,34.6,92.8,5.0,21.5,0.82,0.81,120.0,73.4,106.0,MEDIUM,HIGH
8.0,41.4,80.1,41.6,45.6,2.5,21.4,0.87,0.61,90.0,79.8,79.0,HIGH,HIGH
8.0,74.6,34.2,41.9,79.3,5.1,26.7,0.35,0.62,90.0,34.9,60.0,HIGH,MEDIUM
12.0,87.2,32.6,40.2,64.6,4.8,10.3,0.58,0.51,60.0,27.8,40.0,HIGH,MEDIUM
12.0,85.0,88.6,42.8,93.6,1.9,10.4,0.94,0.47,60.0,66.9,46.0,HIGH,MEDIUM
16.0,43.0,76.8,33.3,47.1,2.1,22.8,0.81,0.55,90.0,83.3,83.0,MEDIUM,HIGH
12.0,81.0,65.7,29.5,40.1,4.6,8.4,0.34,0.46,60.0,54.1,48.0,LOW,MEDIUM
12.0,71.5,78.1,29.0,90.1,3.5,27.5,0.62,0.45,120.0,88.3,114.0,LOW,MEDIUM
12.0,57.4,54.6,42.1,16.3,2.4,17.0,0.92,0.92,60.0,72.4,49.0,HIGH,HIGH
12.0,62.3,77.3,40.1,24.0,2.0,10.4,0.57,0.44,60.0,80.8,55.0,HIGH,HIGH
12.0,79.6,50.7,39.5,19.3,2.5,23.7,0.86,0.38,90.0,75.3,80.0,HIGH,HIGH
16.0,58.9,41.8,33.6,86.2,6.0,10.7,0.61,0.45,90.0,85.3,84.0,LOW,MEDIUM
12.0,52.9,75.3,34.3,12.9,5.0,29.0,0.33,0.63,60.0,79.4,54.0,LOW,HIGH
12.0,59.6,54.0,43.8,87.8,4.1,29.5,0.36,0.86,120.0,60.7,92.0,HIGH,MEDIUM
12.0,64.4,92.7,29.1,51.7,5.9,20.7,0.28,0.77,90.0,57.9,73.0,LOW,MEDIUM
8.0,42.6,49.1,40.8,12.4,4.5,5.2,0.39,0.81,90.0,64.0,74.0,HIGH,HIGH
12.0,82.5,88.6,33.1,47.3,5.0,9.4,0.9,0.82,90.0,32.1,63.0,MEDIUM,HIGH
8.0,69.8,89.4,28.6,28.4,3.0,16.4,0.72,0.86,90.0,70.8,78.0,MEDIUM,HIGH
12.0,67.5,41.7,40.3,66.9,4.4,25.8,0.79,0.37,60.0,66.4,50.0,HIGH,HIGH
12.0,37.6,80.1,33.5,71.8,2.4,7.2,0.7,0.53,90.0,86.3,84.0,MEDIUM,HIGH
12.0,65.8,54.9,39.9,54.9,3.6,4.9,0.53,0.48,90.0,79.3,82.0,MEDIUM,MEDIUM
16.0,38.8,88.3,39.7,15.6,1.9,4.1,0.41,0.47,60.0,73.6,53.0,MEDIUM,HIGH
12.0,36.4,56.1,36.8,69.7,2.8,16.2,0.93,0.67,60.0,83.8,56.0,HIGH,HIGH
12.0,61.5,76.4,40.8,86.1,2.1,26.8,0.63,0.49,90.0,78.6,80.0,HIGH,MEDIUM
8.0,54.6,57.2,37.6,75.4,3.5,3.2,0.6,0.64,60.0,80.6,55.0,MEDIUM,MEDIUM
8.0,65.0,40.7,32.7,85.0,5.5,7.9,0.98,0.48,60.0,39.2,44.0,MEDIUM,HIGH
12.0,37.0,38.8,40.1,29.6,3.5,21.4,0.53,0.42,60.0,78.4,54.0,HIGH,HIGH
12.0,56.1,54.4,37.7,90.2,5.5,25.1,0.87,0.45,60.0,80.7,55.0,MEDIUM,MEDIUM
12.0,41.8,77.1,28.2,40.4,4.7,24.6,0.88,0.78,90.0,85.9,84.0,LOW,HIGH
8.0,87.3,66.7,42.9,13.2,4.0,24.0,0.42,0.63,60.0,18.0,33.0,HIGH,HIGH
12.0,63.4,72.5,37.0,86.2,2.8,5.6,0.32,0.9,60.0,84.6,56.0,MEDIUM,MEDIUM
8.0,70.5,44.5,42.3,94.9,5.9,13.1,0.96,0.8,60.0,18.0,34.0,HIGH,HIGH
16.0,50.2,58.2,42.6,69.7,2.0,29.6,0.56,0.55,60.0,72.5,48.0,HIGH,MEDIUM
8.0,37.3,28.1,35.3,32.4,4.8,29.7,0.25,0.37,90.0,83.6,83.0,LOW,MEDIUM
12.0,86.6,81.4,36.4,34.2,4.5,18.9,0.61,0.69,60.0,42.2,44.0,MEDIUM,HIGH
8.0,48.0,93.3,34.9,53.1,3.7,21.9,0.7,0.72,60.0,71.9,52.0,MEDIUM,HIGH
12.0,55.7,53.1,35.4,91.0,2.9,28.6,0.82,0.53,60.0,84.8,56.0,MEDIUM,MEDIUM
12.0,68.4,25.8,42.8,25.2,3.7,14.6,0.94,0.37,90.0,63.2,70.0,HIGH,HIGH
16.0,33.4,36.7,41.0,84.7,5.6,5.8,0.92,0.6,60.0,83.2,54.0,HIGH,HIGH
16.0,77.4,70.0,30.1,37.6,5.5,20.7,0.94,0.38,120.0,51.7,94.0,LOW,HIGH
12.0,62.0,67.2,38.1,83.2,5.9,28.9,0.27,0.88,60.0,63.9,50.0,MEDIUM,MEDIUM
16.0,47.6,79.4,44.4,93.0,3.2,21.5,0.77,0.65,90.0,56.0,64.0,HIGH,MEDIUM
16.0,35.5,42.5,37.8,49.6,3.5,24.5,0.41,0.41,60.0,90.6,57.0,MEDIUM,MEDIUM
16.0,41.1,77.7,41.0,44.1,1.9,13.8,0.39,0.36,60.0,80.3,53.0,MEDIUM,MEDIUM
16.0,82.1,72.5,40.7,82.6,5.9,4.7,0.83,0.72,90.0,21.7,57.0,HIGH,HIGH
8.0,70.4,47.3,33.8,58.6,3.2,6.7,0.55,0.71,90.0,71.4,78.0,MEDIUM,HIGH
12.0,46.0,62.6,34.1,72.2,3.6,29.5,0.92,0.63,60.0,82.7,55.0,MEDIUM,HIGH
8.0,35.7,35.2,39.9,66.8,5.8,15.8,0.28,0.64,60.0,76.2,54.0,MEDIUM,MEDIUM
8.0,70.7,56.2,36.2,25.5,4.1,2.3,0.84,0.63,60.0,56.7,48.0,MEDIUM,HIGH
16.0,64.1,85.8,37.4,86.3,4.3,28.8,0.35,0.46,120.0,86.6,113.0,MEDIUM,LOW
12.0,54.7,54.1,39.8,29.2,2.6,15.9,0.38,0.87,90.0,79.0,81.0,MEDIUM,HIGH
12.0,52.4,82.9,40.8,94.0,4.0,25.4,0.6,0.55,60.0,76.2,52.0,HIGH,MEDIUM
16.0,44.1,65.7,32.5,34.1,5.8,17.4,0.54,0.21,90.0,90.1,86.0,LOW,HIGH
16.0,69.5,38.2,30.4,76.6,4.3,4.8,0.6,0.45,60.0,84.4,56.0,LOW,MEDIUM
16.0,86.4,65.1,32.8,37.0,2.9,19.2,0.94,0.29,90.0,74.1,80.0,MEDIUM,HIGH
8.0,41.8,59.9,36.4,40.0,1.9,29.9,0.73,0.46,90.0,85.8,84.0,MEDIUM,HIGH
8.0,65.4,52.5,33.6,39.3,3.3,3.0,0.46,0.64,60.0,79.0,54.0,LOW,HIGH
12.0,55.8,33.3,37.4,77.8,4.3,25.6,0.38,0.22,60.0,88.9,57.0,MEDIUM,LOW
8.0,57.0,53.8,28.9,61.0,2.0,8.6,0.56,0.83,120.0,81.8,110.0,LOW,HIGH
8.0,46.2,30.0,36.4,89.7,4.5,13.0,0.58,0.64,90.0,83.5,83.0,MEDIUM,MEDIUM
12.0,78.2,31.8,34.1,39.0,4.1,12.4,0.69,0.41,90.0,61.8,75.0,MEDIUM,HIGH
12.0,59.2,53.7,36.8,72.9,5.2,27.2,0.44,0.42,60.0,79.7,55.0,MEDIUM,MEDIUM
12.0,62.4,46.1,35.0,78.3,1.9,16.1,0.81,0.54,60.0,90.5,57.0,MEDIUM,HIGH
12.0,49.1,88.9,32.7,25.3,5.2,14.5,0.32,0.38,90.0,86.3,84.0,LOW,MEDIUM
12.0,42.2,50.9,42.9,47.3,4.1,24.9,0.66,0.2,90.0,73.0,74.0,HIGH,HIGH
8.0,36.8,77.3,31.0,54.5,3.4,3.4,0.71,0.22,120.0,87.0,113.0,LOW,MEDIUM
8.0,72.0,61.6,39.2,43.3,6.0,4.4,0.4,0.46,60.0,25.4,40.0,MEDIUM,MEDIUM
12.0,43.0,73.6,43.3,40.3,2.5,2.6,0.85,0.29,90.0,65.6,70.0,HIGH,HIGH
12.0,70.6,42.9,36.9,72.4,4.2,21.3,0.7,0.22,90.0,76.7,81.0,MEDIUM,MEDIUM
12.0,53.9,90.0,42.5,31.0,3.2,16.7,0.72,0.82,60.0,67.6,47.0,HIGH,HIGH
8.0,55.3,61.6,30.1,74.4,4.1,26.5,0.61,0.4,60.0,80.5,55.0,LOW,MEDIUM
16.0,58.3,82.4,36.1,94.3,4.2,16.0,0.91,0.56,60.0,82.4,55.0,MEDIUM,HIGH
12.0,52.6,50.2,35.5,61.7,2.2,8.2,0.76,0.33,90.0,89.2,86.0,MEDIUM,HIGH
12.0,37.6,31.9,28.1,65.8,4.7,24.5,0.53,0.23,120.0,89.0,114.0,LOW,MEDIUM
12.0,49.3,71.5,35.3,18.1,4.6,10.2,0.42,0.74,120.0,87.5,113.0,MEDIUM,HIGH
16.0,69.2,25.5,34.1,88.1,5.2,28.2,0.3,0.29,90.0,87.7,85.0,LOW,LOW
12.0,69.3,57.8,39.1,37.1,2.2,9.0,0.37,0.22,60.0,89.3,57.0,MEDIUM,MEDIUM
12.0,48.0,38.3,43.5,66.1,3.1,6.7,0.97,0.62,90.0,61.4,68.0,HIGH,HIGH
16.0,57.8,68.3,29.4,98.2,4.7,15.8,0.55,0.21,120.0,91.2,115.0,LOW,LOW
12.0,42.8,92.6,33.4,64.4,2.4,3.4,0.91,0.51,90.0,75.9,80.0,MEDIUM,HIGH
12.0,43.8,57.0,35.3,75.8,4.8,3.0,0.37,0.41,60.0,89.7,57.0,MEDIUM,LOW
12.0,33.3,81.4,35.5,51.2,2.1,15.9,0.56,0.43,120.0,86.7,113.0,MEDIUM,HIGH
12.0,82.2,60.0,40.8,17.3,3.3,8.0,0.95,0.2,90.0,52.7,69.0,HIGH,HIGH
8.0,43.8,59.2,35.3,82.2,5.5,2.3,0.32,0.89,120.0,68.9,103.0,MEDIUM,MEDIUM
12.0,44.7,89.2,28.4,15.1,5.2,10.3,0.68,0.57,120.0,78.2,108.0,LOW,HIGH
16.0,47.7,86.4,39.7,73.7,4.6,15.4,0.92,0.61,60.0,76.5,54.0,HIGH,HIGH
16.0,39.1,79.2,42.6,14.0,5.6,13.0,0.94,0.68,120.0,64.5,96.0,HIGH,HIGH
12.0,67.8,45.4,36.5,87.9,4.9,5.8,0.87,0.77,90.0,66.6,76.0,MEDIUM,HIGH
12.0,36.2,62.6,37.6,25.9,4.1,18.2,0.87,0.64,60.0,82.3,55.0,HIGH,HIGH
8.0,39.5,40.4,30.7,57.3,6.1,21.9,0.73,0.75,90.0,63.3,75.0,LOW,HIGH
16.0,68.1,55.6,31.6,64.5,4.9,20.9,0.41,0.52,60.0,81.3,55.0,LOW,MEDIUM
16.0,51.0,58.4,31.9,52.3,4.4,13.0,0.78,0.47,60.0,86.2,56.0,LOW,HIGH
12.0,71.6,82.4,35.1,42.0,3.6,5.9,0.96,0.79,120.0,81.2,110.0,HIGH,HIGH
16.0,63.2,86.8,43.3,53.2,5.8,16.0,0.63,0.82,60.0,59.7,43.0,HIGH,HIGH
12.0,46.3,53.6,36.6,39.4,3.1,26.9,0.44,0.3,120.0,90.1,115.0,MEDIUM,MEDIUM
12.0,68.4,26.2,31.2,50.6,1.8,15.1,0.67,0.59,60.0,87.0,56.0,LOW,HIGH
8.0,38.5,84.5,32.4,43.6,2.7,7.5,0.75,0.69,60.0,85.5,56.0,MEDIUM,HIGH
12.0,62.0,37.0,34.3,61.8,2.3,4.6,0.4,0.26,60.0,89.5,57.0,LOW,MEDIUM
12.0,56.5,67.9,38.3,32.9,3.2,28.4,0.78,0.87,90.0,84.6,84.0,HIGH,HIGH
12.0,47.0,26.7,35.3,99.0,5.4,22.8,0.68,0.57,60.0,82.2,55.0,MEDIUM,MEDIUM
12.0,65.8,52.6,34.5,56.1,4.7,10.8,0.7,0.66,120.0,71.9,105.0,MEDIUM,HIGH
16.0,80.8,93.0,37.3,29.1,2.5,10.3,0.47,0.33,90.0,77.4,81.0,MEDIUM,HIGH
8.0,87.9,31.9,32.0,54.0,5.3,27.1,0.36,0.39,90.0,24.0,59.0,LOW,MEDIUM
12.0,66.0,54.2,29.3,88.2,4.0,7.0,0.71,0.29,60.0,78.8,54.0,LOW,MEDIUM
12.0,54.7,46.2,28.4,13.9,4.1,17.0,0.68,0.39,60.0,82.9,55.0,LOW,HIGH
12.0,44.6,87.5,32.1,71.8,3.4,22.0,0.5,0.55,120.0,85.6,112.0,LOW,MEDIUM
12.0,46.4,85.0,29.5,60.2,5.6,13.1,0.47,0.8,60.0,85.2,56.0,LOW,HIGH
12.0,58.8,41.4,33.5,26.9,3.2,3.1,0.5,0.58,60.0,87.7,57.0,LOW,HIGH
8.0,52.6,30.6,40.8,83.9,2.2,8.4,0.61,0.38,60.0,78.0,53.0,HIGH,MEDIUM
12.0,83.2,68.3,39.8,44.5,3.1,27.3,0.96,0.23,120.0,62.8,100.0,HIGH,HIGH
12.0,52.6,48.2,38.1,37.9,4.9,16.6,0.81,0.65,60.0,80.0,55.0,HIGH,HIGH
8.0,52.9,71.4,42.1,84.9,4.7,24.8,0.87,0.5,60.0,62.3,46.0,HIGH,HIGH
12.0,53.5,27.2,32.7,68.2,2.6,17.6,0.62,0.91,90.0,84.3,84.0,MEDIUM,HIGH
12.0,78.9,34.2,42.6,91.0,2.3,28.4,0.63,0.76,120.0,65.7,97.0,HIGH,MEDIUM
12.0,68.4,72.4,34.6,67.4,4.7,27.5,0.4,0.78,60.0,70.7,52.0,MEDIUM,MEDIUM
16.0,66.4,39.7,34.6,77.2,4.8,15.5,0.78,0.21,60.0,82.6,55.0,MEDIUM,MEDIUM
8.0,50.7,84.2,34.7,85.6,3.4,10.9,0.56,0.76,60.0,80.2,55.0,MEDIUM,MEDIUM
8.0,77.8,29.0,29.6,16.8,5.5,18.8,0.79,0.34,60.0,26.7,40.0,LOW,HIGH
12.0,34.1,39.9,44.1,80.3,6.1,20.9,0.55,0.62,60.0,58.4,41.0,HIGH,MEDIUM
12.0,80.8,93.9,30.3,66.0,2.7,16.0,0.33,0.52,60.0,79.6,54.0,LOW,MEDIUM
12.0,60.7,54.9,33.6,18.1,4.3,25.0,0.38,0.61,90.0,77.3,81.0,LOW,HIGH
16.0,54.3,73.5,33.3,56.8,1.8,7.1,0.84,0.3,60.0,87.4,57.0,MEDIUM,HIGH
16.0,59.8,37.6,29.2,19.3,4.9,11.4,0.44,0.53,60.0,85.9,56.0,LOW,HIGH
16.0,69.4,67.1,30.5,76.8,3.6,21.2,0.44,0.23,120.0,91.3,115.0,LOW,LOW
12.0,32.7,75.1,28.7,60.1,2.7,8.9,0.93,0.23,60.0,85.6,56.0,LOW,HIGH
12.0,80.8,46.7,32.8,95.9,5.1,14.3,0.73,0.67,60.0,37.0,43.0,MEDIUM,MEDIUM
12.0,57.0,82.2,42.3,28.1,5.4,29.0,0.33,0.89,60.0,76.5,50.0,HIGH,HIGH
8.0,51.2,66.6,33.6,65.3,2.3,19.5,0.35,0.76,90.0,89.5,86.0,MEDIUM,MEDIUM
12.0,39.7,51.8,30.0,30.6,2.0,28.6,0.45,0.54,90.0,89.3,86.0,LOW,HIGH
12.0,56.6,63.5,38.7,66.0,3.3,22.2,0.68,0.24,90.0,84.2,84.0,MEDIUM,MEDIUM
16.0,59.8,64.8,44.4,75.6,4.6,22.3,0.8,0.23,90.0,61.2,66.0,HIGH,MEDIUM
12.0,54.6,36.4,31.8,75.6,5.3,18.6,0.45,0.31,120.0,79.3,109.0,LOW,MEDIUM
12.0,70.0,52.8,32.6,83.7,4.2,6.0,0.89,0.9,90.0,68.0,77.0,MEDIUM,HIGH
12.0,55.6,48.7,44.0,87.1,4.4,16.6,0.33,0.49,60.0,60.2,42.0,HIGH,LOW
8.0,85.8,52.7,30.9,18.8,5.3,9.1,0.4,0.81,60.0,18.0,38.0,LOW,HIGH
8.0,65.6,77.5,36.4,42.2,4.1,30.0,0.96,0.71,90.0,59.4,74.0,HIGH,HIGH
12.0,77.2,58.3,32.0,72.5,4.5,9.5,0.35,0.64,120.0,59.5,98.0,LOW,MEDIUM
8.0,38.1,89.9,43.4,55.9,4.1,8.5,0.9,0.88,60.0,57.4,42.0,HIGH,HIGH
12.0,54.2,45.3,44.2,28.8,5.7,19.5,0.76,0.37,60.0,56.6,41.0,HIGH,HIGH
16.0,50.9,53.7,41.4,60.6,2.8,16.3,0.3,0.53,120.0,81.3,107.0,MEDIUM,MEDIUM
16.0,63.9,79.3,33.2,47.9,3.0,2.6,0.6,0.82,60.0,85.8,56.0,MEDIUM,HIGH
12.0,80.2,62.7,34.7,46.3,2.4,5.6,0.63,0.6,90.0,77.5,81.0,MEDIUM,HIGH
8.0,36.4,62.7,32.0,83.3,5.4,24.7,0.93,0.38,60.0,78.5,54.0,MEDIUM,HIGH
16.0,36.1,28.7,42.7,47.9,3.6,15.5,0.56,0.35,60.0,77.9,49.0,HIGH,MEDIUM
16.0,79.6,52.5,43.1,14.3,3.3,6.1,0.58,0.74,60.0,63.1,44.0,HIGH,HIGH
8.0,43.9,43.7,34.9,17.1,6.1,15.0,0.33,0.21,90.0,62.8,75.0,LOW,MEDIUM
12.0,69.5,94.0,38.8,87.3,5.9,9.1,0.72,0.86,60.0,42.2,44.0,HIGH,HIGH
12.0,62.4,46.3,30.7,96.5,6.1,8.3,0.4,0.21,90.0,62.1,75.0,LOW,LOW
16.0,78.6,86.0,35.2,72.6,2.4,28.8,0.31,0.65,60.0,86.6,56.0,LOW,MEDIUM
16.0,39.0,71.7,38.4,44.1,5.7,12.1,0.98,0.64,90.0,83.5,83.0,HIGH,HIGH
8.0,39.3,48.5,34.4,94.6,3.2,3.3,0.45,0.62,60.0,87.6,57.0,LOW,MEDIUM
16.0,63.2,62.5,33.9,70.3,1.9,29.2,0.35,0.54,90.0,86.1,84.0,LOW,MEDIUM
12.0,85.0,83.0,28.0,86.3,3.5,24.3,0.76,0.81,90.0,55.5,72.0,LOW,HIGH
16.0,55.2,86.0,41.3,79.4,4.0,9.1,0.85,0.67,60.0,81.8,53.0,HIGH,HIGH
12.0,50.3,36.1,42.7,45.4,2.3,13.4,0.3,0.76,60.0,70.2,47.0,HIGH,HIGH
16.0,66.0,48.4,44.0,54.1,4.2,26.1,0.33,0.28,120.0,63.7,93.0,HIGH,MEDIUM
8.0,84.1,48.1,39.9,28.4,5.4,12.0,0.32,0.24,60.0,22.7,39.0,MEDIUM,MEDIUM
12.0,78.9,27.9,37.1,37.7,3.5,17.9,0.28,0.22,60.0,77.6,54.0,LOW,MEDIUM
8.0,87.7,66.3,32.4,80.5,3.4,17.0,0.73,0.31,60.0,52.5,47.0,MEDIUM,MEDIUM
16.0,33.3,84.0,44.5,90.7,3.3,13.2,0.68,0.68,120.0,59.5,90.0,HIGH,MEDIUM
16.0,38.3,51.3,37.7,75.8,5.9,19.9,0.73,0.56,120.0,86.6,113.0,HIGH,HIGH
16.0,66.1,76.1,39.2,52.9,2.0,15.3,0.62,0.74,60.0,80.6,55.0,HIGH,HIGH
16.0,78.0,68.3,39.3,19.6,3.8,2.6,0.85,0.34,90.0,78.4,81.0,HIGH,HIGH
8.0,48.0,50.9,41.9,17.0,3.0,24.8,0.65,0.46,120.0,80.2,106.0,HIGH,HIGH
12.0,45.4,34.7,28.2,44.9,5.7,5.2,0.92,0.84,60.0,81.7,55.0,MEDIUM,HIGH
8.0,76.1,73.9,31.6,52.8,2.2,15.0,0.6,0.87,60.0,80.5,55.0,MEDIUM,HIGH
8.0,35.2,84.0,39.0,65.6,3.6,18.2,0.83,0.86,60.0,79.4,54.0,HIGH,HIGH
8.0,52.7,72.3,42.8,12.6,3.6,21.8,0.55,0.79,60.0,59.9,44.0,HIGH,HIGH
12.0,60.3,26.2,39.3,99.1,5.7,13.5,0.57,0.7,90.0,65.4,76.0,MEDIUM,MEDIUM
12.0,63.4,39.9,34.8,44.0,2.7,22.6,0.87,0.86,60.0,84.0,56.0,MEDIUM,HIGH
8.0,72.8,29.8,34.0,86.6,4.6,5.7,0.33,0.71,90.0,47.3,69.0,MEDIUM,MEDIUM
8.0,51.9,64.4,40.2,59.1,2.4,20.3,0.66,0.89,60.0,76.1,53.0,HIGH,HIGH
8.0,66.3,77.2,40.2,23.5,6.0,25.1,0.78,0.22,90.0,24.3,59.0,HIGH,HIGH
16.0,64.8,32.6,38.0,82.2,4.4,26.9,0.8,0.86,90.0,82.4,83.0,HIGH,HIGH
12.0,62.7,82.8,32.8,74.5,4.6,18.2,0.68,0.6,90.0,83.2,83.0,MEDIUM,MEDIUM
16.0,67.9,63.3,43.3,58.4,3.7,10.8,0.58,0.28,120.0,74.2,100.0,HIGH,MEDIUM
12.0,46.5,72.6,37.1,57.3,3.3,6.6,0.44,0.35,60.0,87.3,57.0,MEDIUM,MEDIUM
12.0,36.7,92.0,41.0,19.7,2.7,11.7,0.91,0.81,90.0,78.8,80.0,HIGH,HIGH
12.0,38.7,30.8,31.5,69.7,4.5,17.1,0.52,0.56,90.0,85.4,84.0,LOW,MEDIUM
12.0,44.6,87.2,33.7,92.2,6.0,7.5,0.83,0.91,60.0,77.9,54.0,MEDIUM,HIGH
12.0,60.0,33.7,42.4,20.2,3.4,28.7,0.27,0.28,60.0,80.3,50.0,HIGH,MEDIUM
8.0,79.1,52.1,28.8,35.2,5.7,27.1,0.42,0.5,60.0,20.4,39.0,LOW,HIGH
8.0,71.3,83.7,36.5,91.4,2.5,2.9,0.5,0.44,120.0,82.7,111.0,MEDIUM,LOW
12.0,76.2,87.5,35.9,37.0,5.9,17.7,0.74,0.57,90.0,33.0,63.0,MEDIUM,HIGH
12.0,51.7,59.9,40.4,69.5,3.3,24.1,0.48,0.66,90.0,76.0,80.0,MEDIUM,MEDIUM
12.0,54.7,66.0,32.7,59.1,3.5,8.9,0.28,0.68,60.0,89.0,57.0,LOW,MEDIUM
8.0,54.0,73.9,31.6,64.5,3.8,16.7,0.38,0.2,120.0,88.7,114.0,LOW,LOW
8.0,42.7,82.5,43.3,48.6,5.0,13.4,0.44,0.26,60.0,63.2,44.0,HIGH,MEDIUM
16.0,35.4,33.4,37.4,38.4,5.0,7.5,0.38,0.23,90.0,90.8,86.0,MEDIUM,MEDIUM
8.0,65.1,80.9,29.7,16.3,3.9,19.2,0.4,0.82,90.0,65.2,76.0,LOW,HIGH
12.0,87.4,58.2,31.2,77.5,4.1,29.8,0.81,0.43,60.0,44.2,45.0,LOW,MEDIUM
16.0,41.3,56.1,44.5,77.7,1.9,12.2,0.55,0.46,90.0,58.5,65.0,HIGH,MEDIUM
8.0,34.6,54.2,31.2,71.0,3.1,17.5,0.55,0.52,60.0,88.6,57.0,LOW,MEDIUM
8.0,75.7,60.1,38.1,68.6,3.3,11.2,0.96,0.81,60.0,63.8,50.0,HIGH,HIGH
12.0,46.1,90.2,34.9,33.4,4.3,26.6,0.58,0.21,90.0,87.6,85.0,LOW,HIGH
12.0,78.5,62.8,42.6,14.0,4.3,26.2,0.93,0.29,60.0,44.2,40.0,HIGH,HIGH
12.0,71.4,90.8,40.5,83.2,4.9,7.0,0.47,0.69,60.0,48.1,45.0,HIGH,MEDIUM
16.0,85.0,37.4,37.8,55.2,5.0,27.2,0.54,0.89,60.0,43.2,45.0,MEDIUM,HIGH
8.0,54.9,75.0,28.2,39.0,2.8,6.2,0.54,0.66,60.0,85.0,56.0,LOW,HIGH
12.0,69.1,81.0,42.5,21.0,5.2,4.7,0.65,0.39,60.0,54.9,43.0,HIGH,HIGH
12.0,58.0,71.9,35.3,17.5,1.9,20.3,0.68,0.57,90.0,85.5,84.0,MEDIUM,HIGH
8.0,67.3,66.9,43.4,42.7,5.0,12.8,0.43,0.9,60.0,27.7,34.0,HIGH,HIGH
12.0,57.2,64.0,36.2,82.8,2.2,16.9,0.83,0.58,90.0,83.8,83.0,MEDIUM,HIGH
12.0,42.6,84.4,39.5,92.8,5.0,20.3,0.61,0.47,90.0,82.9,83.0,MEDIUM,MEDIUM
12.0,60.4,81.7,29.1,90.9,4.1,3.5,0.26,0.48,60.0,85.8,56.0,LOW,LOW
8.0,61.6,33.4,40.3,93.0,3.7,10.2,0.68,0.9,120.0,64.0,100.0,HIGH,MEDIUM
12.0,77.4,83.6,33.6,91.9,4.8,14.9,0.83,0.72,60.0,49.3,46.0,MEDIUM,HIGH
12.0,73.2,53.6,33.8,58.4,2.0,9.5,0.43,0.69,60.0,87.4,57.0,LOW,MEDIUM
16.0,69.2,42.5,30.0,31.3,2.8,3.4,0.28,0.37,60.0,88.2,57.0,LOW,MEDIUM
8.0,38.3,85.0,30.4,82.2,4.5,4.4,0.84,0.6,60.0,81.3,55.0,MEDIUM,HIGH
12.0,72.4,54.8,31.1,30.8,5.5,24.4,0.96,0.46,120.0,48.0,92.0,MEDIUM,HIGH
12.0,60.0,80.8,33.4,35.5,3.5,27.5,0.31,0.37,60.0,90.2,57.0,LOW,MEDIUM
12.0,82.1,43.2,42.7,32.5,2.9,6.3,0.93,0.84,90.0,58.4,68.0,HIGH,HIGH
12.0,83.5,25.3,34.1,57.3,4.1,9.0,0.51,0.48,90.0,54.1,71.0,LOW,MEDIUM
12.0,35.1,59.2,40.0,40.3,4.5,20.3,0.94,0.4,60.0,80.2,55.0,HIGH,HIGH
12.0,78.0,31.9,29.4,25.6,3.6,28.7,0.72,0.87,120.0,65.7,101.0,LOW,HIGH
16.0,34.1,77.1,37.8,51.9,5.7,10.4,0.9,0.34,120.0,86.5,113.0,HIGH,HIGH
12.0,52.6,44.0,36.0,88.9,4.1,25.9,0.82,0.74,120.0,85.8,112.0,HIGH,HIGH
12.0,62.4,55.6,44.1,62.2,2.0,16.2,0.27,0.67,90.0,62.1,67.0,HIGH,MEDIUM
16.0,40.3,31.0,42.0,89.3,2.8,28.8,0.3,0.86,60.0,79.6,51.0,HIGH,MEDIUM
16.0,73.8,44.8,35.5,29.2,3.8,5.8,0.63,0.8,60.0,79.3,54.0,MEDIUM,HIGH
16.0,32.5,78.9,40.8,26.7,4.9,29.3,0.34,0.71,90.0,78.8,80.0,MEDIUM,HIGH
12.0,41.4,35.5,31.2,62.7,2.8,14.3,0.59,0.43,60.0,88.7,57.0,LOW,MEDIUM
8.0,64.5,69.7,37.3,52.8,6.1,28.7,0.95,0.56,90.0,29.8,62.0,HIGH,HIGH
12.0,72.0,88.3,29.2,70.1,3.2,14.8,0.47,0.88,90.0,76.8,81.0,LOW,MEDIUM
12.0,83.3,71.9,33.7,81.9,4.1,16.8,0.61,0.22,60.0,57.9,49.0,LOW,MEDIUM
12.0,71.5,81.0,31.7,78.1,1.9,24.5,0.53,0.77,60.0,88.5,57.0,LOW,MEDIUM
12.0,69.6,32.5,39.9,94.9,5.7,22.2,0.71,0.38,120.0,49.4,93.0,HIGH,MEDIUM
16.0,54.1,42.3,36.1,47.0,5.3,19.3,0.39,0.33,60.0,89.4,57.0,LOW,MEDIUM
12.0,32.1,86.7,40.4,30.2,2.7,13.7,0.44,0.37,60.0,84.5,55.0,MEDIUM,HIGH
16.0,38.7,74.3,36.5,60.5,5.9,24.2,0.88,0.24,60.0,88.5,57.0,MEDIUM,HIGH
12.0,61.9,69.1,29.4,21.7,3.2,28.6,0.84,0.91,60.0,82.9,55.0,MEDIUM,HIGH
12.0,69.8,70.8,40.1,37.4,4.8,2.3,0.83,0.83,60.0,56.9,48.0,HIGH,HIGH
12.0,55.4,53.6,41.7,30.3,5.4,18.5,0.81,0.58,60.0,77.2,51.0,HIGH,HIGH
12.0,72.9,28.1,42.9,46.9,5.1,26.2,0.59,0.71,60.0,42.7,39.0,HIGH,HIGH
8.0,61.2,79.1,37.4,21.8,5.8,20.3,0.78,0.6,90.0,42.6,67.0,MEDIUM,HIGH
8.0,36.2,71.8,40.4,14.8,5.6,24.4,0.53,0.78,60.0,67.1,50.0,HIGH,HIGH
16.0,42.8,57.6,40.4,69.8,6.2,27.1,0.32,0.81,60.0,78.9,54.0,MEDIUM,MEDIUM
8.0,79.0,87.1,30.6,65.7,2.6,23.0,0.54,0.37,120.0,69.1,103.0,LOW,MEDIUM
12.0,72.6,48.2,30.7,74.3,3.1,22.1,0.37,0.53,90.0,82.1,83.0,LOW,MEDIUM
12.0,82.1,45.3,29.2,70.1,4.6,29.0,0.54,0.66,60.0,49.1,46.0,LOW,MEDIUM
12.0,38.6,85.2,33.3,22.1,5.0,26.2,0.47,0.9,120.0,83.7,111.0,MEDIUM,HIGH
12.0,87.5,80.0,35.8,37.6,4.2,24.8,0.69,0.69,60.0,42.8,45.0,MEDIUM,HIGH
8.0,43.7,60.5,44.5,23.4,2.1,4.4,0.51,0.85,60.0,61.2,41.0,HIGH,HIGH
12.0,32.7,34.0,35.1,86.2,5.5,8.7,0.77,0.81,120.0,81.4,110.0,HIGH,HIGH
12.0,87.9,39.8,40.0,77.7,6.0,17.6,0.62,0.62,60.0,18.0,38.0,HIGH,MEDIUM
12.0,47.7,70.3,39.4,29.7,3.6,21.9,0.92,0.84,120.0,80.8,110.0,HIGH,HIGH
8.0,69.4,51.6,31.4,42.0,2.8,10.5,0.32,0.47,90.0,84.6,84.0,LOW,MEDIUM
12.0,41.9,82.7,29.0,97.1,1.9,4.6,0.75,0.47,60.0,84.9,56.0,LOW,MEDIUM
8.0,64.5,90.5,37.0,64.3,2.8,10.7,0.74,0.76,60.0,81.1,55.0,HIGH,HIGH
12.0,82.6,80.6,39.6,82.5,4.9,23.6,0.94,0.3,60.0,37.1,43.0,HIGH,MEDIUM
8.0,49.9,51.1,44.5,35.3,5.8,26.6,0.52,0.42,60.0,31.2,33.0,HIGH,HIGH
8.0,69.5,79.4,33.9,30.5,2.2,27.6,0.47,0.64,120.0,81.9,110.0,MEDIUM,HIGH
16.0,42.5,49.2,42.8,81.0,4.2,12.6,0.38,0.5,60.0,75.2,48.0,HIGH,MEDIUM
12.0,67.0,36.5,34.3,72.4,4.9,12.4,0.44,0.88,60.0,72.7,53.0,MEDIUM,MEDIUM
16.0,50.8,27.3,39.4,71.9,3.0,13.4,0.62,0.89,90.0,81.5,83.0,HIGH,HIGH
16.0,43.8,51.6,37.9,60.6,4.3,12.5,0.86,0.56,60.0,84.0,56.0,HIGH,HIGH
12.0,49.5,87.3,28.9,61.6,4.9,20.7,0.46,0.59,60.0,83.7,56.0,LOW,MEDIUM
8.0,42.0,41.5,29.3,76.7,5.5,12.0,0.37,0.72,60.0,75.4,53.0,LOW,MEDIUM
12.0,82.5,39.2,28.3,35.8,3.8,2.6,0.45,0.53,90.0,60.9,74.0,LOW,HIGH
12.0,54.2,91.9,34.1,43.0,5.1,14.3,0.32,0.34,60.0,79.7,55.0,LOW,MEDIUM
12.0,45.7,26.7,40.3,88.7,3.1,8.3,0.93,0.74,60.0,76.2,53.0,HIGH,HIGH
8.0,57.1,79.2,30.9,39.2,2.7,2.8,0.89,0.73,60.0,82.7,55.0,MEDIUM,HIGH
12.0,50.0,47.2,38.0,60.1,2.6,15.2,0.48,0.38,90.0,88.6,85.0,MEDIUM,MEDIUM
16.0,73.7,27.6,32.8,73.8,3.4,7.8,0.43,0.8,60.0,84.3,56.0,LOW,MEDIUM
12.0,86.4,88.3,41.2,100.0,2.0,14.7,0.91,0.64,60.0,72.8,51.0,HIGH,MEDIUM
8.0,56.5,34.6,41.2,50.3,3.0,9.8,0.25,0.37,60.0,83.6,53.0,MEDIUM,MEDIUM
12.0,80.2,63.1,40.8,49.7,4.7,18.9,0.69,0.67,90.0,39.4,64.0,HIGH,HIGH
8.0,63.7,43.9,36.7,86.1,4.7,29.7,0.92,0.37,60.0,57.2,48.0,MEDIUM,MEDIUM
8.0,40.8,29.5,32.7,82.9,2.1,17.3,0.62,0.39,90.0,86.8,85.0,LOW,MEDIUM
16.0,70.7,28.4,41.4,76.3,3.1,20.1,0.25,0.81,60.0,87.1,54.0,HIGH,MEDIUM
8.0,60.8,33.0,31.1,52.8,4.3,27.7,0.41,0.87,90.0,68.2,77.0,LOW,HIGH
12.0,68.4,29.9,32.8,40.5,3.2,12.5,0.92,0.38,90.0,86.5,85.0,MEDIUM,HIGH
8.0,81.8,77.5,31.0,65.6,3.6,6.7,0.26,0.87,120.0,53.4,95.0,LOW,MEDIUM
16.0,56.7,58.5,39.1,89.1,4.9,9.9,0.54,0.37,90.0,78.4,81.0,MEDIUM,MEDIUM
12.0,82.5,48.7,39.3,89.8,1.8,13.3,0.83,0.28,60.0,72.8,53.0,HIGH,MEDIUM
12.0,74.0,53.9,38.8,21.5,3.0,20.1,0.86,0.24,90.0,77.2,81.0,MEDIUM,HIGH
12.0,59.4,89.1,34.9,49.7,2.4,2.1,0.6,0.37,90.0,84.0,84.0,MEDIUM,HIGH
8.0,65.8,87.8,29.7,52.9,2.4,25.9,0.42,0.48,120.0,80.0,109.0,LOW,MEDIUM
12.0,50.2,74.4,43.0,98.0,6.0,4.1,0.69,0.87,60.0,64.6,45.0,HIGH,MEDIUM
12.0,87.1,86.0,36.4,71.7,3.5,27.2,0.44,0.37,90.0,57.0,73.0,MEDIUM,MEDIUM
8.0,69.4,47.1,34.7,47.8,4.1,28.6,0.44,0.46,60.0,62.5,50.0,LOW,MEDIUM
12.0,34.5,51.3,37.7,14.3,5.0,29.7,0.84,0.73,90.0,80.2,82.0,HIGH,HIGH
16.0,50.3,67.3,31.2,61.8,2.0,24.7,0.36,0.42,120.0,87.4,113.0,LOW,MEDIUM
8.0,66.9,68.0,30.2,20.5,2.9,6.0,0.25,0.69,90.0,87.4,85.0,LOW,HIGH
12.0,35.2,58.2,34.7,85.4,5.5,21.8,0.5,0.51,90.0,85.4,84.0,MEDIUM,MEDIUM
8.0,33.3,52.6,31.7,78.2,5.6,7.7,0.61,0.34,60.0,84.8,56.0,LOW,MEDIUM
8.0,57.2,93.0,32.0,52.5,3.4,27.1,0.76,0.73,60.0,80.1,55.0,MEDIUM,HIGH
16.0,50.6,81.7,42.7,49.8,3.4,10.9,0.82,0.22,60.0,71.0,47.0,HIGH,HIGH
12.0,56.5,55.0,36.8,91.0,5.1,11.2,0.73,0.41,60.0,76.4,54.0,MEDIUM,MEDIUM
12.0,46.7,75.2,36.0,37.4,3.1,27.7,0.71,0.46,60.0,87.3,57.0,MEDIUM,HIGH
12.0,41.2,43.6,39.4,33.9,2.3,2.4,0.74,0.53,60.0,79.8,55.0,MEDIUM,HIGH
8.0,70.6,31.9,43.7,94.6,2.9,7.4,0.45,0.69,60.0,56.1,41.0,HIGH,MEDIUM
12.0,60.8,49.3,29.9,83.2,3.5,13.8,0.53,0.53,60.0,89.1,57.0,LOW,MEDIUM
12.0,43.2,52.8,41.8,84.2,2.0,21.6,0.7,0.63,90.0,80.6,79.0,HIGH,MEDIUM
12.0,49.9,26.1,37.6,29.2,3.9,20.1,0.3,0.63,90.0,87.0,85.0,MEDIUM,HIGH
16.0,65.1,81.2,30.4,24.6,5.1,20.7,0.47,0.47,60.0,83.6,56.0,LOW,HIGH
12.0,36.0,49.8,32.9,14.3,4.1,26.6,0.55,0.87,60.0,78.9,54.0,MEDIUM,HIGH
12.0,40.3,65.0,36.0,32.9,2.1,5.4,0.64,0.89,120.0,86.6,113.0,HIGH,HIGH
16.0,36.1,30.1,39.4,80.1,3.7,16.6,0.61,0.62,60.0,84.9,56.0,HIGH,MEDIUM
8.0,77.5,37.1,32.0,33.1,4.9,22.3,0.77,0.25,120.0,35.3,85.0,LOW,HIGH
8.0,74.1,86.4,36.8,76.2,2.1,19.8,0.6,0.55,60.0,77.7,54.0,MEDIUM,MEDIUM
8.0,74.2,67.0,39.3,34.2,2.1,14.6,0.91,0.33,60.0,74.6,53.0,HIGH,HIGH
12.0,72.1,90.6,35.4,46.8,3.4,2.5,0.53,0.55,60.0,82.9,55.0,MEDIUM,HIGH
12.0,69.5,93.9,42.2,98.5,2.7,3.7,0.63,0.34,60.0,72.4,49.0,HIGH,LOW
12.0,58.7,50.7,42.3,33.5,5.9,5.3,0.25,0.71,60.0,62.9,46.0,HIGH,HIGH
16.0,68.0,45.6,35.8,45.1,4.4,11.6,0.48,0.26,60.0,84.2,56.0,MEDIUM,MEDIUM
12.0,34.1,84.2,44.1,38.5,3.1,5.3,0.88,0.89,90.0,58.5,66.0,HIGH,HIGH
12.0,66.8,93.9,29.2,21.6,4.9,13.9,0.49,0.34,60.0,71.4,52.0,LOW,HIGH
8.0,75.6,68.4,28.1,55.1,3.4,7.0,0.43,0.68,90.0,64.3,76.0,LOW,MEDIUM
8.0,60.0,79.9,34.3,45.3,2.4,23.8,0.65,0.86,90.0,85.6,84.0,MEDIUM,HIGH
12.0,52.0,78.9,37.9,73.2,2.8,26.4,0.31,0.38,90.0,86.4,84.0,MEDIUM,LOW
12.0,47.5,49.5,38.4,83.9,4.6,12.9,0.64,0.87,60.0,84.3,56.0,HIGH,HIGH
16.0,68.0,64.6,35.9,59.9,2.0,16.3,0.47,0.48,60.0,86.9,56.0,MEDIUM,MEDIUM
8.0,70.8,82.5,30.1,14.8,3.0,28.7,0.53,0.89,60.0,68.9,52.0,LOW,HIGH
8.0,80.8,72.5,30.8,66.5,2.7,17.0,0.83,0.9,90.0,67.1,77.0,MEDIUM,HIGH
12.0,51.2,26.5,42.1,16.9,2.7,29.9,0.73,0.34,90.0,75.4,76.0,HIGH,HIGH
8.0,75.1,48.2,42.3,66.2,4.8,6.0,0.58,0.8,60.0,29.4,37.0,HIGH,HIGH
8.0,63.4,35.0,39.1,72.3,5.4,26.1,0.67,0.34,60.0,44.2,45.0,MEDIUM,MEDIUM
12.0,81.4,41.1,39.0,29.4,4.9,15.9,0.81,0.36,60.0,34.5,42.0,HIGH,HIGH
8.0,61.6,87.5,37.9,84.1,4.6,2.6,0.79,0.26,90.0,63.3,75.0,MEDIUM,MEDIUM
12.0,61.0,27.5,31.3,92.2,5.8,29.2,0.39,0.31,60.0,75.8,53.0,LOW,LOW
12.0,64.4,40.2,35.1,83.6,2.1,29.0,0.47,0.66,120.0,89.4,114.0,MEDIUM,MEDIUM
8.0,74.0,46.4,39.5,38.8,2.5,12.7,0.5,0.52,120.0,76.3,107.0,MEDIUM,HIGH
12.0,86.0,67.6,36.9,63.6,3.6,28.7,0.39,0.77,90.0,55.8,72.0,MEDIUM,MEDIUM
16.0,36.1,61.9,28.3,92.5,3.4,5.9,0.26,0.44,60.0,88.0,57.0,LOW,LOW
12.0,35.0,40.1,43.7,40.2,3.6,21.0,0.38,0.9,60.0,67.6,45.0,HIGH,HIGH
12.0,84.5,36.3,41.9,84.2,2.7,7.4,0.84,0.24,60.0,67.5,48.0,HIGH,MEDIUM
8.0,61.7,41.3,32.3,12.8,2.5,8.9,0.65,0.25,120.0,79.3,109.0,LOW,HIGH
12.0,66.4,59.7,38.2,12.3,4.0,23.8,0.5,0.7,60.0,80.6,55.0,MEDIUM,HIGH
8.0,59.0,43.7,43.2,78.9,5.9,12.6,0.69,0.84,90.0,25.6,54.0,HIGH,HIGH
12.0,37.2,90.4,29.6,79.0,3.5,2.2,0.79,0.77,120.0,79.6,109.0,MEDIUM,HIGH
12.0,75.0,57.0,36.3,81.4,2.0,13.6,0.51,0.55,90.0,91.8,87.0,MEDIUM,MEDIUM
16.0,73.8,29.1,35.5,93.8,4.9,8.4,0.59,0.39,90.0,75.7,80.0,MEDIUM,MEDIUM
12.0,49.5,75.3,34.8,22.4,3.1,21.1,0.3,0.21,60.0,90.4,57.0,LOW,MEDIUM
8.0,49.1,47.7,41.8,32.4,2.9,7.4,0.69,0.57,60.0,82.2,52.0,HIGH,HIGH
8.0,78.9,70.1,34.3,91.5,3.2,25.6,0.51,0.54,60.0,63.0,50.0,MEDIUM,MEDIUM
16.0,36.1,44.3,29.1,27.6,5.0,9.5,0.57,0.45,120.0,87.7,113.0,LOW,HIGH
12.0,81.3,64.4,29.1,72.0,5.4,13.0,0.56,0.62,120.0,39.3,87.0,LOW,MEDIUM
12.0,46.4,78.3,28.7,58.7,4.4,10.3,0.71,0.72,60.0,86.5,56.0,LOW,HIGH
8.0,65.2,89.0,34.8,19.3,3.2,20.0,0.67,0.7,60.0,77.1,54.0,MEDIUM,HIGH
12.0,84.4,43.0,39.9,37.1,3.2,4.8,0.56,0.39,90.0,57.8,73.0,MEDIUM,HIGH
8.0,70.0,48.1,31.4,57.8,2.3,15.4,0.26,0.62,60.0,82.2,55.0,LOW,MEDIUM
16.0,55.2,57.0,38.7,87.0,5.9,11.4,0.7,0.31,60.0,82.8,55.0,MEDIUM,MEDIUM
12.0,70.6,89.0,39.3,74.3,4.6,26.8,0.89,0.29,60.0,60.5,49.0,HIGH,HIGH
16.0,51.3,87.2,32.2,66.7,1.9,4.1,0.81,0.77,120.0,83.0,111.0,MEDIUM,HIGH
12.0,47.5,31.2,37.9,55.7,4.7,25.2,0.97,0.7,120.0,82.9,111.0,HIGH,HIGH
12.0,87.8,34.1,39.3,38.3,3.8,6.7,0.35,0.75,90.0,47.8,69.0,MEDIUM,HIGH
12.0,74.0,59.2,35.7,22.5,6.1,4.5,0.41,0.31,90.0,44.1,67.0,MEDIUM,HIGH
12.0,68.1,32.4,33.6,48.0,5.4,7.7,0.64,0.86,60.0,61.4,50.0,MEDIUM,HIGH
16.0,51.9,48.8,38.2,14.5,2.6,4.9,0.42,0.3,90.0,81.7,83.0,MEDIUM,HIGH
16.0,34.8,35.2,44.1,30.6,5.0,16.6,0.28,0.83,60.0,68.2,44.0,HIGH,HIGH
16.0,33.7,68.9,35.0,50.1,3.9,29.7,0.54,0.45,60.0,87.8,57.0,MEDIUM,HIGH
12.0,63.0,90.5,34.5,48.8,2.6,3.0,0.46,0.28,60.0,89.0,57.0,LOW,MEDIUM
12.0,74.7,93.8,35.7,15.9,4.9,14.9,0.44,0.41,60.0,45.6,45.0,LOW,HIGH
12.0,62.1,50.9,29.3,63.8,4.2,12.8,0.95,0.33,120.0,78.6,108.0,MEDIUM,HIGH
16.0,79.1,66.3,37.1,60.4,1.9,11.5,0.42,0.55,120.0,85.1,112.0,MEDIUM,MEDIUM
8.0,33.9,84.1,33.4,18.9,4.6,11.3,0.34,0.88,90.0,80.5,82.0,MEDIUM,HIGH
12.0,52.5,33.1,30.0,95.0,4.6,27.1,0.34,0.44,90.0,89.1,86.0,LOW,LOW
12.0,45.3,72.6,35.7,20.7,2.4,2.5,0.84,0.64,60.0,83.6,56.0,MEDIUM,HIGH
12.0,57.0,53.2,28.1,87.2,3.3,23.7,0.77,0.84,90.0,86.7,85.0,LOW,HIGH
16.0,36.1,39.2,34.6,12.0,4.4,9.1,0.34,0.65,90.0,86.0,84.0,LOW,HIGH
12.0,85.4,52.8,29.7,89.6,2.4,12.7,0.41,0.46,60.0,76.2,54.0,LOW,LOW
12.0,44.5,30.2,28.4,13.7,5.6,13.8,0.8,0.91,60.0,76.5,54.0,LOW,HIGH
8.0,83.6,73.0,41.6,78.7,1.9,10.5,0.45,0.33,90.0,72.4,76.0,HIGH,LOW
12.0,55.9,42.4,43.1,43.8,2.3,4.6,0.97,0.58,60.0,69.2,46.0,HIGH,HIGH
12.0,87.2,46.5,31.4,77.0,2.3,5.2,0.64,0.77,60.0,73.2,53.0,MEDIUM,HIGH
12.0,63.0,33.4,36.9,47.4,4.1,10.3,0.39,0.2,60.0,84.5,56.0,LOW,MEDIUM
16.0,84.1,84.7,32.6,18.2,4.5,25.0,0.88,0.71,60.0,51.1,47.0,MEDIUM,HIGH
16.0,32.3,59.0,36.1,79.5,3.6,5.8,0.48,0.39,90.0,88.1,85.0,MEDIUM,MEDIUM
8.0,73.9,64.5,35.2,18.3,3.1,22.8,0.46,0.32,90.0,70.3,78.0,LOW,HIGH
12.0,82.6,64.3,32.4,93.1,5.4,10.1,0.49,0.4,60.0,36.5,43.0,LOW,LOW
16.0,39.8,53.3,39.6,16.5,2.1,26.7,0.81,0.9,120.0,74.3,106.0,HIGH,HIGH
8.0,37.4,38.3,30.1,54.2,3.0,14.0,0.38,0.84,90.0,87.9,85.0,LOW,HIGH
8.0,55.8,76.4,28.9,75.6,2.0,6.8,0.53,0.35,60.0,85.0,56.0,LOW,MEDIUM
8.0,84.3,33.8,40.7,46.6,1.9,29.6,0.27,0.28,90.0,72.5,78.0,MEDIUM,MEDIUM
12.0,62.4,32.2,39.0,31.1,3.4,6.9,0.85,0.46,60.0,80.0,55.0,HIGH,HIGH
8.0,61.5,74.0,36.2,78.8,2.7,17.9,0.5,0.63,90.0,82.2,83.0,MEDIUM,MEDIUM
16.0,39.9,39.4,35.7,81.0,3.0,17.9,0.43,0.82,90.0,88.8,85.0,MEDIUM,MEDIUM
12.0,32.0,46.2,36.2,93.2,5.4,12.4,0.67,0.9,60.0,83.1,55.0,MEDIUM,MEDIUM
12.0,77.4,57.8,35.2,45.1,2.5,28.6,0.76,0.74,90.0,80.1,82.0,MEDIUM,HIGH
8.0,36.9,56.0,34.5,56.6,5.2,25.6,0.84,0.63,120.0,77.6,108.0,MEDIUM,HIGH
12.0,67.5,73.9,36.2,44.0,4.8,25.2,0.5,0.3,60.0,78.6,54.0,MEDIUM,MEDIUM
12.0,83.2,68.0,36.7,34.6,3.2,29.3,0.84,0.25,60.0,69.7,52.0,MEDIUM,HIGH
12.0,43.7,69.5,39.4,78.1,4.2,14.8,0.59,0.63,60.0,79.6,54.0,MEDIUM,MEDIUM
12.0,69.3,74.3,39.7,41.9,3.8,4.7,0.32,0.59,60.0,79.9,55.0,MEDIUM,MEDIUM
12.0,36.4,45.2,34.2,49.7,2.4,23.4,0.87,0.81,60.0,79.9,55.0,MEDIUM,HIGH
16.0,65.8,47.2,34.8,47.5,5.8,12.7,0.65,0.43,60.0,84.0,56.0,MEDIUM,HIGH
16.0,41.2,55.2,34.2,74.7,4.3,7.3,0.69,0.23,60.0,87.2,57.0,MEDIUM,MEDIUM
12.0,73.2,46.2,36.9,92.8,5.7,15.5,0.93,0.51,60.0,44.1,45.0,HIGH,HIGH
8.0,48.9,93.0,35.5,70.7,5.4,27.9,0.66,0.9,90.0,55.8,72.0,MEDIUM,HIGH
8.0,57.9,81.2,42.7,53.5,2.2,6.8,0.25,0.77,120.0,79.1,104.0,HIGH,MEDIUM
8.0,65.6,36.4,39.5,80.6,2.7,25.8,0.89,0.22,120.0,70.8,104.0,HIGH,MEDIUM
12.0,41.6,25.4,42.8,68.4,2.4,13.7,0.46,0.83,60.0,71.9,47.0,HIGH,MEDIUM
12.0,73.5,28.0,39.7,17.3,5.5,5.8,0.62,0.54,90.0,42.7,67.0,MEDIUM,HIGH
12.0,48.9,41.8,44.0,20.4,5.6,25.8,0.4,0.46,120.0,59.3,91.0,HIGH,HIGH
16.0,69.1,32.9,38.5,15.3,4.1,29.1,0.47,0.45,120.0,79.1,109.0,MEDIUM,HIGH
16.0,40.9,61.8,43.9,52.2,2.3,10.2,0.75,0.63,120.0,61.2,92.0,HIGH,HIGH
16.0,70.5,84.2,30.6,84.7,2.4,10.5,0.56,0.58,90.0,88.3,85.0,LOW,MEDIUM
12.0,39.2,75.8,28.9,39.6,5.4,12.9,0.71,0.67,60.0,84.5,56.0,LOW,HIGH
12.0,55.8,39.9,37.6,45.8,5.9,24.8,0.85,0.61,60.0,78.6,54.0,HIGH,HIGH
12.0,45.8,52.6,44.2,92.0,2.7,2.3,0.5,0.3,60.0,61.6,42.0,HIGH,LOW
8.0,73.9,60.0,34.9,85.6,1.8,8.3,0.66,0.39,60.0,82.2,55.0,MEDIUM,MEDIUM
8.0,46.7,80.9,31.5,70.5,3.3,21.8,0.82,0.81,120.0,78.4,108.0,MEDIUM,HIGH
12.0,81.4,82.9,36.6,35.5,1.9,13.4,0.77,0.68,60.0,76.7,54.0,HIGH,HIGH
12.0,81.9,87.8,38.7,22.3,5.4,11.2,0.64,0.52,120.0,28.3,81.0,HIGH,HIGH
16.0,43.0,60.1,33.2,13.4,4.0,26.4,0.53,0.33,90.0,81.0,82.0,LOW,HIGH
8.0,66.4,72.9,39.8,21.4,4.6,27.7,0.55,0.21,60.0,52.6,47.0,MEDIUM,HIGH
12.0,36.9,32.7,44.1,37.7,3.6,28.5,0.57,0.42,60.0,62.9,43.0,HIGH,HIGH
12.0,53.9,64.0,42.8,60.6,3.3,9.6,0.5,0.24,60.0,70.0,47.0,HIGH,MEDIUM
12.0,71.9,42.2,32.8,17.6,2.8,27.6,0.76,0.55,90.0,83.8,83.0,MEDIUM,HIGH
12.0,68.9,54.8,33.4,24.0,5.2,22.6,0.34,0.79,90.0,64.7,76.0,MEDIUM,HIGH
12.0,67.0,68.7,34.1,27.9,4.9,6.3,0.96,0.41,120.0,70.3,104.0,MEDIUM,HIGH
12.0,47.8,42.7,34.5,67.6,3.4,19.1,0.82,0.81,60.0,86.5,56.0,MEDIUM,HIGH
12.0,53.2,28.6,29.7,66.2,3.2,2.7,0.47,0.71,60.0,89.3,57.0,LOW,MEDIUM
8.0,37.8,25.7,40.6,60.5,1.8,21.8,0.28,0.29,60.0,81.4,54.0,MEDIUM,LOW
8.0,72.3,26.5,34.0,34.0,2.1,22.5,0.77,0.66,60.0,73.1,53.0,MEDIUM,HIGH
12.0,60.2,25.6,42.5,44.7,4.5,24.1,0.79,0.31,90.0,69.0,73.0,HIGH,HIGH
16.0,71.7,32.6,43.3,20.5,4.1,6.8,0.95,0.67,60.0,57.6,43.0,HIGH,HIGH
12.0,45.9,41.5,28.4,31.9,3.7,19.6,0.44,0.3,90.0,92.4,87.0,LOW,MEDIUM
12.0,50.2,40.3,44.3,91.0,5.4,7.0,0.31,0.48,60.0,56.9,41.0,HIGH,LOW
12.0,50.7,93.1,39.7,98.2,4.0,28.5,0.92,0.61,60.0,72.0,52.0,HIGH,HIGH
16.0,33.4,46.1,36.6,69.0,3.5,20.9,0.44,0.24,90.0,87.0,85.0,MEDIUM,MEDIUM
16.0,51.1,33.8,34.4,92.7,2.5,4.7,0.78,0.31,90.0,84.0,84.0,MEDIUM,MEDIUM
12.0,77.0,62.6,36.6,68.6,5.4,7.2,0.29,0.43,60.0,47.5,46.0,MEDIUM,MEDIUM
12.0,82.2,84.2,33.4,14.9,4.3,20.6,0.81,0.53,90.0,45.5,68.0,MEDIUM,HIGH
16.0,61.0,71.8,38.3,99.7,2.2,15.3,0.34,0.82,60.0,85.5,56.0,MEDIUM,LOW
12.0,57.5,45.4,29.5,20.7,4.7,22.6,0.76,0.33,90.0,86.0,84.0,LOW,HIGH
12.0,33.7,63.8,38.2,72.1,3.7,9.9,0.64,0.45,120.0,87.6,113.0,MEDIUM,MEDIUM
8.0,81.2,74.3,32.5,34.2,5.4,20.4,0.95,0.54,90.0,22.1,58.0,MEDIUM,HIGH
16.0,32.7,75.2,28.3,46.5,5.8,7.0,0.28,0.41,60.0,84.3,56.0,LOW,MEDIUM
16.0,84.9,71.0,37.1,68.8,4.4,17.2,0.46,0.65,90.0,56.9,73.0,MEDIUM,MEDIUM
8.0,59.4,85.1,37.5,50.4,5.0,28.8,0.3,0.38,90.0,68.5,77.0,MEDIUM,MEDIUM
12.0,51.1,85.0,35.0,34.0,2.0,19.6,0.89,0.76,60.0,82.8,55.0,MEDIUM,HIGH
12.0,83.8,64.9,29.2,41.4,4.3,3.4,0.68,0.56,90.0,47.3,69.0,LOW,HIGH
8.0,33.4,54.7,42.7,42.1,5.1,29.7,0.64,0.26,60.0,67.6,46.0,HIGH,HIGH
16.0,64.6,69.3,38.1,96.4,4.0,6.4,0.35,0.65,90.0,85.0,84.0,MEDIUM,LOW
8.0,62.7,81.5,29.9,82.3,4.4,22.1,0.61,0.61,60.0,64.6,50.0,LOW,MEDIUM
8.0,44.3,25.4,36.4,52.4,5.8,16.9,0.54,0.44,120.0,70.5,104.0,MEDIUM,MEDIUM
12.0,56.0,93.4,36.2,29.6,2.7,10.2,0.48,0.21,90.0,83.3,83.0,MEDIUM,HIGH
12.0,68.5,37.6,29.0,83.4,2.2,7.0,0.81,0.34,60.0,84.8,56.0,LOW,MEDIUM
8.0,72.7,57.4,38.0,25.8,4.8,7.0,0.29,0.49,60.0,47.0,46.0,MEDIUM,HIGH
12.0,32.0,85.2,41.3,30.5,5.4,26.0,0.72,0.34,60.0,83.1,53.0,HIGH,HIGH
12.0,84.5,40.5,40.4,44.2,5.5,26.4,0.85,0.62,60.0,18.0,37.0,HIGH,HIGH
8.0,41.2,57.9,31.3,89.5,4.6,15.0,0.91,0.71,60.0,74.7,53.0,MEDIUM,HIGH
8.0,45.1,34.1,42.2,23.6,5.5,4.9,0.79,0.82,60.0,55.5,44.0,HIGH,HIGH
12.0,46.8,52.3,33.7,22.8,4.9,26.8,0.46,0.67,60.0,90.4,57.0,LOW,HIGH
12.0,34.1,37.2,43.6,55.5,2.2,15.6,0.69,0.7,60.0,66.9,45.0,HIGH,HIGH
16.0,38.9,50.1,29.2,36.3,5.2,14.3,0.35,0.64,60.0,91.5,58.0,LOW,HIGH
16.0,87.2,50.8,36.0,62.0,2.6,13.4,0.34,0.91,90.0,80.1,82.0,MEDIUM,MEDIUM
16.0,49.7,93.5,37.9,51.7,2.8,12.2,0.72,0.39,60.0,82.1,55.0,MEDIUM,HIGH
12.0,38.5,93.6,32.1,50.3,3.5,16.7,0.87,0.39,60.0,78.4,54.0,MEDIUM,HIGH
16.0,38.0,32.9,40.7,21.9,3.2,18.9,0.3,0.29,60.0,84.2,54.0,MEDIUM,MEDIUM
12.0,72.3,75.1,38.3,24.4,3.2,15.1,0.33,0.55,90.0,81.1,82.0,MEDIUM,HIGH
12.0,79.9,28.6,28.3,84.3,2.5,27.1,0.66,0.27,60.0,83.1,55.0,LOW,MEDIUM
8.0,46.4,27.1,38.0,90.0,3.1,10.9,0.41,0.39,60.0,87.2,57.0,MEDIUM,LOW
8.0,33.2,32.3,36.1,32.7,1.9,18.2,0.7,0.55,60.0,83.3,55.0,MEDIUM,HIGH
12.0,44.5,91.6,31.2,22.0,3.9,10.4,0.41,0.89,60.0,78.1,54.0,LOW,HIGH
12.0,35.2,89.9,44.4,16.7,5.2,23.1,0.34,0.89,60.0,55.0,40.0,HIGH,HIGH
8.0,37.8,38.4,42.8,65.5,5.6,4.9,0.65,0.74,60.0,58.4,44.0,HIGH,HIGH
12.0,56.2,36.2,32.8,75.0,5.4,7.3,0.88,0.48,120.0,80.9,110.0,MEDIUM,HIGH
12.0,44.9,41.6,36.9,44.8,3.6,24.4,0.75,0.82,90.0,84.2,84.0,HIGH,HIGH
12.0,60.9,60.6,33.2,71.8,5.0,7.1,0.85,0.83,120.0,77.7,108.0,MEDIUM,HIGH
12.0,46.2,64.3,40.8,74.7,3.1,19.5,0.44,0.86,90.0,75.1,78.0,HIGH,MEDIUM
16.0,84.7,40.3,43.4,94.3,2.0,29.2,0.9,0.66,90.0,62.8,69.0,HIGH,HIGH
16.0,82.7,77.2,33.9,17.7,4.8,16.6,0.53,0.35,120.0,51.3,94.0,LOW,HIGH
12.0,63.7,46.4,41.3,28.9,4.7,7.2,0.87,0.27,60.0,75.7,51.0,HIGH,HIGH
12.0,51.8,88.6,36.2,18.0,5.3,11.0,0.59,0.86,90.0,77.2,81.0,MEDIUM,HIGH
12.0,53.3,70.3,34.5,88.4,4.5,25.1,0.45,0.24,60.0,87.8,57.0,LOW,LOW
16.0,55.1,55.1,43.5,81.7,2.5,11.8,0.44,0.41,90.0,67.7,71.0,HIGH,MEDIUM
12.0,72.7,79.5,36.4,62.6,5.6,22.3,0.66,0.55,60.0,47.4,46.0,MEDIUM,HIGH
8.0,57.3,81.4,35.7,19.4,4.6,23.8,0.31,0.22,90.0,73.1,79.0,LOW,MEDIUM
8.0,80.0,45.0,39.1,36.1,5.4,16.0,0.93,0.85,120.0,19.1,76.0,HIGH,HIGH
12.0,84.9,48.4,32.3,38.2,5.2,23.9,0.45,0.41,60.0,35.0,42.0,LOW,HIGH
12.0,50.8,89.6,33.4,61.3,3.1,10.9,0.5,0.22,90.0,85.6,84.0,LOW,MEDIUM
16.0,63.4,36.4,43.4,34.7,2.1,16.5,0.42,0.92,60.0,65.7,45.0,HIGH,HIGH
8.0,37.3,27.9,39.2,18.4,2.6,21.2,0.25,0.42,60.0,84.7,56.0,MEDIUM,HIGH
12.0,43.2,56.3,41.6,76.3,2.2,6.7,0.76,0.83,90.0,81.0,79.0,HIGH,HIGH
16.0,55.2,80.3,32.5,38.3,2.9,9.7,0.68,0.53,60.0,89.8,57.0,MEDIUM,HIGH
16.0,43.5,78.2,37.0,51.8,3.8,20.3,0.84,0.68,60.0,86.6,56.0,HIGH,HIGH
12.0,81.1,88.4,44.0,23.2,5.8,20.4,0.28,0.37,60.0,18.0,31.0,HIGH,MEDIUM
12.0,40.9,61.8,33.3,82.6,5.6,15.8,0.93,0.56,90.0,86.2,84.0,MEDIUM,HIGH
12.0,57.5,31.9,30.6,61.8,5.0,24.3,0.49,0.39,60.0,78.7,54.0,LOW,MEDIUM
16.0,65.9,65.6,36.4,91.3,1.9,15.5,0.92,0.88,120.0,80.8,110.0,HIGH,HIGH
8.0,70.7,78.7,34.4,55.6,3.3,26.7,0.33,0.24,90.0,76.6,81.0,LOW,MEDIUM
16.0,53.5,31.4,30.6,94.8,4.8,22.6,0.79,0.4,60.0,85.9,56.0,LOW,MEDIUM
12.0,80.7,36.9,42.7,90.5,2.4,10.8,0.67,0.84,60.0,71.3,47.0,HIGH,MEDIUM
12.0,63.8,25.8,44.3,62.7,5.3,13.1,0.51,0.55,120.0,47.3,84.0,HIGH,MEDIUM
8.0,56.6,66.0,37.4,94.2,5.8,20.7,0.31,0.63,90.0,53.0,71.0,MEDIUM,LOW
12.0,35.8,86.2,40.8,40.4,3.4,27.0,0.69,0.67,90.0,72.6,77.0,HIGH,HIGH
12.0,58.0,71.3,42.2,44.2,4.9,7.0,0.27,0.25,90.0,74.5,76.0,HIGH,MEDIUM
8.0,78.0,92.8,39.6,16.0,2.5,16.4,0.62,0.21,60.0,62.2,50.0,MEDIUM,HIGH
12.0,66.4,29.3,28.7,63.8,4.8,5.3,0.69,0.88,90.0,69.6,78.0,LOW,HIGH
16.0,78.6,87.3,30.6,75.5,1.9,9.8,0.78,0.4,90.0,81.0,82.0,LOW,MEDIUM
12.0,59.7,81.2,29.2,80.1,2.5,21.2,0.97,0.47,60.0,84.5,56.0,LOW,HIGH
12.0,38.6,46.7,28.2,25.2,4.9,4.2,0.44,0.69,120.0,83.5,111.0,LOW,HIGH
8.0,32.8,92.2,33.0,51.1,4.9,20.5,0.49,0.37,60.0,80.1,55.0,LOW,MEDIUM
12.0,49.0,44.9,34.5,27.6,4.6,27.2,0.5,0.73,60.0,89.7,57.0,MEDIUM,HIGH
8.0,71.1,86.4,32.0,70.3,3.9,29.1,0.78,0.53,60.0,60.4,49.0,MEDIUM,HIGH
12.0,76.3,85.8,29.1,25.9,4.8,8.1,0.93,0.82,90.0,51.5,70.0,MEDIUM,HIGH
16.0,48.6,77.3,36.7,91.6,5.2,23.0,0.96,0.4,60.0,88.1,57.0,MEDIUM,MEDIUM
12.0,59.8,63.9,32.5,32.3,6.1,27.9,0.94,0.35,60.0,66.3,51.0,MEDIUM,HIGH
8.0,55.6,33.3,41.1,37.6,5.7,4.6,0.89,0.8,120.0,45.6,89.0,HIGH,HIGH
12.0,55.0,61.7,28.1,86.9,5.3,13.6,0.97,0.43,60.0,77.0,54.0,LOW,HIGH
12.0,45.0,49.6,41.9,52.3,4.9,27.7,0.52,0.5,60.0,84.9,52.0,HIGH,MEDIUM
12.0,39.6,79.7,43.8,14.1,4.3,7.7,0.94,0.77,60.0,53.6,41.0,HIGH,HIGH
16.0,43.0,77.3,39.8,55.5,2.3,28.1,0.81,0.66,60.0,75.2,53.0,HIGH,HIGH
16.0,35.1,87.8,40.1,19.4,2.5,16.8,0.37,0.52,60.0,80.8,55.0,MEDIUM,HIGH
12.0,43.1,26.0,43.4,98.7,5.4,4.8,0.28,0.38,60.0,70.8,46.0,HIGH,LOW
12.0,32.5,80.8,31.4,63.8,5.3,14.6,0.41,0.75,60.0,86.2,56.0,LOW,MEDIUM
12.0,67.1,89.8,44.4,34.6,4.5,11.1,0.82,0.33,120.0,44.4,82.0,HIGH,HIGH
8.0,49.7,79.5,40.8,61.6,3.7,9.9,0.71,0.87,60.0,63.8,49.0,HIGH,HIGH
12.0,86.5,34.0,40.0,18.8,1.9,17.2,0.41,0.31,90.0,73.9,79.0,MEDIUM,HIGH
12.0,42.8,30.6,34.0,82.4,3.2,15.5,0.79,0.78,60.0,87.5,57.0,MEDIUM,HIGH
12.0,51.4,26.4,37.0,93.4,3.7,15.5,0.35,0.51,60.0,89.2,57.0,MEDIUM,LOW
12.0,52.0,68.4,38.8,89.0,3.9,4.5,0.85,0.33,60.0,78.9,54.0,HIGH,MEDIUM
8.0,32.5,68.4,38.2,42.1,5.9,24.5,0.83,0.49,60.0,79.3,54.0,HIGH,HIGH
12.0,79.0,93.1,39.6,40.7,2.3,15.5,0.96,0.36,90.0,70.4,78.0,HIGH,HIGH
8.0,33.8,52.5,29.4,15.1,4.1,25.0,0.36,0.3,60.0,89.1,57.0,LOW,HIGH
8.0,84.7,47.9,33.9,69.3,3.4,25.1,0.91,0.37,120.0,49.3,93.0,MEDIUM,HIGH
16.0,82.0,68.1,35.2,59.1,6.2,10.9,0.5,0.82,90.0,33.3,63.0,MEDIUM,HIGH
8.0,62.0,82.0,32.3,52.4,5.6,2.1,0.55,0.28,60.0,48.3,46.0,LOW,MEDIUM
12.0,62.4,89.6,30.8,91.9,3.7,27.5,0.59,0.9,60.0,82.3,55.0,LOW,MEDIUM
8.0,68.6,80.4,30.3,26.8,6.2,23.3,0.71,0.2,60.0,27.7,40.0,LOW,HIGH
16.0,53.7,54.4,34.0,12.9,4.1,5.0,0.98,0.67,60.0,75.6,53.0,MEDIUM,HIGH
12.0,68.2,68.8,36.1,18.5,2.5,21.6,0.69,0.82,90.0,84.9,84.0,MEDIUM,HIGH
8.0,34.5,84.1,29.0,31.7,4.2,2.6,0.93,0.87,120.0,83.5,111.0,MEDIUM,HIGH
12.0,35.0,58.9,43.6,14.9,2.8,2.8,0.44,0.3,60.0,64.5,44.0,HIGH,HIGH
12.0,57.6,40.0,40.6,56.3,4.6,16.7,0.54,0.7,60.0,73.8,52.0,HIGH,HIGH
16.0,62.8,36.7,40.1,39.6,5.9,4.7,0.62,0.28,60.0,73.1,53.0,MEDIUM,HIGH
8.0,81.7,25.0,30.9,27.9,5.3,29.0,0.49,0.45,90.0,27.1,60.0,LOW,HIGH
16.0,37.9,74.6,38.0,78.0,3.0,27.0,0.96,0.73,60.0,81.0,55.0,HIGH,HIGH
16.0,78.1,32.7,36.7,30.0,3.1,20.2,0.78,0.45,120.0,77.8,108.0,MEDIUM,HIGH
16.0,43.8,41.8,44.2,72.5,2.1,3.8,0.6,0.43,90.0,60.5,66.0,HIGH,MEDIUM
12.0,54.1,45.6,40.3,42.7,3.1,11.1,0.8,0.28,120.0,76.4,107.0,HIGH,HIGH
12.0,49.7,63.7,37.5,57.0,2.2,12.4,0.59,0.25,60.0,89.3,57.0,MEDIUM,MEDIUM
12.0,54.4,52.5,42.0,94.2,4.0,15.5,0.26,0.28,90.0,85.6,80.0,HIGH,LOW
12.0,40.4,71.6,30.6,15.3,4.9,6.7,0.65,0.83,90.0,81.6,83.0,LOW,HIGH
12.0,60.2,28.8,28.3,56.0,5.1,18.2,0.71,0.21,90.0,80.6,82.0,LOW,MEDIUM
12.0,76.9,33.6,39.4,87.2,2.1,14.2,0.97,0.7,60.0,76.6,54.0,HIGH,HIGH
12.0,56.7,59.4,29.6,63.7,3.3,28.5,0.28,0.75,120.0,89.1,114.0,LOW,MEDIUM
12.0,59.5,48.3,29.9,36.4,3.1,28.2,0.62,0.61,120.0,87.4,113.0,LOW,HIGH
16.0,79.5,45.4,40.3,47.0,2.3,17.8,0.32,0.73,60.0,77.8,53.0,MEDIUM,MEDIUM
8.0,71.5,29.6,32.5,71.9,3.4,20.0,0.36,0.67,90.0,72.8,79.0,LOW,MEDIUM
16.0,59.5,86.8,38.4,90.4,3.1,5.9,0.7,0.53,60.0,86.3,56.0,MEDIUM,MEDIUM
12.0,46.4,72.7,43.1,15.6,4.6,8.3,0.42,0.48,120.0,67.8,97.0,HIGH,HIGH
16.0,81.6,33.4,33.2,18.3,5.7,27.2,0.8,0.88,90.0,39.8,66.0,MEDIUM,HIGH
12.0,64.3,29.5,31.6,40.6,3.8,21.6,0.63,0.9,60.0,82.1,55.0,MEDIUM,HIGH
12.0,44.4,92.3,29.8,32.5,5.1,7.3,0.41,0.67,60.0,82.4,55.0,LOW,HIGH
16.0,47.1,72.0,30.2,35.3,2.4,18.0,0.61,0.34,60.0,87.8,57.0,LOW,HIGH
12.0,77.0,53.8,29.0,31.5,5.7,28.2,0.25,0.52,60.0,42.5,44.0,LOW,MEDIUM
16.0,34.5,73.4,29.4,29.2,2.5,11.7,0.88,0.56,60.0,82.1,55.0,MEDIUM,HIGH
12.0,87.6,77.2,35.1,23.5,2.6,7.2,0.26,0.75,90.0,71.2,78.0,MEDIUM,HIGH
12.0,39.3,78.8,33.3,94.2,2.3,28.4,0.26,0.68,90.0,91.3,86.0,LOW,LOW
12.0,76.6,58.0,39.7,24.7,3.2,14.9,0.7,0.57,60.0,74.2,53.0,HIGH,HIGH
12.0,54.1,54.7,42.4,30.0,4.2,13.7,0.96,0.69,90.0,72.9,75.0,HIGH,HIGH
12.0,59.6,25.8,40.9,33.7,6.1,9.5,0.87,0.22,60.0,58.5,47.0,HIGH,HIGH
8.0,81.3,88.9,36.8,94.1,5.3,27.0,0.43,0.76,60.0,23.1,39.0,MEDIUM,MEDIUM
12.0,55.1,66.6,29.7,78.5,3.5,25.7,0.39,0.35,90.0,90.5,86.0,LOW,LOW
8.0,62.1,39.0,39.7,81.5,4.3,13.3,0.71,0.67,60.0,57.2,48.0,HIGH,MEDIUM
16.0,34.8,88.5,34.0,21.2,4.5,2.9,0.85,0.28,60.0,82.9,55.0,MEDIUM,HIGH
16.0,32.1,88.1,29.4,85.6,5.4,14.5,0.51,0.28,60.0,88.0,57.0,LOW,LOW
12.0,45.7,93.3,41.9,47.9,5.0,7.1,0.57,0.23,90.0,77.4,77.0,HIGH,MEDIUM
12.0,70.1,85.3,33.6,35.1,4.3,6.0,0.33,0.86,90.0,76.9,81.0,LOW,HIGH
12.0,38.8,93.8,31.6,62.7,4.7,13.0,0.36,0.64,60.0,83.3,55.0,LOW,MEDIUM
12.0,38.4,41.9,42.4,84.4,5.1,4.8,0.66,0.46,60.0,76.8,49.0,HIGH,MEDIUM
16.0,55.0,83.1,42.9,80.5,2.4,28.8,0.32,0.77,90.0,76.6,75.0,HIGH,MEDIUM
16.0,68.3,81.8,33.6,90.3,2.7,3.3,0.4,0.65,60.0,90.3,57.0,LOW,MEDIUM
12.0,71.9,40.9,33.9,93.7,4.8,13.2,0.42,0.65,60.0,65.3,51.0,MEDIUM,MEDIUM
12.0,42.0,31.8,37.6,33.0,5.5,6.6,0.57,0.55,60.0,88.2,57.0,MEDIUM,HIGH
12.0,36.5,92.6,40.1,49.3,3.6,21.3,0.28,0.21,120.0,78.9,108.0,MEDIUM,MEDIUM
16.0,84.7,45.4,29.0,13.3,6.1,4.2,0.61,0.39,90.0,23.4,59.0,LOW,HIGH
8.0,46.6,85.1,37.8,89.4,2.8,17.3,0.93,0.28,90.0,86.7,85.0,HIGH,MEDIUM
12.0,79.8,25.3,43.7,25.6,3.6,23.6,0.27,0.68,90.0,48.1,62.0,HIGH,HIGH
12.0,80.4,26.5,32.3,87.8,3.5,28.6,0.71,0.38,90.0,70.9,78.0,MEDIUM,MEDIUM
12.0,75.3,57.1,43.0,41.0,5.9,21.6,0.86,0.52,60.0,24.9,34.0,HIGH,HIGH
8.0,41.5,41.5,43.7,44.4,3.1,4.8,0.48,0.45,90.0,66.8,70.0,HIGH,HIGH
16.0,78.0,72.6,32.4,15.4,3.9,4.5,0.35,0.3,60.0,76.7,54.0,LOW,HIGH
8.0,75.1,64.0,40.4,40.8,2.6,22.5,0.28,0.89,90.0,73.5,78.0,HIGH,HIGH
12.0,65.4,30.3,31.9,90.2,4.1,8.0,0.72,0.87,60.0,74.6,53.0,MEDIUM,HIGH
8.0,50.9,36.2,40.2,14.2,5.6,14.5,0.65,0.26,60.0,50.0,46.0,MEDIUM,HIGH
12.0,46.7,51.8,41.2,47.8,3.1,29.3,0.42,0.8,90.0,87.4,83.0,HIGH,HIGH
12.0,38.8,37.8,32.1,14.8,5.4,25.0,0.86,0.55,60.0,83.6,56.0,MEDIUM,HIGH
12.0,60.5,79.7,39.8,44.6,5.8,25.7,0.79,0.76,60.0,64.6,50.0,HIGH,HIGH
8.0,64.8,53.7,41.4,27.2,2.1,26.1,0.45,0.31,60.0,82.0,53.0,MEDIUM,HIGH
8.0,52.1,31.4,33.9,34.2,5.1,19.3,0.8,0.3,90.0,68.5,77.0,MEDIUM,HIGH
12.0,58.6,58.4,30.8,89.2,2.9,22.8,0.43,0.84,60.0,87.1,57.0,LOW,MEDIUM
12.0,52.4,31.3,29.5,50.4,2.6,12.1,0.74,0.85,60.0,90.1,57.0,LOW,HIGH
16.0,67.9,33.9,37.5,36.1,4.4,30.0,0.34,0.54,90.0,88.0,85.0,MEDIUM,MEDIUM
8.0,82.5,41.5,44.1,63.9,4.9,9.8,0.76,0.83,60.0,18.0,30.0,HIGH,HIGH
12.0,41.2,84.3,41.6,24.5,3.5,18.5,0.42,0.68,90.0,81.3,80.0,HIGH,HIGH
8.0,53.4,88.8,35.2,34.8,2.0,9.9,0.67,0.33,60.0,79.5,54.0,MEDIUM,HIGH
8.0,39.9,82.0,36.9,60.1,5.8,5.1,0.38,0.44,120.0,75.1,107.0,MEDIUM,MEDIUM
12.0,67.0,48.1,32.6,32.9,5.0,17.9,0.78,0.3,90.0,72.1,79.0,MEDIUM,HIGH
12.0,72.8,43.8,30.7,71.8,3.0,11.9,0.29,0.76,60.0,83.4,56.0,LOW,MEDIUM
8.0,84.2,62.9,36.0,55.3,4.0,18.3,0.37,0.91,120.0,38.1,87.0,MEDIUM,HIGH
8.0,47.6,74.8,35.6,79.9,1.9,17.6,0.38,0.59,90.0,85.7,84.0,MEDIUM,MEDIUM
8.0,85.2,93.5,36.6,95.4,3.3,17.2,0.28,0.67,120.0,51.1,94.0,MEDIUM,LOW
16.0,35.5,34.1,43.7,22.2,4.1,5.5,0.79,0.74,60.0,66.4,44.0,HIGH,HIGH
16.0,65.8,28.4,38.0,41.5,4.1,14.3,0.97,0.36,60.0,84.7,56.0,HIGH,HIGH
8.0,35.2,72.9,38.0,40.1,2.7,24.7,0.82,0.44,90.0,88.1,85.0,HIGH,HIGH
8.0,82.1,82.4,30.1,25.3,5.2,10.8,0.88,0.5,60.0,22.1,39.0,LOW,HIGH
16.0,61.7,83.4,44.4,83.3,3.1,14.4,0.25,0.63,120.0,62.3,92.0,HIGH,LOW
16.0,69.5,71.8,40.8,78.9,4.4,15.8,0.34,0.81,90.0,72.7,78.0,MEDIUM,MEDIUM
12.0,78.6,90.8,42.5,54.6,3.0,26.2,0.66,0.38,90.0,67.9,73.0,HIGH,HIGH
8.0,40.4,60.3,34.8,59.3,3.7,20.4,0.96,0.54,120.0,82.0,110.0,MEDIUM,HIGH
8.0,34.2,88.1,36.3,17.2,2.7,4.8,0.73,0.74,120.0,84.3,112.0,MEDIUM,HIGH
12.0,81.2,91.8,36.6,60.9,4.6,26.2,0.52,0.26,60.0,47.1,46.0,MEDIUM,MEDIUM
12.0,49.6,83.5,31.2,81.6,3.7,25.3,0.36,0.57,90.0,86.5,85.0,LOW,MEDIUM
8.0,39.2,46.4,39.4,62.5,1.9,23.1,0.36,0.3,90.0,83.2,83.0,MEDIUM,MEDIUM
12.0,58.2,38.5,42.9,35.3,1.9,15.0,0.51,0.59,60.0,70.8,47.0,HIGH,HIGH
8.0,65.5,62.8,30.7,70.7,3.9,23.2,0.77,0.75,120.0,67.3,102.0,LOW,HIGH
12.0,33.7,56.3,29.4,43.8,2.6,15.4,0.27,0.37,120.0,89.3,114.0,LOW,MEDIUM
12.0,47.4,85.6,40.2,59.9,4.4,22.6,0.87,0.81,90.0,73.4,79.0,HIGH,HIGH
8.0,33.8,31.9,32.5,54.9,3.6,26.6,0.94,0.44,60.0,86.6,56.0,MEDIUM,HIGH
12.0,55.5,42.8,38.3,45.5,4.7,26.9,0.9,0.34,90.0,73.7,79.0,HIGH,HIGH
12.0,82.1,76.9,39.5,75.3,6.0,14.7,0.92,0.54,90.0,18.0,57.0,HIGH,HIGH
16.0,87.0,31.6,33.3,89.8,4.1,26.1,0.26,0.83,60.0,52.4,47.0,LOW,LOW
12.0,67.7,47.1,41.4,12.5,5.3,4.8,0.96,0.25,60.0,51.8,44.0,HIGH,HIGH
12.0,41.1,51.7,37.1,94.2,5.1,4.9,0.52,0.44,60.0,88.7,57.0,MEDIUM,LOW
12.0,82.7,68.0,42.3,57.0,5.9,17.4,0.88,0.67,90.0,18.0,53.0,HIGH,HIGH
12.0,60.9,35.9,40.6,73.7,2.7,20.3,0.39,0.46,90.0,79.5,81.0,MEDIUM,MEDIUM
16.0,40.6,84.4,42.3,87.3,5.4,6.3,0.58,0.25,60.0,80.7,51.0,HIGH,LOW
12.0,83.6,55.9,28.3,53.1,5.8,15.2,0.28,0.44,90.0,29.0,61.0,LOW,MEDIUM
12.0,74.4,88.3,32.0,85.5,3.5,4.6,0.28,0.79,60.0,82.9,55.0,LOW,MEDIUM
8.0,73.0,57.3,29.5,27.6,3.2,18.9,0.94,0.9,90.0,67.4,77.0,MEDIUM,HIGH
12.0,71.7,44.0,35.3,26.0,6.0,25.9,0.84,0.23,90.0,43.0,67.0,MEDIUM,HIGH
16.0,43.2,34.8,42.7,69.9,4.6,22.7,0.64,0.61,90.0,77.0,76.0,HIGH,HIGH
16.0,43.8,25.3,35.7,88.6,3.5,12.6,0.63,0.28,90.0,88.7,85.0,MEDIUM,MEDIUM
8.0,70.5,61.7,42.0,90.5,5.3,29.8,0.8,0.69,60.0,33.6,38.0,HIGH,HIGH
8.0,44.3,32.4,33.4,68.6,3.1,20.6,0.5,0.21,60.0,89.1,57.0,LOW,MEDIUM
16.0,56.6,52.0,33.6,58.2,2.6,24.8,0.81,0.21,90.0,87.6,85.0,MEDIUM,HIGH
16.0,75.8,65.7,42.8,41.2,4.2,20.8,0.6,0.76,90.0,67.3,72.0,HIGH,HIGH
8.0,75.9,44.0,35.0,98.2,4.3,29.7,0.72,0.25,60.0,49.4,46.0,MEDIUM,MEDIUM
12.0,57.4,37.1,41.0,40.1,5.4,25.0,0.95,0.42,60.0,82.1,53.0,HIGH,HIGH
12.0,76.4,78.5,31.9,77.5,3.8,16.5,0.59,0.89,60.0,73.7,53.0,MEDIUM,HIGH
16.0,79.0,90.3,43.7,58.8,5.4,12.3,0.56,0.91,60.0,23.5,33.0,HIGH,HIGH
8.0,68.7,31.9,37.5,65.5,3.2,21.1,0.91,0.32,60.0,76.8,54.0,HIGH,HIGH
8.0,44.8,35.7,40.5,46.6,4.3,18.5,0.91,0.6,60.0,65.4,50.0,HIGH,HIGH
12.0,47.3,91.2,29.5,96.9,2.7,19.6,0.97,0.6,90.0,74.0,79.0,MEDIUM,HIGH
8.0,49.6,27.6,36.1,62.3,3.5,11.6,0.65,0.53,60.0,83.1,55.0,MEDIUM,HIGH
12.0,38.5,92.5,42.9,94.5,5.6,14.0,0.5,0.87,120.0,67.7,97.0,HIGH,MEDIUM
12.0,47.3,25.3,42.5,12.7,2.8,17.6,0.43,0.74,60.0,71.1,48.0,HIGH,HIGH
12.0,43.7,85.3,28.8,62.4,5.4,25.5,0.27,0.75,60.0,89.1,57.0,LOW,MEDIUM
12.0,57.5,46.2,33.0,75.1,3.0,23.4,0.78,0.39,60.0,88.2,57.0,MEDIUM,MEDIUM
12.0,82.9,89.8,35.3,77.6,2.0,5.3,0.42,0.51,90.0,76.7,81.0,MEDIUM,MEDIUM
8.0,37.9,46.9,30.8,91.6,2.3,8.9,0.69,0.55,90.0,86.7,85.0,LOW,MEDIUM
